pool=50000 população=177490 classes=714 | semente de treino=7 (dados fixos em 42)
avaliação: 177490 instâncias (712 classes na amostra)

=== braço E: prefixo 15000 da trajetória de entropia do E6 (SGD), gold · n=15000 classes=644 ===
Warning: You are sending unauthenticated requests to the HF Hub. Please set a HF_TOKEN to enable higher rate limits and faster downloads.

Loading weights:   0%|          | 0/199 [00:00<?, ?it/s]
Loading weights:   1%|          | 1/199 [00:00<00:00, 10155.70it/s, Materializing param=bert.embeddings.LayerNorm.bias]
Loading weights:   1%|          | 1/199 [00:00<00:00, 3721.65it/s, Materializing param=bert.embeddings.LayerNorm.bias] 
Loading weights:   1%|          | 2/199 [00:00<00:00, 3019.66it/s, Materializing param=bert.embeddings.LayerNorm.weight]
Loading weights:   1%|          | 2/199 [00:00<00:00, 2554.39it/s, Materializing param=bert.embeddings.LayerNorm.weight]
Loading weights:   2%|▏         | 3/199 [00:00<00:00, 1437.06it/s, Materializing param=bert.embeddings.position_embeddings.weight]
Loading weights:   2%|▏         | 3/199 [00:00<00:00, 1350.97it/s, Materializing param=bert.embeddings.position_embeddings.weight]
Loading weights:   2%|▏         | 4/199 [00:00<00:00, 1366.11it/s, Materializing param=bert.embeddings.token_type_embeddings.weight]
Loading weights:   2%|▏         | 4/199 [00:00<00:00, 1162.42it/s, Materializing param=bert.embeddings.token_type_embeddings.weight]
Loading weights:   3%|▎         | 5/199 [00:00<00:00, 921.22it/s, Materializing param=bert.embeddings.word_embeddings.weight]       
Loading weights:   3%|▎         | 5/199 [00:00<00:00, 898.48it/s, Materializing param=bert.embeddings.word_embeddings.weight]
Loading weights:   3%|▎         | 6/199 [00:00<00:00, 883.48it/s, Materializing param=bert.encoder.layer.0.attention.output.LayerNorm.bias]
Loading weights:   3%|▎         | 6/199 [00:00<00:00, 867.73it/s, Materializing param=bert.encoder.layer.0.attention.output.LayerNorm.bias]
Loading weights:   4%|▎         | 7/199 [00:00<00:00, 978.54it/s, Materializing param=bert.encoder.layer.0.attention.output.LayerNorm.weight]
Loading weights:   4%|▎         | 7/199 [00:00<00:00, 952.91it/s, Materializing param=bert.encoder.layer.0.attention.output.LayerNorm.weight]
Loading weights:   4%|▍         | 8/199 [00:00<00:00, 1053.81it/s, Materializing param=bert.encoder.layer.0.attention.output.dense.bias]     
Loading weights:   4%|▍         | 8/199 [00:00<00:00, 1030.70it/s, Materializing param=bert.encoder.layer.0.attention.output.dense.bias]
Loading weights:   5%|▍         | 9/199 [00:00<00:00, 1116.60it/s, Materializing param=bert.encoder.layer.0.attention.output.dense.weight]
Loading weights:   5%|▍         | 9/199 [00:00<00:00, 1098.37it/s, Materializing param=bert.encoder.layer.0.attention.output.dense.weight]
Loading weights:   5%|▌         | 10/199 [00:00<00:00, 1184.30it/s, Materializing param=bert.encoder.layer.0.attention.self.key.bias]     
Loading weights:   5%|▌         | 10/199 [00:00<00:00, 1167.39it/s, Materializing param=bert.encoder.layer.0.attention.self.key.bias]
Loading weights:   6%|▌         | 11/199 [00:00<00:00, 1249.86it/s, Materializing param=bert.encoder.layer.0.attention.self.key.weight]
Loading weights:   6%|▌         | 11/199 [00:00<00:00, 1233.88it/s, Materializing param=bert.encoder.layer.0.attention.self.key.weight]
Loading weights:   6%|▌         | 12/199 [00:00<00:00, 1304.30it/s, Materializing param=bert.encoder.layer.0.attention.self.query.bias]
Loading weights:   6%|▌         | 12/199 [00:00<00:00, 1283.94it/s, Materializing param=bert.encoder.layer.0.attention.self.query.bias]
Loading weights:   7%|▋         | 13/199 [00:00<00:00, 1355.63it/s, Materializing param=bert.encoder.layer.0.attention.self.query.weight]
Loading weights:   7%|▋         | 13/199 [00:00<00:00, 1337.96it/s, Materializing param=bert.encoder.layer.0.attention.self.query.weight]
Loading weights:   7%|▋         | 14/199 [00:00<00:00, 1406.00it/s, Materializing param=bert.encoder.layer.0.attention.self.value.bias]  
Loading weights:   7%|▋         | 14/199 [00:00<00:00, 1389.20it/s, Materializing param=bert.encoder.layer.0.attention.self.value.bias]
Loading weights:   8%|▊         | 15/199 [00:00<00:00, 1450.88it/s, Materializing param=bert.encoder.layer.0.attention.self.value.weight]
Loading weights:   8%|▊         | 15/199 [00:00<00:00, 1432.29it/s, Materializing param=bert.encoder.layer.0.attention.self.value.weight]
Loading weights:   8%|▊         | 16/199 [00:00<00:00, 1494.60it/s, Materializing param=bert.encoder.layer.0.intermediate.dense.bias]    
Loading weights:   8%|▊         | 16/199 [00:00<00:00, 1476.25it/s, Materializing param=bert.encoder.layer.0.intermediate.dense.bias]
Loading weights:   9%|▊         | 17/199 [00:00<00:00, 1536.04it/s, Materializing param=bert.encoder.layer.0.intermediate.dense.weight]
Loading weights:   9%|▊         | 17/199 [00:00<00:00, 1516.93it/s, Materializing param=bert.encoder.layer.0.intermediate.dense.weight]
Loading weights:   9%|▉         | 18/199 [00:00<00:00, 1569.04it/s, Materializing param=bert.encoder.layer.0.output.LayerNorm.bias]    
Loading weights:   9%|▉         | 18/199 [00:00<00:00, 1553.03it/s, Materializing param=bert.encoder.layer.0.output.LayerNorm.bias]
Loading weights:  10%|▉         | 19/199 [00:00<00:00, 1606.69it/s, Materializing param=bert.encoder.layer.0.output.LayerNorm.weight]
Loading weights:  10%|▉         | 19/199 [00:00<00:00, 1588.75it/s, Materializing param=bert.encoder.layer.0.output.LayerNorm.weight]
Loading weights:  10%|█         | 20/199 [00:00<00:00, 1640.26it/s, Materializing param=bert.encoder.layer.0.output.dense.bias]      
Loading weights:  10%|█         | 20/199 [00:00<00:00, 1619.20it/s, Materializing param=bert.encoder.layer.0.output.dense.bias]
Loading weights:  11%|█         | 21/199 [00:00<00:00, 1665.63it/s, Materializing param=bert.encoder.layer.0.output.dense.weight]
Loading weights:  11%|█         | 21/199 [00:00<00:00, 1651.64it/s, Materializing param=bert.encoder.layer.0.output.dense.weight]
Loading weights:  11%|█         | 22/199 [00:00<00:00, 1700.67it/s, Materializing param=bert.encoder.layer.1.attention.output.LayerNorm.bias]
Loading weights:  11%|█         | 22/199 [00:00<00:00, 1686.74it/s, Materializing param=bert.encoder.layer.1.attention.output.LayerNorm.bias]
Loading weights:  12%|█▏        | 23/199 [00:00<00:00, 1734.62it/s, Materializing param=bert.encoder.layer.1.attention.output.LayerNorm.weight]
Loading weights:  12%|█▏        | 23/199 [00:00<00:00, 1716.68it/s, Materializing param=bert.encoder.layer.1.attention.output.LayerNorm.weight]
Loading weights:  12%|█▏        | 24/199 [00:00<00:00, 1762.00it/s, Materializing param=bert.encoder.layer.1.attention.output.dense.bias]      
Loading weights:  12%|█▏        | 24/199 [00:00<00:00, 1747.23it/s, Materializing param=bert.encoder.layer.1.attention.output.dense.bias]
Loading weights:  13%|█▎        | 25/199 [00:00<00:00, 1793.36it/s, Materializing param=bert.encoder.layer.1.attention.output.dense.weight]
Loading weights:  13%|█▎        | 25/199 [00:00<00:00, 1778.39it/s, Materializing param=bert.encoder.layer.1.attention.output.dense.weight]
Loading weights:  13%|█▎        | 26/199 [00:00<00:00, 1824.43it/s, Materializing param=bert.encoder.layer.1.attention.self.key.bias]      
Loading weights:  13%|█▎        | 26/199 [00:00<00:00, 1809.63it/s, Materializing param=bert.encoder.layer.1.attention.self.key.bias]
Loading weights:  14%|█▎        | 27/199 [00:00<00:00, 1844.37it/s, Materializing param=bert.encoder.layer.1.attention.self.key.weight]
Loading weights:  14%|█▎        | 27/199 [00:00<00:00, 1830.57it/s, Materializing param=bert.encoder.layer.1.attention.self.key.weight]
Loading weights:  14%|█▍        | 28/199 [00:00<00:00, 1871.17it/s, Materializing param=bert.encoder.layer.1.attention.self.query.bias]
Loading weights:  14%|█▍        | 28/199 [00:00<00:00, 1856.71it/s, Materializing param=bert.encoder.layer.1.attention.self.query.bias]
Loading weights:  15%|█▍        | 29/199 [00:00<00:00, 1889.83it/s, Materializing param=bert.encoder.layer.1.attention.self.query.weight]
Loading weights:  15%|█▍        | 29/199 [00:00<00:00, 1874.04it/s, Materializing param=bert.encoder.layer.1.attention.self.query.weight]
Loading weights:  15%|█▌        | 30/199 [00:00<00:00, 1908.27it/s, Materializing param=bert.encoder.layer.1.attention.self.value.bias]  
Loading weights:  15%|█▌        | 30/199 [00:00<00:00, 1894.33it/s, Materializing param=bert.encoder.layer.1.attention.self.value.bias]
Loading weights:  16%|█▌        | 31/199 [00:00<00:00, 1932.11it/s, Materializing param=bert.encoder.layer.1.attention.self.value.weight]
Loading weights:  16%|█▌        | 31/199 [00:00<00:00, 1918.77it/s, Materializing param=bert.encoder.layer.1.attention.self.value.weight]
Loading weights:  16%|█▌        | 32/199 [00:00<00:00, 1952.12it/s, Materializing param=bert.encoder.layer.1.intermediate.dense.bias]    
Loading weights:  16%|█▌        | 32/199 [00:00<00:00, 1938.19it/s, Materializing param=bert.encoder.layer.1.intermediate.dense.bias]
Loading weights:  17%|█▋        | 33/199 [00:00<00:00, 1973.71it/s, Materializing param=bert.encoder.layer.1.intermediate.dense.weight]
Loading weights:  17%|█▋        | 33/199 [00:00<00:00, 1960.93it/s, Materializing param=bert.encoder.layer.1.intermediate.dense.weight]
Loading weights:  17%|█▋        | 34/199 [00:00<00:00, 1995.19it/s, Materializing param=bert.encoder.layer.1.output.LayerNorm.bias]    
Loading weights:  17%|█▋        | 34/199 [00:00<00:00, 1982.96it/s, Materializing param=bert.encoder.layer.1.output.LayerNorm.bias]
Loading weights:  18%|█▊        | 35/199 [00:00<00:00, 2014.20it/s, Materializing param=bert.encoder.layer.1.output.LayerNorm.weight]
Loading weights:  18%|█▊        | 35/199 [00:00<00:00, 1999.06it/s, Materializing param=bert.encoder.layer.1.output.LayerNorm.weight]
Loading weights:  18%|█▊        | 36/199 [00:00<00:00, 2032.15it/s, Materializing param=bert.encoder.layer.1.output.dense.bias]      
Loading weights:  18%|█▊        | 36/199 [00:00<00:00, 2020.13it/s, Materializing param=bert.encoder.layer.1.output.dense.bias]
Loading weights:  19%|█▊        | 37/199 [00:00<00:00, 2050.79it/s, Materializing param=bert.encoder.layer.1.output.dense.weight]
Loading weights:  19%|█▊        | 37/199 [00:00<00:00, 2039.01it/s, Materializing param=bert.encoder.layer.1.output.dense.weight]
Loading weights:  19%|█▉        | 38/199 [00:00<00:00, 2068.33it/s, Materializing param=bert.encoder.layer.2.attention.output.LayerNorm.bias]
Loading weights:  19%|█▉        | 38/199 [00:00<00:00, 2054.04it/s, Materializing param=bert.encoder.layer.2.attention.output.LayerNorm.bias]
Loading weights:  20%|█▉        | 39/199 [00:00<00:00, 2083.18it/s, Materializing param=bert.encoder.layer.2.attention.output.LayerNorm.weight]
Loading weights:  20%|█▉        | 39/199 [00:00<00:00, 2071.18it/s, Materializing param=bert.encoder.layer.2.attention.output.LayerNorm.weight]
Loading weights:  20%|██        | 40/199 [00:00<00:00, 2101.64it/s, Materializing param=bert.encoder.layer.2.attention.output.dense.bias]      
Loading weights:  20%|██        | 40/199 [00:00<00:00, 2090.25it/s, Materializing param=bert.encoder.layer.2.attention.output.dense.bias]
Loading weights:  21%|██        | 41/199 [00:00<00:00, 2118.78it/s, Materializing param=bert.encoder.layer.2.attention.output.dense.weight]
Loading weights:  21%|██        | 41/199 [00:00<00:00, 2106.04it/s, Materializing param=bert.encoder.layer.2.attention.output.dense.weight]
Loading weights:  21%|██        | 42/199 [00:00<00:00, 2135.46it/s, Materializing param=bert.encoder.layer.2.attention.self.key.bias]      
Loading weights:  21%|██        | 42/199 [00:00<00:00, 2122.57it/s, Materializing param=bert.encoder.layer.2.attention.self.key.bias]
Loading weights:  22%|██▏       | 43/199 [00:00<00:00, 2154.50it/s, Materializing param=bert.encoder.layer.2.attention.self.key.weight]
Loading weights:  22%|██▏       | 43/199 [00:00<00:00, 2141.15it/s, Materializing param=bert.encoder.layer.2.attention.self.key.weight]
Loading weights:  22%|██▏       | 44/199 [00:00<00:00, 2165.36it/s, Materializing param=bert.encoder.layer.2.attention.self.query.bias]
Loading weights:  22%|██▏       | 44/199 [00:00<00:00, 2148.95it/s, Materializing param=bert.encoder.layer.2.attention.self.query.bias]
Loading weights:  23%|██▎       | 45/199 [00:00<00:00, 2168.45it/s, Materializing param=bert.encoder.layer.2.attention.self.query.weight]
Loading weights:  23%|██▎       | 45/199 [00:00<00:00, 2155.86it/s, Materializing param=bert.encoder.layer.2.attention.self.query.weight]
Loading weights:  23%|██▎       | 46/199 [00:00<00:00, 2179.89it/s, Materializing param=bert.encoder.layer.2.attention.self.value.bias]  
Loading weights:  23%|██▎       | 46/199 [00:00<00:00, 2166.02it/s, Materializing param=bert.encoder.layer.2.attention.self.value.bias]
Loading weights:  24%|██▎       | 47/199 [00:00<00:00, 2182.84it/s, Materializing param=bert.encoder.layer.2.attention.self.value.weight]
Loading weights:  24%|██▎       | 47/199 [00:00<00:00, 2170.13it/s, Materializing param=bert.encoder.layer.2.attention.self.value.weight]
Loading weights:  24%|██▍       | 48/199 [00:00<00:00, 2188.90it/s, Materializing param=bert.encoder.layer.2.intermediate.dense.bias]    
Loading weights:  24%|██▍       | 48/199 [00:00<00:00, 2176.64it/s, Materializing param=bert.encoder.layer.2.intermediate.dense.bias]
Loading weights:  25%|██▍       | 49/199 [00:00<00:00, 2199.35it/s, Materializing param=bert.encoder.layer.2.intermediate.dense.weight]
Loading weights:  25%|██▍       | 49/199 [00:00<00:00, 2185.58it/s, Materializing param=bert.encoder.layer.2.intermediate.dense.weight]
Loading weights:  25%|██▌       | 50/199 [00:00<00:00, 2202.36it/s, Materializing param=bert.encoder.layer.2.output.LayerNorm.bias]    
Loading weights:  25%|██▌       | 50/199 [00:00<00:00, 2189.94it/s, Materializing param=bert.encoder.layer.2.output.LayerNorm.bias]
Loading weights:  26%|██▌       | 51/199 [00:00<00:00, 2208.65it/s, Materializing param=bert.encoder.layer.2.output.LayerNorm.weight]
Loading weights:  26%|██▌       | 51/199 [00:00<00:00, 2196.40it/s, Materializing param=bert.encoder.layer.2.output.LayerNorm.weight]
Loading weights:  26%|██▌       | 52/199 [00:00<00:00, 2210.46it/s, Materializing param=bert.encoder.layer.2.output.dense.bias]      
Loading weights:  26%|██▌       | 52/199 [00:00<00:00, 2197.65it/s, Materializing param=bert.encoder.layer.2.output.dense.bias]
Loading weights:  27%|██▋       | 53/199 [00:00<00:00, 2074.95it/s, Materializing param=bert.encoder.layer.2.output.dense.weight]
Loading weights:  27%|██▋       | 53/199 [00:00<00:00, 2004.22it/s, Materializing param=bert.encoder.layer.2.output.dense.weight]
Loading weights:  27%|██▋       | 54/199 [00:00<00:00, 2019.73it/s, Materializing param=bert.encoder.layer.3.attention.output.LayerNorm.bias]
Loading weights:  27%|██▋       | 54/199 [00:00<00:00, 2009.94it/s, Materializing param=bert.encoder.layer.3.attention.output.LayerNorm.bias]
Loading weights:  28%|██▊       | 55/199 [00:00<00:00, 2026.93it/s, Materializing param=bert.encoder.layer.3.attention.output.LayerNorm.weight]
Loading weights:  28%|██▊       | 55/199 [00:00<00:00, 2017.39it/s, Materializing param=bert.encoder.layer.3.attention.output.LayerNorm.weight]
Loading weights:  28%|██▊       | 56/199 [00:00<00:00, 2035.01it/s, Materializing param=bert.encoder.layer.3.attention.output.dense.bias]      
Loading weights:  28%|██▊       | 56/199 [00:00<00:00, 2025.80it/s, Materializing param=bert.encoder.layer.3.attention.output.dense.bias]
Loading weights:  29%|██▊       | 57/199 [00:00<00:00, 2043.01it/s, Materializing param=bert.encoder.layer.3.attention.output.dense.weight]
Loading weights:  29%|██▊       | 57/199 [00:00<00:00, 2034.03it/s, Materializing param=bert.encoder.layer.3.attention.output.dense.weight]
Loading weights:  29%|██▉       | 58/199 [00:00<00:00, 2050.81it/s, Materializing param=bert.encoder.layer.3.attention.self.key.bias]      
Loading weights:  29%|██▉       | 58/199 [00:00<00:00, 2040.13it/s, Materializing param=bert.encoder.layer.3.attention.self.key.bias]
Loading weights:  30%|██▉       | 59/199 [00:00<00:00, 2058.53it/s, Materializing param=bert.encoder.layer.3.attention.self.key.weight]
Loading weights:  30%|██▉       | 59/199 [00:00<00:00, 2048.24it/s, Materializing param=bert.encoder.layer.3.attention.self.key.weight]
Loading weights:  30%|███       | 60/199 [00:00<00:00, 2066.84it/s, Materializing param=bert.encoder.layer.3.attention.self.query.bias]
Loading weights:  30%|███       | 60/199 [00:00<00:00, 2057.85it/s, Materializing param=bert.encoder.layer.3.attention.self.query.bias]
Loading weights:  31%|███       | 61/199 [00:00<00:00, 2074.70it/s, Materializing param=bert.encoder.layer.3.attention.self.query.weight]
Loading weights:  31%|███       | 61/199 [00:00<00:00, 2065.11it/s, Materializing param=bert.encoder.layer.3.attention.self.query.weight]
Loading weights:  31%|███       | 62/199 [00:00<00:00, 2080.49it/s, Materializing param=bert.encoder.layer.3.attention.self.value.bias]  
Loading weights:  31%|███       | 62/199 [00:00<00:00, 2071.69it/s, Materializing param=bert.encoder.layer.3.attention.self.value.bias]
Loading weights:  32%|███▏      | 63/199 [00:00<00:00, 2089.44it/s, Materializing param=bert.encoder.layer.3.attention.self.value.weight]
Loading weights:  32%|███▏      | 63/199 [00:00<00:00, 2081.00it/s, Materializing param=bert.encoder.layer.3.attention.self.value.weight]
Loading weights:  32%|███▏      | 64/199 [00:00<00:00, 2095.06it/s, Materializing param=bert.encoder.layer.3.intermediate.dense.bias]    
Loading weights:  32%|███▏      | 64/199 [00:00<00:00, 2085.58it/s, Materializing param=bert.encoder.layer.3.intermediate.dense.bias]
Loading weights:  33%|███▎      | 65/199 [00:00<00:00, 2100.84it/s, Materializing param=bert.encoder.layer.3.intermediate.dense.weight]
Loading weights:  33%|███▎      | 65/199 [00:00<00:00, 2092.82it/s, Materializing param=bert.encoder.layer.3.intermediate.dense.weight]
Loading weights:  33%|███▎      | 66/199 [00:00<00:00, 2107.58it/s, Materializing param=bert.encoder.layer.3.output.LayerNorm.bias]    
Loading weights:  33%|███▎      | 66/199 [00:00<00:00, 2097.07it/s, Materializing param=bert.encoder.layer.3.output.LayerNorm.bias]
Loading weights:  34%|███▎      | 67/199 [00:00<00:00, 2110.52it/s, Materializing param=bert.encoder.layer.3.output.LayerNorm.weight]
Loading weights:  34%|███▎      | 67/199 [00:00<00:00, 2100.88it/s, Materializing param=bert.encoder.layer.3.output.LayerNorm.weight]
Loading weights:  34%|███▍      | 68/199 [00:00<00:00, 2116.34it/s, Materializing param=bert.encoder.layer.3.output.dense.bias]      
Loading weights:  34%|███▍      | 68/199 [00:00<00:00, 2109.37it/s, Materializing param=bert.encoder.layer.3.output.dense.bias]
Loading weights:  35%|███▍      | 69/199 [00:00<00:00, 2124.49it/s, Materializing param=bert.encoder.layer.3.output.dense.weight]
Loading weights:  35%|███▍      | 69/199 [00:00<00:00, 2115.87it/s, Materializing param=bert.encoder.layer.3.output.dense.weight]
Loading weights:  35%|███▌      | 70/199 [00:00<00:00, 2130.74it/s, Materializing param=bert.encoder.layer.4.attention.output.LayerNorm.bias]
Loading weights:  35%|███▌      | 70/199 [00:00<00:00, 2121.52it/s, Materializing param=bert.encoder.layer.4.attention.output.LayerNorm.bias]
Loading weights:  36%|███▌      | 71/199 [00:00<00:00, 2138.35it/s, Materializing param=bert.encoder.layer.4.attention.output.LayerNorm.weight]
Loading weights:  36%|███▌      | 71/199 [00:00<00:00, 2130.38it/s, Materializing param=bert.encoder.layer.4.attention.output.LayerNorm.weight]
Loading weights:  36%|███▌      | 72/199 [00:00<00:00, 2145.97it/s, Materializing param=bert.encoder.layer.4.attention.output.dense.bias]      
Loading weights:  36%|███▌      | 72/199 [00:00<00:00, 2138.63it/s, Materializing param=bert.encoder.layer.4.attention.output.dense.bias]
Loading weights:  37%|███▋      | 73/199 [00:00<00:00, 2150.99it/s, Materializing param=bert.encoder.layer.4.attention.output.dense.weight]
Loading weights:  37%|███▋      | 73/199 [00:00<00:00, 2142.86it/s, Materializing param=bert.encoder.layer.4.attention.output.dense.weight]
Loading weights:  37%|███▋      | 74/199 [00:00<00:00, 2156.32it/s, Materializing param=bert.encoder.layer.4.attention.self.key.bias]      
Loading weights:  37%|███▋      | 74/199 [00:00<00:00, 2148.93it/s, Materializing param=bert.encoder.layer.4.attention.self.key.bias]
Loading weights:  38%|███▊      | 75/199 [00:00<00:00, 2163.90it/s, Materializing param=bert.encoder.layer.4.attention.self.key.weight]
Loading weights:  38%|███▊      | 75/199 [00:00<00:00, 2155.89it/s, Materializing param=bert.encoder.layer.4.attention.self.key.weight]
Loading weights:  38%|███▊      | 76/199 [00:00<00:00, 2169.12it/s, Materializing param=bert.encoder.layer.4.attention.self.query.bias]
Loading weights:  38%|███▊      | 76/199 [00:00<00:00, 2161.00it/s, Materializing param=bert.encoder.layer.4.attention.self.query.bias]
Loading weights:  39%|███▊      | 77/199 [00:00<00:00, 2174.68it/s, Materializing param=bert.encoder.layer.4.attention.self.query.weight]
Loading weights:  39%|███▊      | 77/199 [00:00<00:00, 2167.34it/s, Materializing param=bert.encoder.layer.4.attention.self.query.weight]
Loading weights:  39%|███▉      | 78/199 [00:00<00:00, 2181.46it/s, Materializing param=bert.encoder.layer.4.attention.self.value.bias]  
Loading weights:  39%|███▉      | 78/199 [00:00<00:00, 2174.30it/s, Materializing param=bert.encoder.layer.4.attention.self.value.bias]
Loading weights:  40%|███▉      | 79/199 [00:00<00:00, 2187.50it/s, Materializing param=bert.encoder.layer.4.attention.self.value.weight]
Loading weights:  40%|███▉      | 79/199 [00:00<00:00, 2178.70it/s, Materializing param=bert.encoder.layer.4.attention.self.value.weight]
Loading weights:  40%|████      | 80/199 [00:00<00:00, 2188.59it/s, Materializing param=bert.encoder.layer.4.intermediate.dense.bias]    
Loading weights:  40%|████      | 80/199 [00:00<00:00, 2180.52it/s, Materializing param=bert.encoder.layer.4.intermediate.dense.bias]
Loading weights:  41%|████      | 81/199 [00:00<00:00, 2193.93it/s, Materializing param=bert.encoder.layer.4.intermediate.dense.weight]
Loading weights:  41%|████      | 81/199 [00:00<00:00, 2186.30it/s, Materializing param=bert.encoder.layer.4.intermediate.dense.weight]
Loading weights:  41%|████      | 82/199 [00:00<00:00, 2200.59it/s, Materializing param=bert.encoder.layer.4.output.LayerNorm.bias]    
Loading weights:  41%|████      | 82/199 [00:00<00:00, 2191.95it/s, Materializing param=bert.encoder.layer.4.output.LayerNorm.bias]
Loading weights:  42%|████▏     | 83/199 [00:00<00:00, 2204.98it/s, Materializing param=bert.encoder.layer.4.output.LayerNorm.weight]
Loading weights:  42%|████▏     | 83/199 [00:00<00:00, 2197.84it/s, Materializing param=bert.encoder.layer.4.output.LayerNorm.weight]
Loading weights:  42%|████▏     | 84/199 [00:00<00:00, 2211.13it/s, Materializing param=bert.encoder.layer.4.output.dense.bias]      
Loading weights:  42%|████▏     | 84/199 [00:00<00:00, 2204.70it/s, Materializing param=bert.encoder.layer.4.output.dense.bias]
Loading weights:  43%|████▎     | 85/199 [00:00<00:00, 2217.75it/s, Materializing param=bert.encoder.layer.4.output.dense.weight]
Loading weights:  43%|████▎     | 85/199 [00:00<00:00, 2211.07it/s, Materializing param=bert.encoder.layer.4.output.dense.weight]
Loading weights:  43%|████▎     | 86/199 [00:00<00:00, 2224.05it/s, Materializing param=bert.encoder.layer.5.attention.output.LayerNorm.bias]
Loading weights:  43%|████▎     | 86/199 [00:00<00:00, 2216.30it/s, Materializing param=bert.encoder.layer.5.attention.output.LayerNorm.bias]
Loading weights:  44%|████▎     | 87/199 [00:00<00:00, 2227.62it/s, Materializing param=bert.encoder.layer.5.attention.output.LayerNorm.weight]
Loading weights:  44%|████▎     | 87/199 [00:00<00:00, 2221.46it/s, Materializing param=bert.encoder.layer.5.attention.output.LayerNorm.weight]
Loading weights:  44%|████▍     | 88/199 [00:00<00:00, 2232.55it/s, Materializing param=bert.encoder.layer.5.attention.output.dense.bias]      
Loading weights:  44%|████▍     | 88/199 [00:00<00:00, 2226.44it/s, Materializing param=bert.encoder.layer.5.attention.output.dense.bias]
Loading weights:  45%|████▍     | 89/199 [00:00<00:00, 2233.05it/s, Materializing param=bert.encoder.layer.5.attention.output.dense.weight]
Loading weights:  45%|████▍     | 89/199 [00:00<00:00, 2225.56it/s, Materializing param=bert.encoder.layer.5.attention.output.dense.weight]
Loading weights:  45%|████▌     | 90/199 [00:00<00:00, 2237.17it/s, Materializing param=bert.encoder.layer.5.attention.self.key.bias]      
Loading weights:  45%|████▌     | 90/199 [00:00<00:00, 2230.14it/s, Materializing param=bert.encoder.layer.5.attention.self.key.bias]
Loading weights:  46%|████▌     | 91/199 [00:00<00:00, 2242.42it/s, Materializing param=bert.encoder.layer.5.attention.self.key.weight]
Loading weights:  46%|████▌     | 91/199 [00:00<00:00, 2236.15it/s, Materializing param=bert.encoder.layer.5.attention.self.key.weight]
Loading weights:  46%|████▌     | 92/199 [00:00<00:00, 2248.12it/s, Materializing param=bert.encoder.layer.5.attention.self.query.bias]
Loading weights:  46%|████▌     | 92/199 [00:00<00:00, 2241.45it/s, Materializing param=bert.encoder.layer.5.attention.self.query.bias]
Loading weights:  47%|████▋     | 93/199 [00:00<00:00, 2253.02it/s, Materializing param=bert.encoder.layer.5.attention.self.query.weight]
Loading weights:  47%|████▋     | 93/199 [00:00<00:00, 2245.64it/s, Materializing param=bert.encoder.layer.5.attention.self.query.weight]
Loading weights:  47%|████▋     | 94/199 [00:00<00:00, 2257.55it/s, Materializing param=bert.encoder.layer.5.attention.self.value.bias]  
Loading weights:  47%|████▋     | 94/199 [00:00<00:00, 2250.43it/s, Materializing param=bert.encoder.layer.5.attention.self.value.bias]
Loading weights:  48%|████▊     | 95/199 [00:00<00:00, 2262.17it/s, Materializing param=bert.encoder.layer.5.attention.self.value.weight]
Loading weights:  48%|████▊     | 95/199 [00:00<00:00, 2255.40it/s, Materializing param=bert.encoder.layer.5.attention.self.value.weight]
Loading weights:  48%|████▊     | 96/199 [00:00<00:00, 2264.73it/s, Materializing param=bert.encoder.layer.5.intermediate.dense.bias]    
Loading weights:  48%|████▊     | 96/199 [00:00<00:00, 2258.18it/s, Materializing param=bert.encoder.layer.5.intermediate.dense.bias]
Loading weights:  49%|████▊     | 97/199 [00:00<00:00, 2269.09it/s, Materializing param=bert.encoder.layer.5.intermediate.dense.weight]
Loading weights:  49%|████▊     | 97/199 [00:00<00:00, 2262.95it/s, Materializing param=bert.encoder.layer.5.intermediate.dense.weight]
Loading weights:  49%|████▉     | 98/199 [00:00<00:00, 2273.35it/s, Materializing param=bert.encoder.layer.5.output.LayerNorm.bias]    
Loading weights:  49%|████▉     | 98/199 [00:00<00:00, 2267.33it/s, Materializing param=bert.encoder.layer.5.output.LayerNorm.bias]
Loading weights:  50%|████▉     | 99/199 [00:00<00:00, 2276.39it/s, Materializing param=bert.encoder.layer.5.output.LayerNorm.weight]
Loading weights:  50%|████▉     | 99/199 [00:00<00:00, 2268.94it/s, Materializing param=bert.encoder.layer.5.output.LayerNorm.weight]
Loading weights:  50%|█████     | 100/199 [00:00<00:00, 2279.49it/s, Materializing param=bert.encoder.layer.5.output.dense.bias]     
Loading weights:  50%|█████     | 100/199 [00:00<00:00, 2273.45it/s, Materializing param=bert.encoder.layer.5.output.dense.bias]
Loading weights:  51%|█████     | 101/199 [00:00<00:00, 2284.61it/s, Materializing param=bert.encoder.layer.5.output.dense.weight]
Loading weights:  51%|█████     | 101/199 [00:00<00:00, 2277.37it/s, Materializing param=bert.encoder.layer.5.output.dense.weight]
Loading weights:  51%|█████▏    | 102/199 [00:00<00:00, 2286.70it/s, Materializing param=bert.encoder.layer.6.attention.output.LayerNorm.bias]
Loading weights:  51%|█████▏    | 102/199 [00:00<00:00, 2279.68it/s, Materializing param=bert.encoder.layer.6.attention.output.LayerNorm.bias]
Loading weights:  52%|█████▏    | 103/199 [00:00<00:00, 2289.50it/s, Materializing param=bert.encoder.layer.6.attention.output.LayerNorm.weight]
Loading weights:  52%|█████▏    | 103/199 [00:00<00:00, 2283.43it/s, Materializing param=bert.encoder.layer.6.attention.output.LayerNorm.weight]
Loading weights:  52%|█████▏    | 104/199 [00:00<00:00, 2287.67it/s, Materializing param=bert.encoder.layer.6.attention.output.dense.bias]      
Loading weights:  52%|█████▏    | 104/199 [00:00<00:00, 2274.78it/s, Materializing param=bert.encoder.layer.6.attention.output.dense.bias]
Loading weights:  53%|█████▎    | 105/199 [00:00<00:00, 2283.24it/s, Materializing param=bert.encoder.layer.6.attention.output.dense.weight]
Loading weights:  53%|█████▎    | 105/199 [00:00<00:00, 2277.06it/s, Materializing param=bert.encoder.layer.6.attention.output.dense.weight]
Loading weights:  53%|█████▎    | 106/199 [00:00<00:00, 2286.28it/s, Materializing param=bert.encoder.layer.6.attention.self.key.bias]      
Loading weights:  53%|█████▎    | 106/199 [00:00<00:00, 2280.60it/s, Materializing param=bert.encoder.layer.6.attention.self.key.bias]
Loading weights:  54%|█████▍    | 107/199 [00:00<00:00, 2288.74it/s, Materializing param=bert.encoder.layer.6.attention.self.key.weight]
Loading weights:  54%|█████▍    | 107/199 [00:00<00:00, 2282.49it/s, Materializing param=bert.encoder.layer.6.attention.self.key.weight]
Loading weights:  54%|█████▍    | 108/199 [00:00<00:00, 2291.35it/s, Materializing param=bert.encoder.layer.6.attention.self.query.bias]
Loading weights:  54%|█████▍    | 108/199 [00:00<00:00, 2285.10it/s, Materializing param=bert.encoder.layer.6.attention.self.query.bias]
Loading weights:  55%|█████▍    | 109/199 [00:00<00:00, 2294.07it/s, Materializing param=bert.encoder.layer.6.attention.self.query.weight]
Loading weights:  55%|█████▍    | 109/199 [00:00<00:00, 2287.87it/s, Materializing param=bert.encoder.layer.6.attention.self.query.weight]
Loading weights:  55%|█████▌    | 110/199 [00:00<00:00, 2297.17it/s, Materializing param=bert.encoder.layer.6.attention.self.value.bias]  
Loading weights:  55%|█████▌    | 110/199 [00:00<00:00, 2288.90it/s, Materializing param=bert.encoder.layer.6.attention.self.value.bias]
Loading weights:  56%|█████▌    | 111/199 [00:00<00:00, 2295.78it/s, Materializing param=bert.encoder.layer.6.attention.self.value.weight]
Loading weights:  56%|█████▌    | 111/199 [00:00<00:00, 2289.02it/s, Materializing param=bert.encoder.layer.6.attention.self.value.weight]
Loading weights:  56%|█████▋    | 112/199 [00:00<00:00, 2295.65it/s, Materializing param=bert.encoder.layer.6.intermediate.dense.bias]    
Loading weights:  56%|█████▋    | 112/199 [00:00<00:00, 2289.75it/s, Materializing param=bert.encoder.layer.6.intermediate.dense.bias]
Loading weights:  57%|█████▋    | 113/199 [00:00<00:00, 2299.24it/s, Materializing param=bert.encoder.layer.6.intermediate.dense.weight]
Loading weights:  57%|█████▋    | 113/199 [00:00<00:00, 2293.71it/s, Materializing param=bert.encoder.layer.6.intermediate.dense.weight]
Loading weights:  57%|█████▋    | 114/199 [00:00<00:00, 2301.33it/s, Materializing param=bert.encoder.layer.6.output.LayerNorm.bias]    
Loading weights:  57%|█████▋    | 114/199 [00:00<00:00, 2295.41it/s, Materializing param=bert.encoder.layer.6.output.LayerNorm.bias]
Loading weights:  58%|█████▊    | 115/199 [00:00<00:00, 2304.47it/s, Materializing param=bert.encoder.layer.6.output.LayerNorm.weight]
Loading weights:  58%|█████▊    | 115/199 [00:00<00:00, 2299.08it/s, Materializing param=bert.encoder.layer.6.output.LayerNorm.weight]
Loading weights:  58%|█████▊    | 116/199 [00:00<00:00, 2308.76it/s, Materializing param=bert.encoder.layer.6.output.dense.bias]      
Loading weights:  58%|█████▊    | 116/199 [00:00<00:00, 2302.20it/s, Materializing param=bert.encoder.layer.6.output.dense.bias]
Loading weights:  59%|█████▉    | 117/199 [00:00<00:00, 2311.07it/s, Materializing param=bert.encoder.layer.6.output.dense.weight]
Loading weights:  59%|█████▉    | 117/199 [00:00<00:00, 2305.30it/s, Materializing param=bert.encoder.layer.6.output.dense.weight]
Loading weights:  59%|█████▉    | 118/199 [00:00<00:00, 2314.55it/s, Materializing param=bert.encoder.layer.7.attention.output.LayerNorm.bias]
Loading weights:  59%|█████▉    | 118/199 [00:00<00:00, 2309.46it/s, Materializing param=bert.encoder.layer.7.attention.output.LayerNorm.bias]
Loading weights:  60%|█████▉    | 119/199 [00:00<00:00, 2317.89it/s, Materializing param=bert.encoder.layer.7.attention.output.LayerNorm.weight]
Loading weights:  60%|█████▉    | 119/199 [00:00<00:00, 2311.35it/s, Materializing param=bert.encoder.layer.7.attention.output.LayerNorm.weight]
Loading weights:  60%|██████    | 120/199 [00:00<00:00, 2319.20it/s, Materializing param=bert.encoder.layer.7.attention.output.dense.bias]      
Loading weights:  60%|██████    | 120/199 [00:00<00:00, 2313.95it/s, Materializing param=bert.encoder.layer.7.attention.output.dense.bias]
Loading weights:  61%|██████    | 121/199 [00:00<00:00, 2323.07it/s, Materializing param=bert.encoder.layer.7.attention.output.dense.weight]
Loading weights:  61%|██████    | 121/199 [00:00<00:00, 2318.05it/s, Materializing param=bert.encoder.layer.7.attention.output.dense.weight]
Loading weights:  61%|██████▏   | 122/199 [00:00<00:00, 2324.75it/s, Materializing param=bert.encoder.layer.7.attention.self.key.bias]      
Loading weights:  61%|██████▏   | 122/199 [00:00<00:00, 2318.12it/s, Materializing param=bert.encoder.layer.7.attention.self.key.bias]
Loading weights:  62%|██████▏   | 123/199 [00:00<00:00, 2325.23it/s, Materializing param=bert.encoder.layer.7.attention.self.key.weight]
Loading weights:  62%|██████▏   | 123/199 [00:00<00:00, 2318.94it/s, Materializing param=bert.encoder.layer.7.attention.self.key.weight]
Loading weights:  62%|██████▏   | 124/199 [00:00<00:00, 2327.33it/s, Materializing param=bert.encoder.layer.7.attention.self.query.bias]
Loading weights:  62%|██████▏   | 124/199 [00:00<00:00, 2320.01it/s, Materializing param=bert.encoder.layer.7.attention.self.query.bias]
Loading weights:  63%|██████▎   | 125/199 [00:00<00:00, 2327.45it/s, Materializing param=bert.encoder.layer.7.attention.self.query.weight]
Loading weights:  63%|██████▎   | 125/199 [00:00<00:00, 2321.30it/s, Materializing param=bert.encoder.layer.7.attention.self.query.weight]
Loading weights:  63%|██████▎   | 126/199 [00:00<00:00, 2329.94it/s, Materializing param=bert.encoder.layer.7.attention.self.value.bias]  
Loading weights:  63%|██████▎   | 126/199 [00:00<00:00, 2325.42it/s, Materializing param=bert.encoder.layer.7.attention.self.value.bias]
Loading weights:  64%|██████▍   | 127/199 [00:00<00:00, 2333.23it/s, Materializing param=bert.encoder.layer.7.attention.self.value.weight]
Loading weights:  64%|██████▍   | 127/199 [00:00<00:00, 2328.32it/s, Materializing param=bert.encoder.layer.7.attention.self.value.weight]
Loading weights:  64%|██████▍   | 128/199 [00:00<00:00, 2337.34it/s, Materializing param=bert.encoder.layer.7.intermediate.dense.bias]    
Loading weights:  64%|██████▍   | 128/199 [00:00<00:00, 2331.80it/s, Materializing param=bert.encoder.layer.7.intermediate.dense.bias]
Loading weights:  65%|██████▍   | 129/199 [00:00<00:00, 2339.29it/s, Materializing param=bert.encoder.layer.7.intermediate.dense.weight]
Loading weights:  65%|██████▍   | 129/199 [00:00<00:00, 2334.27it/s, Materializing param=bert.encoder.layer.7.intermediate.dense.weight]
Loading weights:  65%|██████▌   | 130/199 [00:00<00:00, 2341.57it/s, Materializing param=bert.encoder.layer.7.output.LayerNorm.bias]    
Loading weights:  65%|██████▌   | 130/199 [00:00<00:00, 2336.45it/s, Materializing param=bert.encoder.layer.7.output.LayerNorm.bias]
Loading weights:  66%|██████▌   | 131/199 [00:00<00:00, 2344.73it/s, Materializing param=bert.encoder.layer.7.output.LayerNorm.weight]
Loading weights:  66%|██████▌   | 131/199 [00:00<00:00, 2339.32it/s, Materializing param=bert.encoder.layer.7.output.LayerNorm.weight]
Loading weights:  66%|██████▋   | 132/199 [00:00<00:00, 2346.18it/s, Materializing param=bert.encoder.layer.7.output.dense.bias]      
Loading weights:  66%|██████▋   | 132/199 [00:00<00:00, 2339.56it/s, Materializing param=bert.encoder.layer.7.output.dense.bias]
Loading weights:  67%|██████▋   | 133/199 [00:00<00:00, 2347.14it/s, Materializing param=bert.encoder.layer.7.output.dense.weight]
Loading weights:  67%|██████▋   | 133/199 [00:00<00:00, 2341.24it/s, Materializing param=bert.encoder.layer.7.output.dense.weight]
Loading weights:  67%|██████▋   | 134/199 [00:00<00:00, 2348.52it/s, Materializing param=bert.encoder.layer.8.attention.output.LayerNorm.bias]
Loading weights:  67%|██████▋   | 134/199 [00:00<00:00, 2343.39it/s, Materializing param=bert.encoder.layer.8.attention.output.LayerNorm.bias]
Loading weights:  68%|██████▊   | 135/199 [00:00<00:00, 2350.26it/s, Materializing param=bert.encoder.layer.8.attention.output.LayerNorm.weight]
Loading weights:  68%|██████▊   | 135/199 [00:00<00:00, 2345.24it/s, Materializing param=bert.encoder.layer.8.attention.output.LayerNorm.weight]
Loading weights:  68%|██████▊   | 136/199 [00:00<00:00, 2352.39it/s, Materializing param=bert.encoder.layer.8.attention.output.dense.bias]      
Loading weights:  68%|██████▊   | 136/199 [00:00<00:00, 2347.24it/s, Materializing param=bert.encoder.layer.8.attention.output.dense.bias]
Loading weights:  69%|██████▉   | 137/199 [00:00<00:00, 2354.79it/s, Materializing param=bert.encoder.layer.8.attention.output.dense.weight]
Loading weights:  69%|██████▉   | 137/199 [00:00<00:00, 2350.13it/s, Materializing param=bert.encoder.layer.8.attention.output.dense.weight]
Loading weights:  69%|██████▉   | 138/199 [00:00<00:00, 2357.13it/s, Materializing param=bert.encoder.layer.8.attention.self.key.bias]      
Loading weights:  69%|██████▉   | 138/199 [00:00<00:00, 2352.42it/s, Materializing param=bert.encoder.layer.8.attention.self.key.bias]
Loading weights:  70%|██████▉   | 139/199 [00:00<00:00, 2359.47it/s, Materializing param=bert.encoder.layer.8.attention.self.key.weight]
Loading weights:  70%|██████▉   | 139/199 [00:00<00:00, 2354.66it/s, Materializing param=bert.encoder.layer.8.attention.self.key.weight]
Loading weights:  70%|███████   | 140/199 [00:00<00:00, 2362.34it/s, Materializing param=bert.encoder.layer.8.attention.self.query.bias]
Loading weights:  70%|███████   | 140/199 [00:00<00:00, 2356.87it/s, Materializing param=bert.encoder.layer.8.attention.self.query.bias]
Loading weights:  71%|███████   | 141/199 [00:00<00:00, 2364.78it/s, Materializing param=bert.encoder.layer.8.attention.self.query.weight]
Loading weights:  71%|███████   | 141/199 [00:00<00:00, 2359.82it/s, Materializing param=bert.encoder.layer.8.attention.self.query.weight]
Loading weights:  71%|███████▏  | 142/199 [00:00<00:00, 2366.10it/s, Materializing param=bert.encoder.layer.8.attention.self.value.bias]  
Loading weights:  71%|███████▏  | 142/199 [00:00<00:00, 2361.28it/s, Materializing param=bert.encoder.layer.8.attention.self.value.bias]
Loading weights:  72%|███████▏  | 143/199 [00:00<00:00, 2367.90it/s, Materializing param=bert.encoder.layer.8.attention.self.value.weight]
Loading weights:  72%|███████▏  | 143/199 [00:00<00:00, 2363.18it/s, Materializing param=bert.encoder.layer.8.attention.self.value.weight]
Loading weights:  72%|███████▏  | 144/199 [00:00<00:00, 2370.29it/s, Materializing param=bert.encoder.layer.8.intermediate.dense.bias]    
Loading weights:  72%|███████▏  | 144/199 [00:00<00:00, 2365.32it/s, Materializing param=bert.encoder.layer.8.intermediate.dense.bias]
Loading weights:  73%|███████▎  | 145/199 [00:00<00:00, 2372.39it/s, Materializing param=bert.encoder.layer.8.intermediate.dense.weight]
Loading weights:  73%|███████▎  | 145/199 [00:00<00:00, 2367.61it/s, Materializing param=bert.encoder.layer.8.intermediate.dense.weight]
Loading weights:  73%|███████▎  | 146/199 [00:00<00:00, 2372.18it/s, Materializing param=bert.encoder.layer.8.output.LayerNorm.bias]    
Loading weights:  73%|███████▎  | 146/199 [00:00<00:00, 2365.89it/s, Materializing param=bert.encoder.layer.8.output.LayerNorm.bias]
Loading weights:  74%|███████▍  | 147/199 [00:00<00:00, 2372.33it/s, Materializing param=bert.encoder.layer.8.output.LayerNorm.weight]
Loading weights:  74%|███████▍  | 147/199 [00:00<00:00, 2366.31it/s, Materializing param=bert.encoder.layer.8.output.LayerNorm.weight]
Loading weights:  74%|███████▍  | 148/199 [00:00<00:00, 2374.67it/s, Materializing param=bert.encoder.layer.8.output.dense.bias]      
Loading weights:  74%|███████▍  | 148/199 [00:00<00:00, 2370.71it/s, Materializing param=bert.encoder.layer.8.output.dense.bias]
Loading weights:  75%|███████▍  | 149/199 [00:00<00:00, 2379.13it/s, Materializing param=bert.encoder.layer.8.output.dense.weight]
Loading weights:  75%|███████▍  | 149/199 [00:00<00:00, 2374.91it/s, Materializing param=bert.encoder.layer.8.output.dense.weight]
Loading weights:  75%|███████▌  | 150/199 [00:00<00:00, 2383.12it/s, Materializing param=bert.encoder.layer.9.attention.output.LayerNorm.bias]
Loading weights:  75%|███████▌  | 150/199 [00:00<00:00, 2378.84it/s, Materializing param=bert.encoder.layer.9.attention.output.LayerNorm.bias]
Loading weights:  76%|███████▌  | 151/199 [00:00<00:00, 2386.40it/s, Materializing param=bert.encoder.layer.9.attention.output.LayerNorm.weight]
Loading weights:  76%|███████▌  | 151/199 [00:00<00:00, 2380.37it/s, Materializing param=bert.encoder.layer.9.attention.output.LayerNorm.weight]
Loading weights:  76%|███████▋  | 152/199 [00:00<00:00, 2386.36it/s, Materializing param=bert.encoder.layer.9.attention.output.dense.bias]      
Loading weights:  76%|███████▋  | 152/199 [00:00<00:00, 2381.85it/s, Materializing param=bert.encoder.layer.9.attention.output.dense.bias]
Loading weights:  77%|███████▋  | 153/199 [00:00<00:00, 2388.91it/s, Materializing param=bert.encoder.layer.9.attention.output.dense.weight]
Loading weights:  77%|███████▋  | 153/199 [00:00<00:00, 2384.23it/s, Materializing param=bert.encoder.layer.9.attention.output.dense.weight]
Loading weights:  77%|███████▋  | 154/199 [00:00<00:00, 2390.13it/s, Materializing param=bert.encoder.layer.9.attention.self.key.bias]      
Loading weights:  77%|███████▋  | 154/199 [00:00<00:00, 2385.68it/s, Materializing param=bert.encoder.layer.9.attention.self.key.bias]
Loading weights:  78%|███████▊  | 155/199 [00:00<00:00, 2391.85it/s, Materializing param=bert.encoder.layer.9.attention.self.key.weight]
Loading weights:  78%|███████▊  | 155/199 [00:00<00:00, 2387.01it/s, Materializing param=bert.encoder.layer.9.attention.self.key.weight]
Loading weights:  78%|███████▊  | 156/199 [00:00<00:00, 2394.11it/s, Materializing param=bert.encoder.layer.9.attention.self.query.bias]
Loading weights:  78%|███████▊  | 156/199 [00:00<00:00, 2389.24it/s, Materializing param=bert.encoder.layer.9.attention.self.query.bias]
Loading weights:  79%|███████▉  | 157/199 [00:00<00:00, 2393.67it/s, Materializing param=bert.encoder.layer.9.attention.self.query.weight]
Loading weights:  79%|███████▉  | 157/199 [00:00<00:00, 2388.86it/s, Materializing param=bert.encoder.layer.9.attention.self.query.weight]
Loading weights:  79%|███████▉  | 158/199 [00:00<00:00, 2395.71it/s, Materializing param=bert.encoder.layer.9.attention.self.value.bias]  
Loading weights:  79%|███████▉  | 158/199 [00:00<00:00, 2391.50it/s, Materializing param=bert.encoder.layer.9.attention.self.value.bias]
Loading weights:  80%|███████▉  | 159/199 [00:00<00:00, 2397.25it/s, Materializing param=bert.encoder.layer.9.attention.self.value.weight]
Loading weights:  80%|███████▉  | 159/199 [00:00<00:00, 2392.56it/s, Materializing param=bert.encoder.layer.9.attention.self.value.weight]
Loading weights:  80%|████████  | 160/199 [00:00<00:00, 2398.09it/s, Materializing param=bert.encoder.layer.9.intermediate.dense.bias]    
Loading weights:  80%|████████  | 160/199 [00:00<00:00, 2393.68it/s, Materializing param=bert.encoder.layer.9.intermediate.dense.bias]
Loading weights:  81%|████████  | 161/199 [00:00<00:00, 2400.84it/s, Materializing param=bert.encoder.layer.9.intermediate.dense.weight]
Loading weights:  81%|████████  | 161/199 [00:00<00:00, 2396.88it/s, Materializing param=bert.encoder.layer.9.intermediate.dense.weight]
Loading weights:  81%|████████▏ | 162/199 [00:00<00:00, 2402.80it/s, Materializing param=bert.encoder.layer.9.output.LayerNorm.bias]    
Loading weights:  81%|████████▏ | 162/199 [00:00<00:00, 2398.31it/s, Materializing param=bert.encoder.layer.9.output.LayerNorm.bias]
Loading weights:  82%|████████▏ | 163/199 [00:00<00:00, 2404.51it/s, Materializing param=bert.encoder.layer.9.output.LayerNorm.weight]
Loading weights:  82%|████████▏ | 163/199 [00:00<00:00, 2400.36it/s, Materializing param=bert.encoder.layer.9.output.LayerNorm.weight]
Loading weights:  82%|████████▏ | 164/199 [00:00<00:00, 2407.46it/s, Materializing param=bert.encoder.layer.9.output.dense.bias]      
Loading weights:  82%|████████▏ | 164/199 [00:00<00:00, 2403.53it/s, Materializing param=bert.encoder.layer.9.output.dense.bias]
Loading weights:  83%|████████▎ | 165/199 [00:00<00:00, 2409.55it/s, Materializing param=bert.encoder.layer.9.output.dense.weight]
Loading weights:  83%|████████▎ | 165/199 [00:00<00:00, 2405.07it/s, Materializing param=bert.encoder.layer.9.output.dense.weight]
Loading weights:  83%|████████▎ | 166/199 [00:00<00:00, 2410.32it/s, Materializing param=bert.encoder.layer.10.attention.output.LayerNorm.bias]
Loading weights:  83%|████████▎ | 166/199 [00:00<00:00, 2406.04it/s, Materializing param=bert.encoder.layer.10.attention.output.LayerNorm.bias]
Loading weights:  84%|████████▍ | 167/199 [00:00<00:00, 2412.46it/s, Materializing param=bert.encoder.layer.10.attention.output.LayerNorm.weight]
Loading weights:  84%|████████▍ | 167/199 [00:00<00:00, 2407.31it/s, Materializing param=bert.encoder.layer.10.attention.output.LayerNorm.weight]
Loading weights:  84%|████████▍ | 168/199 [00:00<00:00, 2413.11it/s, Materializing param=bert.encoder.layer.10.attention.output.dense.bias]      
Loading weights:  84%|████████▍ | 168/199 [00:00<00:00, 2408.38it/s, Materializing param=bert.encoder.layer.10.attention.output.dense.bias]
Loading weights:  85%|████████▍ | 169/199 [00:00<00:00, 2414.28it/s, Materializing param=bert.encoder.layer.10.attention.output.dense.weight]
Loading weights:  85%|████████▍ | 169/199 [00:00<00:00, 2409.99it/s, Materializing param=bert.encoder.layer.10.attention.output.dense.weight]
Loading weights:  85%|████████▌ | 170/199 [00:00<00:00, 2415.66it/s, Materializing param=bert.encoder.layer.10.attention.self.key.bias]      
Loading weights:  85%|████████▌ | 170/199 [00:00<00:00, 2411.54it/s, Materializing param=bert.encoder.layer.10.attention.self.key.bias]
Loading weights:  86%|████████▌ | 171/199 [00:00<00:00, 2417.00it/s, Materializing param=bert.encoder.layer.10.attention.self.key.weight]
Loading weights:  86%|████████▌ | 171/199 [00:00<00:00, 2411.56it/s, Materializing param=bert.encoder.layer.10.attention.self.key.weight]
Loading weights:  86%|████████▋ | 172/199 [00:00<00:00, 2417.43it/s, Materializing param=bert.encoder.layer.10.attention.self.query.bias]
Loading weights:  86%|████████▋ | 172/199 [00:00<00:00, 2413.40it/s, Materializing param=bert.encoder.layer.10.attention.self.query.bias]
Loading weights:  87%|████████▋ | 173/199 [00:00<00:00, 2418.66it/s, Materializing param=bert.encoder.layer.10.attention.self.query.weight]
Loading weights:  87%|████████▋ | 173/199 [00:00<00:00, 2414.50it/s, Materializing param=bert.encoder.layer.10.attention.self.query.weight]
Loading weights:  87%|████████▋ | 174/199 [00:00<00:00, 2420.25it/s, Materializing param=bert.encoder.layer.10.attention.self.value.bias]  
Loading weights:  87%|████████▋ | 174/199 [00:00<00:00, 2415.76it/s, Materializing param=bert.encoder.layer.10.attention.self.value.bias]
Loading weights:  88%|████████▊ | 175/199 [00:00<00:00, 2422.05it/s, Materializing param=bert.encoder.layer.10.attention.self.value.weight]
Loading weights:  88%|████████▊ | 175/199 [00:00<00:00, 2416.28it/s, Materializing param=bert.encoder.layer.10.attention.self.value.weight]
Loading weights:  88%|████████▊ | 176/199 [00:00<00:00, 2420.62it/s, Materializing param=bert.encoder.layer.10.intermediate.dense.bias]    
Loading weights:  88%|████████▊ | 176/199 [00:00<00:00, 2415.61it/s, Materializing param=bert.encoder.layer.10.intermediate.dense.bias]
Loading weights:  89%|████████▉ | 177/199 [00:00<00:00, 2421.14it/s, Materializing param=bert.encoder.layer.10.intermediate.dense.weight]
Loading weights:  89%|████████▉ | 177/199 [00:00<00:00, 2416.56it/s, Materializing param=bert.encoder.layer.10.intermediate.dense.weight]
Loading weights:  89%|████████▉ | 178/199 [00:00<00:00, 2420.99it/s, Materializing param=bert.encoder.layer.10.output.LayerNorm.bias]    
Loading weights:  89%|████████▉ | 178/199 [00:00<00:00, 2416.54it/s, Materializing param=bert.encoder.layer.10.output.LayerNorm.bias]
Loading weights:  90%|████████▉ | 179/199 [00:00<00:00, 2422.39it/s, Materializing param=bert.encoder.layer.10.output.LayerNorm.weight]
Loading weights:  90%|████████▉ | 179/199 [00:00<00:00, 2419.02it/s, Materializing param=bert.encoder.layer.10.output.LayerNorm.weight]
Loading weights:  90%|█████████ | 180/199 [00:00<00:00, 2425.81it/s, Materializing param=bert.encoder.layer.10.output.dense.bias]      
Loading weights:  90%|█████████ | 180/199 [00:00<00:00, 2421.75it/s, Materializing param=bert.encoder.layer.10.output.dense.bias]
Loading weights:  91%|█████████ | 181/199 [00:00<00:00, 2428.35it/s, Materializing param=bert.encoder.layer.10.output.dense.weight]
Loading weights:  91%|█████████ | 181/199 [00:00<00:00, 2424.90it/s, Materializing param=bert.encoder.layer.10.output.dense.weight]
Loading weights:  91%|█████████▏| 182/199 [00:00<00:00, 2430.42it/s, Materializing param=bert.encoder.layer.11.attention.output.LayerNorm.bias]
Loading weights:  91%|█████████▏| 182/199 [00:00<00:00, 2426.62it/s, Materializing param=bert.encoder.layer.11.attention.output.LayerNorm.bias]
Loading weights:  92%|█████████▏| 183/199 [00:00<00:00, 2433.13it/s, Materializing param=bert.encoder.layer.11.attention.output.LayerNorm.weight]
Loading weights:  92%|█████████▏| 183/199 [00:00<00:00, 2428.32it/s, Materializing param=bert.encoder.layer.11.attention.output.LayerNorm.weight]
Loading weights:  92%|█████████▏| 184/199 [00:00<00:00, 2434.78it/s, Materializing param=bert.encoder.layer.11.attention.output.dense.bias]      
Loading weights:  92%|█████████▏| 184/199 [00:00<00:00, 2430.88it/s, Materializing param=bert.encoder.layer.11.attention.output.dense.bias]
Loading weights:  93%|█████████▎| 185/199 [00:00<00:00, 2436.59it/s, Materializing param=bert.encoder.layer.11.attention.output.dense.weight]
Loading weights:  93%|█████████▎| 185/199 [00:00<00:00, 2433.03it/s, Materializing param=bert.encoder.layer.11.attention.output.dense.weight]
Loading weights:  93%|█████████▎| 186/199 [00:00<00:00, 2439.41it/s, Materializing param=bert.encoder.layer.11.attention.self.key.bias]      
Loading weights:  93%|█████████▎| 186/199 [00:00<00:00, 2435.31it/s, Materializing param=bert.encoder.layer.11.attention.self.key.bias]
Loading weights:  94%|█████████▍| 187/199 [00:00<00:00, 2441.89it/s, Materializing param=bert.encoder.layer.11.attention.self.key.weight]
Loading weights:  94%|█████████▍| 187/199 [00:00<00:00, 2438.13it/s, Materializing param=bert.encoder.layer.11.attention.self.key.weight]
Loading weights:  94%|█████████▍| 188/199 [00:00<00:00, 2443.69it/s, Materializing param=bert.encoder.layer.11.attention.self.query.bias]
Loading weights:  94%|█████████▍| 188/199 [00:00<00:00, 2440.28it/s, Materializing param=bert.encoder.layer.11.attention.self.query.bias]
Loading weights:  95%|█████████▍| 189/199 [00:00<00:00, 2446.65it/s, Materializing param=bert.encoder.layer.11.attention.self.query.weight]
Loading weights:  95%|█████████▍| 189/199 [00:00<00:00, 2442.62it/s, Materializing param=bert.encoder.layer.11.attention.self.query.weight]
Loading weights:  95%|█████████▌| 190/199 [00:00<00:00, 2448.36it/s, Materializing param=bert.encoder.layer.11.attention.self.value.bias]  
Loading weights:  95%|█████████▌| 190/199 [00:00<00:00, 2444.38it/s, Materializing param=bert.encoder.layer.11.attention.self.value.bias]
Loading weights:  96%|█████████▌| 191/199 [00:00<00:00, 2448.56it/s, Materializing param=bert.encoder.layer.11.attention.self.value.weight]
Loading weights:  96%|█████████▌| 191/199 [00:00<00:00, 2444.74it/s, Materializing param=bert.encoder.layer.11.attention.self.value.weight]
Loading weights:  96%|█████████▋| 192/199 [00:00<00:00, 2449.62it/s, Materializing param=bert.encoder.layer.11.intermediate.dense.bias]    
Loading weights:  96%|█████████▋| 192/199 [00:00<00:00, 2445.93it/s, Materializing param=bert.encoder.layer.11.intermediate.dense.bias]
Loading weights:  97%|█████████▋| 193/199 [00:00<00:00, 2451.42it/s, Materializing param=bert.encoder.layer.11.intermediate.dense.weight]
Loading weights:  97%|█████████▋| 193/199 [00:00<00:00, 2447.71it/s, Materializing param=bert.encoder.layer.11.intermediate.dense.weight]
Loading weights:  97%|█████████▋| 194/199 [00:00<00:00, 2452.66it/s, Materializing param=bert.encoder.layer.11.output.LayerNorm.bias]    
Loading weights:  97%|█████████▋| 194/199 [00:00<00:00, 2448.70it/s, Materializing param=bert.encoder.layer.11.output.LayerNorm.bias]
Loading weights:  98%|█████████▊| 195/199 [00:00<00:00, 2453.86it/s, Materializing param=bert.encoder.layer.11.output.LayerNorm.weight]
Loading weights:  98%|█████████▊| 195/199 [00:00<00:00, 2450.34it/s, Materializing param=bert.encoder.layer.11.output.LayerNorm.weight]
Loading weights:  98%|█████████▊| 196/199 [00:00<00:00, 2455.85it/s, Materializing param=bert.encoder.layer.11.output.dense.bias]      
Loading weights:  98%|█████████▊| 196/199 [00:00<00:00, 2452.52it/s, Materializing param=bert.encoder.layer.11.output.dense.bias]
Loading weights:  99%|█████████▉| 197/199 [00:00<00:00, 2458.46it/s, Materializing param=bert.encoder.layer.11.output.dense.weight]
Loading weights:  99%|█████████▉| 197/199 [00:00<00:00, 2455.07it/s, Materializing param=bert.encoder.layer.11.output.dense.weight]
Loading weights:  99%|█████████▉| 198/199 [00:00<00:00, 2460.66it/s, Materializing param=bert.pooler.dense.bias]                   
Loading weights:  99%|█████████▉| 198/199 [00:00<00:00, 2457.51it/s, Materializing param=bert.pooler.dense.bias]
Loading weights: 100%|██████████| 199/199 [00:00<00:00, 2463.81it/s, Materializing param=bert.pooler.dense.weight]
Loading weights: 100%|██████████| 199/199 [00:00<00:00, 2460.69it/s, Materializing param=bert.pooler.dense.weight]
Loading weights: 100%|██████████| 199/199 [00:00<00:00, 2453.81it/s, Materializing param=bert.pooler.dense.weight]
BertForSequenceClassification LOAD REPORT from: neuralmind/bert-base-portuguese-cased
Key                                        | Status     | 
-------------------------------------------+------------+-
cls.predictions.transform.dense.bias       | UNEXPECTED | 
cls.seq_relationship.weight                | UNEXPECTED | 
cls.seq_relationship.bias                  | UNEXPECTED | 
cls.predictions.transform.LayerNorm.bias   | UNEXPECTED | 
cls.predictions.bias                       | UNEXPECTED | 
cls.predictions.decoder.weight             | UNEXPECTED | 
cls.predictions.transform.LayerNorm.weight | UNEXPECTED | 
cls.predictions.transform.dense.weight     | UNEXPECTED | 
classifier.weight                          | MISSING    | 
classifier.bias                            | MISSING    | 

Notes:
- UNEXPECTED	:can be ignored when loading from different task/architecture; not ok if you expect identical arch.
- MISSING	:those params were newly initialized because missing from the checkpoint. Consider training on your downstream task.
  época 1/3 passo 1/118 loss=6.4975
  época 1/3 passo 11/118 loss=6.3941
  época 1/3 passo 21/118 loss=6.2878
  época 1/3 passo 31/118 loss=6.0938
  época 1/3 passo 41/118 loss=6.1495
  época 1/3 passo 51/118 loss=5.9741
  época 1/3 passo 61/118 loss=5.8565
  época 1/3 passo 71/118 loss=5.8525
  época 1/3 passo 81/118 loss=5.7961
  época 1/3 passo 91/118 loss=5.6566
  época 1/3 passo 101/118 loss=5.6065
  época 1/3 passo 111/118 loss=5.4451
  época 1: loss médio 5.9519
  época 2/3 passo 1/118 loss=5.5892
  época 2/3 passo 11/118 loss=5.2691
  época 2/3 passo 21/118 loss=5.4328
  época 2/3 passo 31/118 loss=5.2078
  época 2/3 passo 41/118 loss=5.1549
  época 2/3 passo 51/118 loss=5.1105
  época 2/3 passo 61/118 loss=5.1212
  época 2/3 passo 71/118 loss=5.0605
  época 2/3 passo 81/118 loss=4.8447
  época 2/3 passo 91/118 loss=4.6615
  época 2/3 passo 101/118 loss=4.4941
  época 2/3 passo 111/118 loss=4.5214
  época 2: loss médio 4.9470
  época 3/3 passo 1/118 loss=4.4420
  época 3/3 passo 11/118 loss=4.2771
  época 3/3 passo 21/118 loss=4.2226
  época 3/3 passo 31/118 loss=4.0792
  época 3/3 passo 41/118 loss=3.9545
  época 3/3 passo 51/118 loss=4.1552
  época 3/3 passo 61/118 loss=4.0879
  época 3/3 passo 71/118 loss=3.8881
  época 3/3 passo 81/118 loss=3.6346
  época 3/3 passo 91/118 loss=3.8188
  época 3/3 passo 101/118 loss=3.6117
  época 3/3 passo 111/118 loss=3.7038
  época 3: loss médio 3.9272
  avaliação: 5000/177490
  avaliação: 10000/177490
  avaliação: 15000/177490
  avaliação: 20000/177490
  avaliação: 25000/177490
  avaliação: 30000/177490
  avaliação: 35000/177490
  avaliação: 40000/177490
  avaliação: 45000/177490
  avaliação: 50000/177490
  avaliação: 55000/177490
  avaliação: 60000/177490
  avaliação: 65000/177490
  avaliação: 70000/177490
  avaliação: 75000/177490
  avaliação: 80000/177490
  avaliação: 85000/177490
  avaliação: 90000/177490
  avaliação: 95000/177490
  avaliação: 100000/177490
  avaliação: 105000/177490
  avaliação: 110000/177490
  avaliação: 115000/177490
  avaliação: 120000/177490
  avaliação: 125000/177490
  avaliação: 130000/177490
  avaliação: 135000/177490
  avaliação: 140000/177490
  avaliação: 145000/177490
  avaliação: 150000/177490
  avaliação: 155000/177490
  avaliação: 160000/177490
  avaliação: 165000/177490
  avaliação: 170000/177490
  avaliação: 175000/177490
  avaliação: 177490/177490
{"arm": "E", "fonte": "prefixo 15000 da trajetória de entropia do E6 (SGD), gold", "n_train": 15000, "n_train_classes": 644, "epochs": 3, "batch_size": 128, "max_length": 32, "seed": 7, "data_seed": 42, "eval_n": 177490, "eval_limit": 0, "accuracy": 0.7005, "accuracy_wilson95": [0.6984, 0.7026], "macro_f1": 0.205, "fit_seconds": 256.4, "predict_seconds": 305.8}

=== braço D: pool inteiro, gold (régua) · n=50000 classes=649 ===

Loading weights:   0%|          | 0/199 [00:00<?, ?it/s]
Loading weights:   1%|          | 1/199 [00:00<00:00, 37117.73it/s, Materializing param=bert.embeddings.LayerNorm.bias]
Loading weights:   1%|          | 1/199 [00:00<00:00, 7584.64it/s, Materializing param=bert.embeddings.LayerNorm.bias] 
Loading weights:   1%|          | 2/199 [00:00<00:00, 4796.23it/s, Materializing param=bert.embeddings.LayerNorm.weight]
Loading weights:   1%|          | 2/199 [00:00<00:00, 3766.78it/s, Materializing param=bert.embeddings.LayerNorm.weight]
Loading weights:   2%|▏         | 3/199 [00:00<00:00, 3000.93it/s, Materializing param=bert.embeddings.position_embeddings.weight]
Loading weights:   2%|▏         | 3/199 [00:00<00:00, 2592.81it/s, Materializing param=bert.embeddings.position_embeddings.weight]
Loading weights:   2%|▏         | 4/199 [00:00<00:00, 1748.72it/s, Materializing param=bert.embeddings.token_type_embeddings.weight]
Loading weights:   2%|▏         | 4/199 [00:00<00:00, 1646.76it/s, Materializing param=bert.embeddings.token_type_embeddings.weight]
Loading weights:   3%|▎         | 5/199 [00:00<00:00, 1500.43it/s, Materializing param=bert.embeddings.word_embeddings.weight]      
Loading weights:   3%|▎         | 5/199 [00:00<00:00, 1446.41it/s, Materializing param=bert.embeddings.word_embeddings.weight]
Loading weights:   3%|▎         | 6/199 [00:00<00:00, 1182.44it/s, Materializing param=bert.encoder.layer.0.attention.output.LayerNorm.bias]
Loading weights:   3%|▎         | 6/199 [00:00<00:00, 1154.87it/s, Materializing param=bert.encoder.layer.0.attention.output.LayerNorm.bias]
Loading weights:   4%|▎         | 7/199 [00:00<00:00, 1276.75it/s, Materializing param=bert.encoder.layer.0.attention.output.LayerNorm.weight]
Loading weights:   4%|▎         | 7/199 [00:00<00:00, 736.36it/s, Materializing param=bert.encoder.layer.0.attention.output.LayerNorm.weight] 
Loading weights:   4%|▍         | 8/199 [00:00<00:00, 770.62it/s, Materializing param=bert.encoder.layer.0.attention.output.dense.bias]      
Loading weights:   4%|▍         | 8/199 [00:00<00:00, 724.19it/s, Materializing param=bert.encoder.layer.0.attention.output.dense.bias]
Loading weights:   5%|▍         | 9/199 [00:00<00:00, 586.81it/s, Materializing param=bert.encoder.layer.0.attention.output.dense.weight]
Loading weights:   5%|▍         | 9/199 [00:00<00:00, 580.98it/s, Materializing param=bert.encoder.layer.0.attention.output.dense.weight]
Loading weights:   5%|▌         | 10/199 [00:00<00:00, 599.47it/s, Materializing param=bert.encoder.layer.0.attention.self.key.bias]     
Loading weights:   5%|▌         | 10/199 [00:00<00:00, 593.04it/s, Materializing param=bert.encoder.layer.0.attention.self.key.bias]
Loading weights:   6%|▌         | 11/199 [00:00<00:00, 606.56it/s, Materializing param=bert.encoder.layer.0.attention.self.key.weight]
Loading weights:   6%|▌         | 11/199 [00:00<00:00, 601.62it/s, Materializing param=bert.encoder.layer.0.attention.self.key.weight]
Loading weights:   6%|▌         | 12/199 [00:00<00:00, 627.78it/s, Materializing param=bert.encoder.layer.0.attention.self.query.bias]
Loading weights:   6%|▌         | 12/199 [00:00<00:00, 623.62it/s, Materializing param=bert.encoder.layer.0.attention.self.query.bias]
Loading weights:   7%|▋         | 13/199 [00:00<00:00, 660.23it/s, Materializing param=bert.encoder.layer.0.attention.self.query.weight]
Loading weights:   7%|▋         | 13/199 [00:00<00:00, 655.16it/s, Materializing param=bert.encoder.layer.0.attention.self.query.weight]
Loading weights:   7%|▋         | 14/199 [00:00<00:00, 695.84it/s, Materializing param=bert.encoder.layer.0.attention.self.value.bias]  
Loading weights:   7%|▋         | 14/199 [00:00<00:00, 692.11it/s, Materializing param=bert.encoder.layer.0.attention.self.value.bias]
Loading weights:   8%|▊         | 15/199 [00:00<00:00, 734.40it/s, Materializing param=bert.encoder.layer.0.attention.self.value.weight]
Loading weights:   8%|▊         | 15/199 [00:00<00:00, 730.76it/s, Materializing param=bert.encoder.layer.0.attention.self.value.weight]
Loading weights:   8%|▊         | 16/199 [00:00<00:00, 772.90it/s, Materializing param=bert.encoder.layer.0.intermediate.dense.bias]    
Loading weights:   8%|▊         | 16/199 [00:00<00:00, 768.66it/s, Materializing param=bert.encoder.layer.0.intermediate.dense.bias]
Loading weights:   9%|▊         | 17/199 [00:00<00:00, 808.03it/s, Materializing param=bert.encoder.layer.0.intermediate.dense.weight]
Loading weights:   9%|▊         | 17/199 [00:00<00:00, 803.52it/s, Materializing param=bert.encoder.layer.0.intermediate.dense.weight]
Loading weights:   9%|▉         | 18/199 [00:00<00:00, 841.85it/s, Materializing param=bert.encoder.layer.0.output.LayerNorm.bias]    
Loading weights:   9%|▉         | 18/199 [00:00<00:00, 837.33it/s, Materializing param=bert.encoder.layer.0.output.LayerNorm.bias]
Loading weights:  10%|▉         | 19/199 [00:00<00:00, 875.12it/s, Materializing param=bert.encoder.layer.0.output.LayerNorm.weight]
Loading weights:  10%|▉         | 19/199 [00:00<00:00, 869.67it/s, Materializing param=bert.encoder.layer.0.output.LayerNorm.weight]
Loading weights:  10%|█         | 20/199 [00:00<00:00, 908.32it/s, Materializing param=bert.encoder.layer.0.output.dense.bias]      
Loading weights:  10%|█         | 20/199 [00:00<00:00, 902.66it/s, Materializing param=bert.encoder.layer.0.output.dense.bias]
Loading weights:  11%|█         | 21/199 [00:00<00:00, 938.16it/s, Materializing param=bert.encoder.layer.0.output.dense.weight]
Loading weights:  11%|█         | 21/199 [00:00<00:00, 933.24it/s, Materializing param=bert.encoder.layer.0.output.dense.weight]
Loading weights:  11%|█         | 22/199 [00:00<00:00, 971.92it/s, Materializing param=bert.encoder.layer.1.attention.output.LayerNorm.bias]
Loading weights:  11%|█         | 22/199 [00:00<00:00, 964.37it/s, Materializing param=bert.encoder.layer.1.attention.output.LayerNorm.bias]
Loading weights:  12%|█▏        | 23/199 [00:00<00:00, 997.55it/s, Materializing param=bert.encoder.layer.1.attention.output.LayerNorm.weight]
Loading weights:  12%|█▏        | 23/199 [00:00<00:00, 992.29it/s, Materializing param=bert.encoder.layer.1.attention.output.LayerNorm.weight]
Loading weights:  12%|█▏        | 24/199 [00:00<00:00, 1026.18it/s, Materializing param=bert.encoder.layer.1.attention.output.dense.bias]     
Loading weights:  12%|█▏        | 24/199 [00:00<00:00, 1020.42it/s, Materializing param=bert.encoder.layer.1.attention.output.dense.bias]
Loading weights:  13%|█▎        | 25/199 [00:00<00:00, 1052.59it/s, Materializing param=bert.encoder.layer.1.attention.output.dense.weight]
Loading weights:  13%|█▎        | 25/199 [00:00<00:00, 1047.84it/s, Materializing param=bert.encoder.layer.1.attention.output.dense.weight]
Loading weights:  13%|█▎        | 26/199 [00:00<00:00, 1081.13it/s, Materializing param=bert.encoder.layer.1.attention.self.key.bias]      
Loading weights:  13%|█▎        | 26/199 [00:00<00:00, 1076.89it/s, Materializing param=bert.encoder.layer.1.attention.self.key.bias]
Loading weights:  14%|█▎        | 27/199 [00:00<00:00, 1107.78it/s, Materializing param=bert.encoder.layer.1.attention.self.key.weight]
Loading weights:  14%|█▎        | 27/199 [00:00<00:00, 1102.20it/s, Materializing param=bert.encoder.layer.1.attention.self.key.weight]
Loading weights:  14%|█▍        | 28/199 [00:00<00:00, 1136.01it/s, Materializing param=bert.encoder.layer.1.attention.self.query.bias]
Loading weights:  14%|█▍        | 28/199 [00:00<00:00, 1130.32it/s, Materializing param=bert.encoder.layer.1.attention.self.query.bias]
Loading weights:  15%|█▍        | 29/199 [00:00<00:00, 1159.58it/s, Materializing param=bert.encoder.layer.1.attention.self.query.weight]
Loading weights:  15%|█▍        | 29/199 [00:00<00:00, 1153.83it/s, Materializing param=bert.encoder.layer.1.attention.self.query.weight]
Loading weights:  15%|█▌        | 30/199 [00:00<00:00, 1182.39it/s, Materializing param=bert.encoder.layer.1.attention.self.value.bias]  
Loading weights:  15%|█▌        | 30/199 [00:00<00:00, 1176.97it/s, Materializing param=bert.encoder.layer.1.attention.self.value.bias]
Loading weights:  16%|█▌        | 31/199 [00:00<00:00, 1206.34it/s, Materializing param=bert.encoder.layer.1.attention.self.value.weight]
Loading weights:  16%|█▌        | 31/199 [00:00<00:00, 1200.33it/s, Materializing param=bert.encoder.layer.1.attention.self.value.weight]
Loading weights:  16%|█▌        | 32/199 [00:00<00:00, 1230.03it/s, Materializing param=bert.encoder.layer.1.intermediate.dense.bias]    
Loading weights:  16%|█▌        | 32/199 [00:00<00:00, 1224.60it/s, Materializing param=bert.encoder.layer.1.intermediate.dense.bias]
Loading weights:  17%|█▋        | 33/199 [00:00<00:00, 1250.67it/s, Materializing param=bert.encoder.layer.1.intermediate.dense.weight]
Loading weights:  17%|█▋        | 33/199 [00:00<00:00, 1244.81it/s, Materializing param=bert.encoder.layer.1.intermediate.dense.weight]
Loading weights:  17%|█▋        | 34/199 [00:00<00:00, 1274.89it/s, Materializing param=bert.encoder.layer.1.output.LayerNorm.bias]    
Loading weights:  17%|█▋        | 34/199 [00:00<00:00, 1266.24it/s, Materializing param=bert.encoder.layer.1.output.LayerNorm.bias]
Loading weights:  18%|█▊        | 35/199 [00:00<00:00, 1290.62it/s, Materializing param=bert.encoder.layer.1.output.LayerNorm.weight]
Loading weights:  18%|█▊        | 35/199 [00:00<00:00, 1284.46it/s, Materializing param=bert.encoder.layer.1.output.LayerNorm.weight]
Loading weights:  18%|█▊        | 36/199 [00:00<00:00, 1310.77it/s, Materializing param=bert.encoder.layer.1.output.dense.bias]      
Loading weights:  18%|█▊        | 36/199 [00:00<00:00, 1305.82it/s, Materializing param=bert.encoder.layer.1.output.dense.bias]
Loading weights:  19%|█▊        | 37/199 [00:00<00:00, 1332.59it/s, Materializing param=bert.encoder.layer.1.output.dense.weight]
Loading weights:  19%|█▊        | 37/199 [00:00<00:00, 1326.31it/s, Materializing param=bert.encoder.layer.1.output.dense.weight]
Loading weights:  19%|█▉        | 38/199 [00:00<00:00, 1354.67it/s, Materializing param=bert.encoder.layer.2.attention.output.LayerNorm.bias]
Loading weights:  19%|█▉        | 38/199 [00:00<00:00, 1347.50it/s, Materializing param=bert.encoder.layer.2.attention.output.LayerNorm.bias]
Loading weights:  20%|█▉        | 39/199 [00:00<00:00, 1371.37it/s, Materializing param=bert.encoder.layer.2.attention.output.LayerNorm.weight]
Loading weights:  20%|█▉        | 39/199 [00:00<00:00, 1365.25it/s, Materializing param=bert.encoder.layer.2.attention.output.LayerNorm.weight]
Loading weights:  20%|██        | 40/199 [00:00<00:00, 1392.66it/s, Materializing param=bert.encoder.layer.2.attention.output.dense.bias]      
Loading weights:  20%|██        | 40/199 [00:00<00:00, 1385.72it/s, Materializing param=bert.encoder.layer.2.attention.output.dense.bias]
Loading weights:  21%|██        | 41/199 [00:00<00:00, 1409.58it/s, Materializing param=bert.encoder.layer.2.attention.output.dense.weight]
Loading weights:  21%|██        | 41/199 [00:00<00:00, 1403.83it/s, Materializing param=bert.encoder.layer.2.attention.output.dense.weight]
Loading weights:  21%|██        | 42/199 [00:00<00:00, 1428.37it/s, Materializing param=bert.encoder.layer.2.attention.self.key.bias]      
Loading weights:  21%|██        | 42/199 [00:00<00:00, 1424.28it/s, Materializing param=bert.encoder.layer.2.attention.self.key.bias]
Loading weights:  22%|██▏       | 43/199 [00:00<00:00, 1448.65it/s, Materializing param=bert.encoder.layer.2.attention.self.key.weight]
Loading weights:  22%|██▏       | 43/199 [00:00<00:00, 1441.46it/s, Materializing param=bert.encoder.layer.2.attention.self.key.weight]
Loading weights:  22%|██▏       | 44/199 [00:00<00:00, 1466.82it/s, Materializing param=bert.encoder.layer.2.attention.self.query.bias]
Loading weights:  22%|██▏       | 44/199 [00:00<00:00, 1459.89it/s, Materializing param=bert.encoder.layer.2.attention.self.query.bias]
Loading weights:  23%|██▎       | 45/199 [00:00<00:00, 1483.39it/s, Materializing param=bert.encoder.layer.2.attention.self.query.weight]
Loading weights:  23%|██▎       | 45/199 [00:00<00:00, 1477.77it/s, Materializing param=bert.encoder.layer.2.attention.self.query.weight]
Loading weights:  23%|██▎       | 46/199 [00:00<00:00, 1501.90it/s, Materializing param=bert.encoder.layer.2.attention.self.value.bias]  
Loading weights:  23%|██▎       | 46/199 [00:00<00:00, 1496.18it/s, Materializing param=bert.encoder.layer.2.attention.self.value.bias]
Loading weights:  24%|██▎       | 47/199 [00:00<00:00, 1516.89it/s, Materializing param=bert.encoder.layer.2.attention.self.value.weight]
Loading weights:  24%|██▎       | 47/199 [00:00<00:00, 1510.27it/s, Materializing param=bert.encoder.layer.2.attention.self.value.weight]
Loading weights:  24%|██▍       | 48/199 [00:00<00:00, 1532.19it/s, Materializing param=bert.encoder.layer.2.intermediate.dense.bias]    
Loading weights:  24%|██▍       | 48/199 [00:00<00:00, 1526.20it/s, Materializing param=bert.encoder.layer.2.intermediate.dense.bias]
Loading weights:  25%|██▍       | 49/199 [00:00<00:00, 1546.63it/s, Materializing param=bert.encoder.layer.2.intermediate.dense.weight]
Loading weights:  25%|██▍       | 49/199 [00:00<00:00, 1543.07it/s, Materializing param=bert.encoder.layer.2.intermediate.dense.weight]
Loading weights:  25%|██▌       | 50/199 [00:00<00:00, 1561.21it/s, Materializing param=bert.encoder.layer.2.output.LayerNorm.bias]    
Loading weights:  25%|██▌       | 50/199 [00:00<00:00, 1555.50it/s, Materializing param=bert.encoder.layer.2.output.LayerNorm.bias]
Loading weights:  26%|██▌       | 51/199 [00:00<00:00, 1575.76it/s, Materializing param=bert.encoder.layer.2.output.LayerNorm.weight]
Loading weights:  26%|██▌       | 51/199 [00:00<00:00, 1570.70it/s, Materializing param=bert.encoder.layer.2.output.LayerNorm.weight]
Loading weights:  26%|██▌       | 52/199 [00:00<00:00, 1595.57it/s, Materializing param=bert.encoder.layer.2.output.dense.bias]      
Loading weights:  26%|██▌       | 52/199 [00:00<00:00, 1590.12it/s, Materializing param=bert.encoder.layer.2.output.dense.bias]
Loading weights:  27%|██▋       | 53/199 [00:00<00:00, 1608.75it/s, Materializing param=bert.encoder.layer.2.output.dense.weight]
Loading weights:  27%|██▋       | 53/199 [00:00<00:00, 1603.77it/s, Materializing param=bert.encoder.layer.2.output.dense.weight]
Loading weights:  27%|██▋       | 54/199 [00:00<00:00, 1626.79it/s, Materializing param=bert.encoder.layer.3.attention.output.LayerNorm.bias]
Loading weights:  27%|██▋       | 54/199 [00:00<00:00, 1619.19it/s, Materializing param=bert.encoder.layer.3.attention.output.LayerNorm.bias]
Loading weights:  28%|██▊       | 55/199 [00:00<00:00, 1638.48it/s, Materializing param=bert.encoder.layer.3.attention.output.LayerNorm.weight]
Loading weights:  28%|██▊       | 55/199 [00:00<00:00, 1631.25it/s, Materializing param=bert.encoder.layer.3.attention.output.LayerNorm.weight]
Loading weights:  28%|██▊       | 56/199 [00:00<00:00, 1648.66it/s, Materializing param=bert.encoder.layer.3.attention.output.dense.bias]      
Loading weights:  28%|██▊       | 56/199 [00:00<00:00, 1642.67it/s, Materializing param=bert.encoder.layer.3.attention.output.dense.bias]
Loading weights:  29%|██▊       | 57/199 [00:00<00:00, 1660.86it/s, Materializing param=bert.encoder.layer.3.attention.output.dense.weight]
Loading weights:  29%|██▊       | 57/199 [00:00<00:00, 1654.67it/s, Materializing param=bert.encoder.layer.3.attention.output.dense.weight]
Loading weights:  29%|██▉       | 58/199 [00:00<00:00, 1672.30it/s, Materializing param=bert.encoder.layer.3.attention.self.key.bias]      
Loading weights:  29%|██▉       | 58/199 [00:00<00:00, 1666.06it/s, Materializing param=bert.encoder.layer.3.attention.self.key.bias]
Loading weights:  30%|██▉       | 59/199 [00:00<00:00, 1682.42it/s, Materializing param=bert.encoder.layer.3.attention.self.key.weight]
Loading weights:  30%|██▉       | 59/199 [00:00<00:00, 1679.17it/s, Materializing param=bert.encoder.layer.3.attention.self.key.weight]
Loading weights:  30%|███       | 60/199 [00:00<00:00, 1695.81it/s, Materializing param=bert.encoder.layer.3.attention.self.query.bias]
Loading weights:  30%|███       | 60/199 [00:00<00:00, 1687.67it/s, Materializing param=bert.encoder.layer.3.attention.self.query.bias]
Loading weights:  31%|███       | 61/199 [00:00<00:00, 1702.22it/s, Materializing param=bert.encoder.layer.3.attention.self.query.weight]
Loading weights:  31%|███       | 61/199 [00:00<00:00, 1695.86it/s, Materializing param=bert.encoder.layer.3.attention.self.query.weight]
Loading weights:  31%|███       | 62/199 [00:00<00:00, 1712.87it/s, Materializing param=bert.encoder.layer.3.attention.self.value.bias]  
Loading weights:  31%|███       | 62/199 [00:00<00:00, 1706.38it/s, Materializing param=bert.encoder.layer.3.attention.self.value.bias]
Loading weights:  32%|███▏      | 63/199 [00:00<00:00, 1725.54it/s, Materializing param=bert.encoder.layer.3.attention.self.value.weight]
Loading weights:  32%|███▏      | 63/199 [00:00<00:00, 1719.35it/s, Materializing param=bert.encoder.layer.3.attention.self.value.weight]
Loading weights:  32%|███▏      | 64/199 [00:00<00:00, 1732.99it/s, Materializing param=bert.encoder.layer.3.intermediate.dense.bias]    
Loading weights:  32%|███▏      | 64/199 [00:00<00:00, 1726.12it/s, Materializing param=bert.encoder.layer.3.intermediate.dense.bias]
Loading weights:  33%|███▎      | 65/199 [00:00<00:00, 1742.15it/s, Materializing param=bert.encoder.layer.3.intermediate.dense.weight]
Loading weights:  33%|███▎      | 65/199 [00:00<00:00, 1736.71it/s, Materializing param=bert.encoder.layer.3.intermediate.dense.weight]
Loading weights:  33%|███▎      | 66/199 [00:00<00:00, 1752.97it/s, Materializing param=bert.encoder.layer.3.output.LayerNorm.bias]    
Loading weights:  33%|███▎      | 66/199 [00:00<00:00, 1746.02it/s, Materializing param=bert.encoder.layer.3.output.LayerNorm.bias]
Loading weights:  34%|███▎      | 67/199 [00:00<00:00, 1761.66it/s, Materializing param=bert.encoder.layer.3.output.LayerNorm.weight]
Loading weights:  34%|███▎      | 67/199 [00:00<00:00, 1756.24it/s, Materializing param=bert.encoder.layer.3.output.LayerNorm.weight]
Loading weights:  34%|███▍      | 68/199 [00:00<00:00, 1773.32it/s, Materializing param=bert.encoder.layer.3.output.dense.bias]      
Loading weights:  34%|███▍      | 68/199 [00:00<00:00, 1767.92it/s, Materializing param=bert.encoder.layer.3.output.dense.bias]
Loading weights:  35%|███▍      | 69/199 [00:00<00:00, 1784.22it/s, Materializing param=bert.encoder.layer.3.output.dense.weight]
Loading weights:  35%|███▍      | 69/199 [00:00<00:00, 1778.11it/s, Materializing param=bert.encoder.layer.3.output.dense.weight]
Loading weights:  35%|███▌      | 70/199 [00:00<00:00, 1795.23it/s, Materializing param=bert.encoder.layer.4.attention.output.LayerNorm.bias]
Loading weights:  35%|███▌      | 70/199 [00:00<00:00, 1791.15it/s, Materializing param=bert.encoder.layer.4.attention.output.LayerNorm.bias]
Loading weights:  36%|███▌      | 71/199 [00:00<00:00, 1805.26it/s, Materializing param=bert.encoder.layer.4.attention.output.LayerNorm.weight]
Loading weights:  36%|███▌      | 71/199 [00:00<00:00, 1800.00it/s, Materializing param=bert.encoder.layer.4.attention.output.LayerNorm.weight]
Loading weights:  36%|███▌      | 72/199 [00:00<00:00, 1817.74it/s, Materializing param=bert.encoder.layer.4.attention.output.dense.bias]      
Loading weights:  36%|███▌      | 72/199 [00:00<00:00, 1812.73it/s, Materializing param=bert.encoder.layer.4.attention.output.dense.bias]
Loading weights:  37%|███▋      | 73/199 [00:00<00:00, 1826.45it/s, Materializing param=bert.encoder.layer.4.attention.output.dense.weight]
Loading weights:  37%|███▋      | 73/199 [00:00<00:00, 1821.92it/s, Materializing param=bert.encoder.layer.4.attention.output.dense.weight]
Loading weights:  37%|███▋      | 74/199 [00:00<00:00, 1839.12it/s, Materializing param=bert.encoder.layer.4.attention.self.key.bias]      
Loading weights:  37%|███▋      | 74/199 [00:00<00:00, 1832.09it/s, Materializing param=bert.encoder.layer.4.attention.self.key.bias]
Loading weights:  38%|███▊      | 75/199 [00:00<00:00, 1846.29it/s, Materializing param=bert.encoder.layer.4.attention.self.key.weight]
Loading weights:  38%|███▊      | 75/199 [00:00<00:00, 1842.95it/s, Materializing param=bert.encoder.layer.4.attention.self.key.weight]
Loading weights:  38%|███▊      | 76/199 [00:00<00:00, 1858.35it/s, Materializing param=bert.encoder.layer.4.attention.self.query.bias]
Loading weights:  38%|███▊      | 76/199 [00:00<00:00, 1851.66it/s, Materializing param=bert.encoder.layer.4.attention.self.query.bias]
Loading weights:  39%|███▊      | 77/199 [00:00<00:00, 1865.01it/s, Materializing param=bert.encoder.layer.4.attention.self.query.weight]
Loading weights:  39%|███▊      | 77/199 [00:00<00:00, 1861.61it/s, Materializing param=bert.encoder.layer.4.attention.self.query.weight]
Loading weights:  39%|███▉      | 78/199 [00:00<00:00, 1875.52it/s, Materializing param=bert.encoder.layer.4.attention.self.value.bias]  
Loading weights:  39%|███▉      | 78/199 [00:00<00:00, 1870.22it/s, Materializing param=bert.encoder.layer.4.attention.self.value.bias]
Loading weights:  40%|███▉      | 79/199 [00:00<00:00, 1883.01it/s, Materializing param=bert.encoder.layer.4.attention.self.value.weight]
Loading weights:  40%|███▉      | 79/199 [00:00<00:00, 1879.96it/s, Materializing param=bert.encoder.layer.4.attention.self.value.weight]
Loading weights:  40%|████      | 80/199 [00:00<00:00, 1892.95it/s, Materializing param=bert.encoder.layer.4.intermediate.dense.bias]    
Loading weights:  40%|████      | 80/199 [00:00<00:00, 1885.91it/s, Materializing param=bert.encoder.layer.4.intermediate.dense.bias]
Loading weights:  41%|████      | 81/199 [00:00<00:00, 1902.56it/s, Materializing param=bert.encoder.layer.4.intermediate.dense.weight]
Loading weights:  41%|████      | 81/199 [00:00<00:00, 1897.45it/s, Materializing param=bert.encoder.layer.4.intermediate.dense.weight]
Loading weights:  41%|████      | 82/199 [00:00<00:00, 1910.34it/s, Materializing param=bert.encoder.layer.4.output.LayerNorm.bias]    
Loading weights:  41%|████      | 82/199 [00:00<00:00, 1905.40it/s, Materializing param=bert.encoder.layer.4.output.LayerNorm.bias]
Loading weights:  42%|████▏     | 83/199 [00:00<00:00, 1919.97it/s, Materializing param=bert.encoder.layer.4.output.LayerNorm.weight]
Loading weights:  42%|████▏     | 83/199 [00:00<00:00, 1915.17it/s, Materializing param=bert.encoder.layer.4.output.LayerNorm.weight]
Loading weights:  42%|████▏     | 84/199 [00:00<00:00, 1928.36it/s, Materializing param=bert.encoder.layer.4.output.dense.bias]      
Loading weights:  42%|████▏     | 84/199 [00:00<00:00, 1924.82it/s, Materializing param=bert.encoder.layer.4.output.dense.bias]
Loading weights:  43%|████▎     | 85/199 [00:00<00:00, 1937.88it/s, Materializing param=bert.encoder.layer.4.output.dense.weight]
Loading weights:  43%|████▎     | 85/199 [00:00<00:00, 1932.75it/s, Materializing param=bert.encoder.layer.4.output.dense.weight]
Loading weights:  43%|████▎     | 86/199 [00:00<00:00, 1945.00it/s, Materializing param=bert.encoder.layer.5.attention.output.LayerNorm.bias]
Loading weights:  43%|████▎     | 86/199 [00:00<00:00, 1939.71it/s, Materializing param=bert.encoder.layer.5.attention.output.LayerNorm.bias]
Loading weights:  44%|████▎     | 87/199 [00:00<00:00, 1952.33it/s, Materializing param=bert.encoder.layer.5.attention.output.LayerNorm.weight]
Loading weights:  44%|████▎     | 87/199 [00:00<00:00, 1947.30it/s, Materializing param=bert.encoder.layer.5.attention.output.LayerNorm.weight]
Loading weights:  44%|████▍     | 88/199 [00:00<00:00, 1959.23it/s, Materializing param=bert.encoder.layer.5.attention.output.dense.bias]      
Loading weights:  44%|████▍     | 88/199 [00:00<00:00, 1954.70it/s, Materializing param=bert.encoder.layer.5.attention.output.dense.bias]
Loading weights:  45%|████▍     | 89/199 [00:00<00:00, 1967.66it/s, Materializing param=bert.encoder.layer.5.attention.output.dense.weight]
Loading weights:  45%|████▍     | 89/199 [00:00<00:00, 1963.00it/s, Materializing param=bert.encoder.layer.5.attention.output.dense.weight]
Loading weights:  45%|████▌     | 90/199 [00:00<00:00, 1973.84it/s, Materializing param=bert.encoder.layer.5.attention.self.key.bias]      
Loading weights:  45%|████▌     | 90/199 [00:00<00:00, 1966.94it/s, Materializing param=bert.encoder.layer.5.attention.self.key.bias]
Loading weights:  46%|████▌     | 91/199 [00:00<00:00, 1979.00it/s, Materializing param=bert.encoder.layer.5.attention.self.key.weight]
Loading weights:  46%|████▌     | 91/199 [00:00<00:00, 1971.10it/s, Materializing param=bert.encoder.layer.5.attention.self.key.weight]
Loading weights:  46%|████▌     | 92/199 [00:00<00:00, 1981.83it/s, Materializing param=bert.encoder.layer.5.attention.self.query.bias]
Loading weights:  46%|████▌     | 92/199 [00:00<00:00, 1978.42it/s, Materializing param=bert.encoder.layer.5.attention.self.query.bias]
Loading weights:  47%|████▋     | 93/199 [00:00<00:00, 1988.68it/s, Materializing param=bert.encoder.layer.5.attention.self.query.weight]
Loading weights:  47%|████▋     | 93/199 [00:00<00:00, 1982.28it/s, Materializing param=bert.encoder.layer.5.attention.self.query.weight]
Loading weights:  47%|████▋     | 94/199 [00:00<00:00, 1992.93it/s, Materializing param=bert.encoder.layer.5.attention.self.value.bias]  
Loading weights:  47%|████▋     | 94/199 [00:00<00:00, 1989.82it/s, Materializing param=bert.encoder.layer.5.attention.self.value.bias]
Loading weights:  48%|████▊     | 95/199 [00:00<00:00, 1998.74it/s, Materializing param=bert.encoder.layer.5.attention.self.value.weight]
Loading weights:  48%|████▊     | 95/199 [00:00<00:00, 1993.39it/s, Materializing param=bert.encoder.layer.5.attention.self.value.weight]
Loading weights:  48%|████▊     | 96/199 [00:00<00:00, 2005.19it/s, Materializing param=bert.encoder.layer.5.intermediate.dense.bias]    
Loading weights:  48%|████▊     | 96/199 [00:00<00:00, 2000.16it/s, Materializing param=bert.encoder.layer.5.intermediate.dense.bias]
Loading weights:  49%|████▊     | 97/199 [00:00<00:00, 2011.76it/s, Materializing param=bert.encoder.layer.5.intermediate.dense.weight]
Loading weights:  49%|████▊     | 97/199 [00:00<00:00, 2006.82it/s, Materializing param=bert.encoder.layer.5.intermediate.dense.weight]
Loading weights:  49%|████▉     | 98/199 [00:00<00:00, 2020.26it/s, Materializing param=bert.encoder.layer.5.output.LayerNorm.bias]    
Loading weights:  49%|████▉     | 98/199 [00:00<00:00, 2015.81it/s, Materializing param=bert.encoder.layer.5.output.LayerNorm.bias]
Loading weights:  50%|████▉     | 99/199 [00:00<00:00, 2027.23it/s, Materializing param=bert.encoder.layer.5.output.LayerNorm.weight]
Loading weights:  50%|████▉     | 99/199 [00:00<00:00, 2021.92it/s, Materializing param=bert.encoder.layer.5.output.LayerNorm.weight]
Loading weights:  50%|█████     | 100/199 [00:00<00:00, 2035.76it/s, Materializing param=bert.encoder.layer.5.output.dense.bias]     
Loading weights:  50%|█████     | 100/199 [00:00<00:00, 2030.68it/s, Materializing param=bert.encoder.layer.5.output.dense.bias]
Loading weights:  51%|█████     | 101/199 [00:00<00:00, 2042.08it/s, Materializing param=bert.encoder.layer.5.output.dense.weight]
Loading weights:  51%|█████     | 101/199 [00:00<00:00, 2037.92it/s, Materializing param=bert.encoder.layer.5.output.dense.weight]
Loading weights:  51%|█████▏    | 102/199 [00:00<00:00, 2049.85it/s, Materializing param=bert.encoder.layer.6.attention.output.LayerNorm.bias]
Loading weights:  51%|█████▏    | 102/199 [00:00<00:00, 2043.96it/s, Materializing param=bert.encoder.layer.6.attention.output.LayerNorm.bias]
Loading weights:  52%|█████▏    | 103/199 [00:00<00:00, 2053.44it/s, Materializing param=bert.encoder.layer.6.attention.output.LayerNorm.weight]
Loading weights:  52%|█████▏    | 103/199 [00:00<00:00, 2048.49it/s, Materializing param=bert.encoder.layer.6.attention.output.LayerNorm.weight]
Loading weights:  52%|█████▏    | 104/199 [00:00<00:00, 2059.14it/s, Materializing param=bert.encoder.layer.6.attention.output.dense.bias]      
Loading weights:  52%|█████▏    | 104/199 [00:00<00:00, 2054.69it/s, Materializing param=bert.encoder.layer.6.attention.output.dense.bias]
Loading weights:  53%|█████▎    | 105/199 [00:00<00:00, 2067.11it/s, Materializing param=bert.encoder.layer.6.attention.output.dense.weight]
Loading weights:  53%|█████▎    | 105/199 [00:00<00:00, 2060.78it/s, Materializing param=bert.encoder.layer.6.attention.output.dense.weight]
Loading weights:  53%|█████▎    | 106/199 [00:00<00:00, 2070.54it/s, Materializing param=bert.encoder.layer.6.attention.self.key.bias]      
Loading weights:  53%|█████▎    | 106/199 [00:00<00:00, 2066.82it/s, Materializing param=bert.encoder.layer.6.attention.self.key.bias]
Loading weights:  54%|█████▍    | 107/199 [00:00<00:00, 2076.59it/s, Materializing param=bert.encoder.layer.6.attention.self.key.weight]
Loading weights:  54%|█████▍    | 107/199 [00:00<00:00, 2071.91it/s, Materializing param=bert.encoder.layer.6.attention.self.key.weight]
Loading weights:  54%|█████▍    | 108/199 [00:00<00:00, 2080.39it/s, Materializing param=bert.encoder.layer.6.attention.self.query.bias]
Loading weights:  54%|█████▍    | 108/199 [00:00<00:00, 2076.71it/s, Materializing param=bert.encoder.layer.6.attention.self.query.bias]
Loading weights:  55%|█████▍    | 109/199 [00:00<00:00, 2089.02it/s, Materializing param=bert.encoder.layer.6.attention.self.query.weight]
Loading weights:  55%|█████▍    | 109/199 [00:00<00:00, 2084.18it/s, Materializing param=bert.encoder.layer.6.attention.self.query.weight]
Loading weights:  55%|█████▌    | 110/199 [00:00<00:00, 2094.33it/s, Materializing param=bert.encoder.layer.6.attention.self.value.bias]  
Loading weights:  55%|█████▌    | 110/199 [00:00<00:00, 2091.05it/s, Materializing param=bert.encoder.layer.6.attention.self.value.bias]
Loading weights:  56%|█████▌    | 111/199 [00:00<00:00, 2102.31it/s, Materializing param=bert.encoder.layer.6.attention.self.value.weight]
Loading weights:  56%|█████▌    | 111/199 [00:00<00:00, 2096.67it/s, Materializing param=bert.encoder.layer.6.attention.self.value.weight]
Loading weights:  56%|█████▋    | 112/199 [00:00<00:00, 2105.26it/s, Materializing param=bert.encoder.layer.6.intermediate.dense.bias]    
Loading weights:  56%|█████▋    | 112/199 [00:00<00:00, 2100.71it/s, Materializing param=bert.encoder.layer.6.intermediate.dense.bias]
Loading weights:  57%|█████▋    | 113/199 [00:00<00:00, 2111.58it/s, Materializing param=bert.encoder.layer.6.intermediate.dense.weight]
Loading weights:  57%|█████▋    | 113/199 [00:00<00:00, 2107.60it/s, Materializing param=bert.encoder.layer.6.intermediate.dense.weight]
Loading weights:  57%|█████▋    | 114/199 [00:00<00:00, 2117.46it/s, Materializing param=bert.encoder.layer.6.output.LayerNorm.bias]    
Loading weights:  57%|█████▋    | 114/199 [00:00<00:00, 2112.33it/s, Materializing param=bert.encoder.layer.6.output.LayerNorm.bias]
Loading weights:  58%|█████▊    | 115/199 [00:00<00:00, 2121.82it/s, Materializing param=bert.encoder.layer.6.output.LayerNorm.weight]
Loading weights:  58%|█████▊    | 115/199 [00:00<00:00, 2117.57it/s, Materializing param=bert.encoder.layer.6.output.LayerNorm.weight]
Loading weights:  58%|█████▊    | 116/199 [00:00<00:00, 2129.04it/s, Materializing param=bert.encoder.layer.6.output.dense.bias]      
Loading weights:  58%|█████▊    | 116/199 [00:00<00:00, 2125.29it/s, Materializing param=bert.encoder.layer.6.output.dense.bias]
Loading weights:  59%|█████▉    | 117/199 [00:00<00:00, 2136.64it/s, Materializing param=bert.encoder.layer.6.output.dense.weight]
Loading weights:  59%|█████▉    | 117/199 [00:00<00:00, 2132.36it/s, Materializing param=bert.encoder.layer.6.output.dense.weight]
Loading weights:  59%|█████▉    | 118/199 [00:00<00:00, 2141.57it/s, Materializing param=bert.encoder.layer.7.attention.output.LayerNorm.bias]
Loading weights:  59%|█████▉    | 118/199 [00:00<00:00, 2136.78it/s, Materializing param=bert.encoder.layer.7.attention.output.LayerNorm.bias]
Loading weights:  60%|█████▉    | 119/199 [00:00<00:00, 2146.78it/s, Materializing param=bert.encoder.layer.7.attention.output.LayerNorm.weight]
Loading weights:  60%|█████▉    | 119/199 [00:00<00:00, 2142.00it/s, Materializing param=bert.encoder.layer.7.attention.output.LayerNorm.weight]
Loading weights:  60%|██████    | 120/199 [00:00<00:00, 2152.92it/s, Materializing param=bert.encoder.layer.7.attention.output.dense.bias]      
Loading weights:  60%|██████    | 120/199 [00:00<00:00, 2147.41it/s, Materializing param=bert.encoder.layer.7.attention.output.dense.bias]
Loading weights:  61%|██████    | 121/199 [00:00<00:00, 2156.14it/s, Materializing param=bert.encoder.layer.7.attention.output.dense.weight]
Loading weights:  61%|██████    | 121/199 [00:00<00:00, 2151.71it/s, Materializing param=bert.encoder.layer.7.attention.output.dense.weight]
Loading weights:  61%|██████▏   | 122/199 [00:00<00:00, 2163.89it/s, Materializing param=bert.encoder.layer.7.attention.self.key.bias]      
Loading weights:  61%|██████▏   | 122/199 [00:00<00:00, 2158.84it/s, Materializing param=bert.encoder.layer.7.attention.self.key.bias]
Loading weights:  62%|██████▏   | 123/199 [00:00<00:00, 2167.50it/s, Materializing param=bert.encoder.layer.7.attention.self.key.weight]
Loading weights:  62%|██████▏   | 123/199 [00:00<00:00, 2163.41it/s, Materializing param=bert.encoder.layer.7.attention.self.key.weight]
Loading weights:  62%|██████▏   | 124/199 [00:00<00:00, 2171.93it/s, Materializing param=bert.encoder.layer.7.attention.self.query.bias]
Loading weights:  62%|██████▏   | 124/199 [00:00<00:00, 2167.75it/s, Materializing param=bert.encoder.layer.7.attention.self.query.bias]
Loading weights:  63%|██████▎   | 125/199 [00:00<00:00, 2177.37it/s, Materializing param=bert.encoder.layer.7.attention.self.query.weight]
Loading weights:  63%|██████▎   | 125/199 [00:00<00:00, 2173.95it/s, Materializing param=bert.encoder.layer.7.attention.self.query.weight]
Loading weights:  63%|██████▎   | 126/199 [00:00<00:00, 2183.52it/s, Materializing param=bert.encoder.layer.7.attention.self.value.bias]  
Loading weights:  63%|██████▎   | 126/199 [00:00<00:00, 2178.45it/s, Materializing param=bert.encoder.layer.7.attention.self.value.bias]
Loading weights:  64%|██████▍   | 127/199 [00:00<00:00, 2189.25it/s, Materializing param=bert.encoder.layer.7.attention.self.value.weight]
Loading weights:  64%|██████▍   | 127/199 [00:00<00:00, 2183.72it/s, Materializing param=bert.encoder.layer.7.attention.self.value.weight]
Loading weights:  64%|██████▍   | 128/199 [00:00<00:00, 2191.86it/s, Materializing param=bert.encoder.layer.7.intermediate.dense.bias]    
Loading weights:  64%|██████▍   | 128/199 [00:00<00:00, 2187.39it/s, Materializing param=bert.encoder.layer.7.intermediate.dense.bias]
Loading weights:  65%|██████▍   | 129/199 [00:00<00:00, 2197.52it/s, Materializing param=bert.encoder.layer.7.intermediate.dense.weight]
Loading weights:  65%|██████▍   | 129/199 [00:00<00:00, 2193.28it/s, Materializing param=bert.encoder.layer.7.intermediate.dense.weight]
Loading weights:  65%|██████▌   | 130/199 [00:00<00:00, 2201.63it/s, Materializing param=bert.encoder.layer.7.output.LayerNorm.bias]    
Loading weights:  65%|██████▌   | 130/199 [00:00<00:00, 2197.89it/s, Materializing param=bert.encoder.layer.7.output.LayerNorm.bias]
Loading weights:  66%|██████▌   | 131/199 [00:00<00:00, 2206.77it/s, Materializing param=bert.encoder.layer.7.output.LayerNorm.weight]
Loading weights:  66%|██████▌   | 131/199 [00:00<00:00, 2202.38it/s, Materializing param=bert.encoder.layer.7.output.LayerNorm.weight]
Loading weights:  66%|██████▋   | 132/199 [00:00<00:00, 2210.55it/s, Materializing param=bert.encoder.layer.7.output.dense.bias]      
Loading weights:  66%|██████▋   | 132/199 [00:00<00:00, 2206.11it/s, Materializing param=bert.encoder.layer.7.output.dense.bias]
Loading weights:  67%|██████▋   | 133/199 [00:00<00:00, 2215.01it/s, Materializing param=bert.encoder.layer.7.output.dense.weight]
Loading weights:  67%|██████▋   | 133/199 [00:00<00:00, 2210.91it/s, Materializing param=bert.encoder.layer.7.output.dense.weight]
Loading weights:  67%|██████▋   | 134/199 [00:00<00:00, 2218.74it/s, Materializing param=bert.encoder.layer.8.attention.output.LayerNorm.bias]
Loading weights:  67%|██████▋   | 134/199 [00:00<00:00, 2214.09it/s, Materializing param=bert.encoder.layer.8.attention.output.LayerNorm.bias]
Loading weights:  68%|██████▊   | 135/199 [00:00<00:00, 2222.19it/s, Materializing param=bert.encoder.layer.8.attention.output.LayerNorm.weight]
Loading weights:  68%|██████▊   | 135/199 [00:00<00:00, 2217.37it/s, Materializing param=bert.encoder.layer.8.attention.output.LayerNorm.weight]
Loading weights:  68%|██████▊   | 136/199 [00:00<00:00, 2223.32it/s, Materializing param=bert.encoder.layer.8.attention.output.dense.bias]      
Loading weights:  68%|██████▊   | 136/199 [00:00<00:00, 2219.27it/s, Materializing param=bert.encoder.layer.8.attention.output.dense.bias]
Loading weights:  69%|██████▉   | 137/199 [00:00<00:00, 2227.29it/s, Materializing param=bert.encoder.layer.8.attention.output.dense.weight]
Loading weights:  69%|██████▉   | 137/199 [00:00<00:00, 2222.26it/s, Materializing param=bert.encoder.layer.8.attention.output.dense.weight]
Loading weights:  69%|██████▉   | 138/199 [00:00<00:00, 2229.45it/s, Materializing param=bert.encoder.layer.8.attention.self.key.bias]      
Loading weights:  69%|██████▉   | 138/199 [00:00<00:00, 2224.11it/s, Materializing param=bert.encoder.layer.8.attention.self.key.bias]
Loading weights:  70%|██████▉   | 139/199 [00:00<00:00, 2232.44it/s, Materializing param=bert.encoder.layer.8.attention.self.key.weight]
Loading weights:  70%|██████▉   | 139/199 [00:00<00:00, 2228.46it/s, Materializing param=bert.encoder.layer.8.attention.self.key.weight]
Loading weights:  70%|███████   | 140/199 [00:00<00:00, 2236.97it/s, Materializing param=bert.encoder.layer.8.attention.self.query.bias]
Loading weights:  70%|███████   | 140/199 [00:00<00:00, 2232.82it/s, Materializing param=bert.encoder.layer.8.attention.self.query.bias]
Loading weights:  71%|███████   | 141/199 [00:00<00:00, 2239.36it/s, Materializing param=bert.encoder.layer.8.attention.self.query.weight]
Loading weights:  71%|███████   | 141/199 [00:00<00:00, 2235.58it/s, Materializing param=bert.encoder.layer.8.attention.self.query.weight]
Loading weights:  71%|███████▏  | 142/199 [00:00<00:00, 2243.53it/s, Materializing param=bert.encoder.layer.8.attention.self.value.bias]  
Loading weights:  71%|███████▏  | 142/199 [00:00<00:00, 2238.74it/s, Materializing param=bert.encoder.layer.8.attention.self.value.bias]
Loading weights:  72%|███████▏  | 143/199 [00:00<00:00, 2246.62it/s, Materializing param=bert.encoder.layer.8.attention.self.value.weight]
Loading weights:  72%|███████▏  | 143/199 [00:00<00:00, 2242.49it/s, Materializing param=bert.encoder.layer.8.attention.self.value.weight]
Loading weights:  72%|███████▏  | 144/199 [00:00<00:00, 2248.83it/s, Materializing param=bert.encoder.layer.8.intermediate.dense.bias]    
Loading weights:  72%|███████▏  | 144/199 [00:00<00:00, 2246.42it/s, Materializing param=bert.encoder.layer.8.intermediate.dense.bias]
Loading weights:  73%|███████▎  | 145/199 [00:00<00:00, 2253.68it/s, Materializing param=bert.encoder.layer.8.intermediate.dense.weight]
Loading weights:  73%|███████▎  | 145/199 [00:00<00:00, 2249.46it/s, Materializing param=bert.encoder.layer.8.intermediate.dense.weight]
Loading weights:  73%|███████▎  | 146/199 [00:00<00:00, 2257.80it/s, Materializing param=bert.encoder.layer.8.output.LayerNorm.bias]    
Loading weights:  73%|███████▎  | 146/199 [00:00<00:00, 2253.20it/s, Materializing param=bert.encoder.layer.8.output.LayerNorm.bias]
Loading weights:  74%|███████▍  | 147/199 [00:00<00:00, 2260.60it/s, Materializing param=bert.encoder.layer.8.output.LayerNorm.weight]
Loading weights:  74%|███████▍  | 147/199 [00:00<00:00, 2256.46it/s, Materializing param=bert.encoder.layer.8.output.LayerNorm.weight]
Loading weights:  74%|███████▍  | 148/199 [00:00<00:00, 2265.53it/s, Materializing param=bert.encoder.layer.8.output.dense.bias]      
Loading weights:  74%|███████▍  | 148/199 [00:00<00:00, 2262.18it/s, Materializing param=bert.encoder.layer.8.output.dense.bias]
Loading weights:  75%|███████▍  | 149/199 [00:00<00:00, 2269.45it/s, Materializing param=bert.encoder.layer.8.output.dense.weight]
Loading weights:  75%|███████▍  | 149/199 [00:00<00:00, 2265.36it/s, Materializing param=bert.encoder.layer.8.output.dense.weight]
Loading weights:  75%|███████▌  | 150/199 [00:00<00:00, 2272.32it/s, Materializing param=bert.encoder.layer.9.attention.output.LayerNorm.bias]
Loading weights:  75%|███████▌  | 150/199 [00:00<00:00, 2268.59it/s, Materializing param=bert.encoder.layer.9.attention.output.LayerNorm.bias]
Loading weights:  76%|███████▌  | 151/199 [00:00<00:00, 2275.50it/s, Materializing param=bert.encoder.layer.9.attention.output.LayerNorm.weight]
Loading weights:  76%|███████▌  | 151/199 [00:00<00:00, 2272.70it/s, Materializing param=bert.encoder.layer.9.attention.output.LayerNorm.weight]
Loading weights:  76%|███████▋  | 152/199 [00:00<00:00, 2281.14it/s, Materializing param=bert.encoder.layer.9.attention.output.dense.bias]      
Loading weights:  76%|███████▋  | 152/199 [00:00<00:00, 2277.34it/s, Materializing param=bert.encoder.layer.9.attention.output.dense.bias]
Loading weights:  77%|███████▋  | 153/199 [00:00<00:00, 2283.68it/s, Materializing param=bert.encoder.layer.9.attention.output.dense.weight]
Loading weights:  77%|███████▋  | 153/199 [00:00<00:00, 2281.08it/s, Materializing param=bert.encoder.layer.9.attention.output.dense.weight]
Loading weights:  77%|███████▋  | 154/199 [00:00<00:00, 2289.90it/s, Materializing param=bert.encoder.layer.9.attention.self.key.bias]      
Loading weights:  77%|███████▋  | 154/199 [00:00<00:00, 2286.06it/s, Materializing param=bert.encoder.layer.9.attention.self.key.bias]
Loading weights:  78%|███████▊  | 155/199 [00:00<00:00, 2293.75it/s, Materializing param=bert.encoder.layer.9.attention.self.key.weight]
Loading weights:  78%|███████▊  | 155/199 [00:00<00:00, 2289.06it/s, Materializing param=bert.encoder.layer.9.attention.self.key.weight]
Loading weights:  78%|███████▊  | 156/199 [00:00<00:00, 2295.52it/s, Materializing param=bert.encoder.layer.9.attention.self.query.bias]
Loading weights:  78%|███████▊  | 156/199 [00:00<00:00, 2291.31it/s, Materializing param=bert.encoder.layer.9.attention.self.query.bias]
Loading weights:  79%|███████▉  | 157/199 [00:00<00:00, 2299.77it/s, Materializing param=bert.encoder.layer.9.attention.self.query.weight]
Loading weights:  79%|███████▉  | 157/199 [00:00<00:00, 2293.58it/s, Materializing param=bert.encoder.layer.9.attention.self.query.weight]
Loading weights:  79%|███████▉  | 158/199 [00:00<00:00, 2300.16it/s, Materializing param=bert.encoder.layer.9.attention.self.value.bias]  
Loading weights:  79%|███████▉  | 158/199 [00:00<00:00, 2295.07it/s, Materializing param=bert.encoder.layer.9.attention.self.value.bias]
Loading weights:  80%|███████▉  | 159/199 [00:00<00:00, 2301.22it/s, Materializing param=bert.encoder.layer.9.attention.self.value.weight]
Loading weights:  80%|███████▉  | 159/199 [00:00<00:00, 2297.04it/s, Materializing param=bert.encoder.layer.9.attention.self.value.weight]
Loading weights:  80%|████████  | 160/199 [00:00<00:00, 2303.40it/s, Materializing param=bert.encoder.layer.9.intermediate.dense.bias]    
Loading weights:  80%|████████  | 160/199 [00:00<00:00, 2301.01it/s, Materializing param=bert.encoder.layer.9.intermediate.dense.bias]
Loading weights:  81%|████████  | 161/199 [00:00<00:00, 2305.77it/s, Materializing param=bert.encoder.layer.9.intermediate.dense.weight]
Loading weights:  81%|████████  | 161/199 [00:00<00:00, 2300.78it/s, Materializing param=bert.encoder.layer.9.intermediate.dense.weight]
Loading weights:  81%|████████▏ | 162/199 [00:00<00:00, 2307.89it/s, Materializing param=bert.encoder.layer.9.output.LayerNorm.bias]    
Loading weights:  81%|████████▏ | 162/199 [00:00<00:00, 2303.40it/s, Materializing param=bert.encoder.layer.9.output.LayerNorm.bias]
Loading weights:  82%|████████▏ | 163/199 [00:00<00:00, 2309.93it/s, Materializing param=bert.encoder.layer.9.output.LayerNorm.weight]
Loading weights:  82%|████████▏ | 163/199 [00:00<00:00, 2306.60it/s, Materializing param=bert.encoder.layer.9.output.LayerNorm.weight]
Loading weights:  82%|████████▏ | 164/199 [00:00<00:00, 2314.85it/s, Materializing param=bert.encoder.layer.9.output.dense.bias]      
Loading weights:  82%|████████▏ | 164/199 [00:00<00:00, 2310.22it/s, Materializing param=bert.encoder.layer.9.output.dense.bias]
Loading weights:  83%|████████▎ | 165/199 [00:00<00:00, 2317.17it/s, Materializing param=bert.encoder.layer.9.output.dense.weight]
Loading weights:  83%|████████▎ | 165/199 [00:00<00:00, 2314.40it/s, Materializing param=bert.encoder.layer.9.output.dense.weight]
Loading weights:  83%|████████▎ | 166/199 [00:00<00:00, 2324.39it/s, Materializing param=bert.encoder.layer.10.attention.output.LayerNorm.bias]
Loading weights:  83%|████████▎ | 166/199 [00:00<00:00, 2322.43it/s, Materializing param=bert.encoder.layer.10.attention.output.LayerNorm.bias]
Loading weights:  84%|████████▍ | 167/199 [00:00<00:00, 2332.68it/s, Materializing param=bert.encoder.layer.10.attention.output.LayerNorm.weight]
Loading weights:  84%|████████▍ | 167/199 [00:00<00:00, 2330.80it/s, Materializing param=bert.encoder.layer.10.attention.output.LayerNorm.weight]
Loading weights:  84%|████████▍ | 168/199 [00:00<00:00, 2341.33it/s, Materializing param=bert.encoder.layer.10.attention.output.dense.bias]      
Loading weights:  84%|████████▍ | 168/199 [00:00<00:00, 2335.55it/s, Materializing param=bert.encoder.layer.10.attention.output.dense.bias]
Loading weights:  85%|████████▍ | 169/199 [00:00<00:00, 2340.51it/s, Materializing param=bert.encoder.layer.10.attention.output.dense.weight]
Loading weights:  85%|████████▍ | 169/199 [00:00<00:00, 2338.19it/s, Materializing param=bert.encoder.layer.10.attention.output.dense.weight]
Loading weights:  85%|████████▌ | 170/199 [00:00<00:00, 2345.69it/s, Materializing param=bert.encoder.layer.10.attention.self.key.bias]      
Loading weights:  85%|████████▌ | 170/199 [00:00<00:00, 2340.84it/s, Materializing param=bert.encoder.layer.10.attention.self.key.bias]
Loading weights:  86%|████████▌ | 171/199 [00:00<00:00, 2346.34it/s, Materializing param=bert.encoder.layer.10.attention.self.key.weight]
Loading weights:  86%|████████▌ | 171/199 [00:00<00:00, 2342.77it/s, Materializing param=bert.encoder.layer.10.attention.self.key.weight]
Loading weights:  86%|████████▋ | 172/199 [00:00<00:00, 2348.90it/s, Materializing param=bert.encoder.layer.10.attention.self.query.bias]
Loading weights:  86%|████████▋ | 172/199 [00:00<00:00, 2345.49it/s, Materializing param=bert.encoder.layer.10.attention.self.query.bias]
Loading weights:  87%|████████▋ | 173/199 [00:00<00:00, 2351.54it/s, Materializing param=bert.encoder.layer.10.attention.self.query.weight]
Loading weights:  87%|████████▋ | 173/199 [00:00<00:00, 2349.21it/s, Materializing param=bert.encoder.layer.10.attention.self.query.weight]
Loading weights:  87%|████████▋ | 174/199 [00:00<00:00, 2354.11it/s, Materializing param=bert.encoder.layer.10.attention.self.value.bias]  
Loading weights:  87%|████████▋ | 174/199 [00:00<00:00, 2349.08it/s, Materializing param=bert.encoder.layer.10.attention.self.value.bias]
Loading weights:  88%|████████▊ | 175/199 [00:00<00:00, 2354.39it/s, Materializing param=bert.encoder.layer.10.attention.self.value.weight]
Loading weights:  88%|████████▊ | 175/199 [00:00<00:00, 2350.98it/s, Materializing param=bert.encoder.layer.10.attention.self.value.weight]
Loading weights:  88%|████████▊ | 176/199 [00:00<00:00, 2357.16it/s, Materializing param=bert.encoder.layer.10.intermediate.dense.bias]    
Loading weights:  88%|████████▊ | 176/199 [00:00<00:00, 2352.99it/s, Materializing param=bert.encoder.layer.10.intermediate.dense.bias]
Loading weights:  89%|████████▉ | 177/199 [00:00<00:00, 2360.34it/s, Materializing param=bert.encoder.layer.10.intermediate.dense.weight]
Loading weights:  89%|████████▉ | 177/199 [00:00<00:00, 2354.83it/s, Materializing param=bert.encoder.layer.10.intermediate.dense.weight]
Loading weights:  89%|████████▉ | 178/199 [00:00<00:00, 2360.13it/s, Materializing param=bert.encoder.layer.10.output.LayerNorm.bias]    
Loading weights:  89%|████████▉ | 178/199 [00:00<00:00, 2356.21it/s, Materializing param=bert.encoder.layer.10.output.LayerNorm.bias]
Loading weights:  90%|████████▉ | 179/199 [00:00<00:00, 2362.99it/s, Materializing param=bert.encoder.layer.10.output.LayerNorm.weight]
Loading weights:  90%|████████▉ | 179/199 [00:00<00:00, 2358.69it/s, Materializing param=bert.encoder.layer.10.output.LayerNorm.weight]
Loading weights:  90%|█████████ | 180/199 [00:00<00:00, 2365.16it/s, Materializing param=bert.encoder.layer.10.output.dense.bias]      
Loading weights:  90%|█████████ | 180/199 [00:00<00:00, 2361.82it/s, Materializing param=bert.encoder.layer.10.output.dense.bias]
Loading weights:  91%|█████████ | 181/199 [00:00<00:00, 2368.72it/s, Materializing param=bert.encoder.layer.10.output.dense.weight]
Loading weights:  91%|█████████ | 181/199 [00:00<00:00, 2365.17it/s, Materializing param=bert.encoder.layer.10.output.dense.weight]
Loading weights:  91%|█████████▏| 182/199 [00:00<00:00, 2372.04it/s, Materializing param=bert.encoder.layer.11.attention.output.LayerNorm.bias]
Loading weights:  91%|█████████▏| 182/199 [00:00<00:00, 2367.94it/s, Materializing param=bert.encoder.layer.11.attention.output.LayerNorm.bias]
Loading weights:  92%|█████████▏| 183/199 [00:00<00:00, 2373.21it/s, Materializing param=bert.encoder.layer.11.attention.output.LayerNorm.weight]
Loading weights:  92%|█████████▏| 183/199 [00:00<00:00, 2369.99it/s, Materializing param=bert.encoder.layer.11.attention.output.LayerNorm.weight]
Loading weights:  92%|█████████▏| 184/199 [00:00<00:00, 2377.12it/s, Materializing param=bert.encoder.layer.11.attention.output.dense.bias]      
Loading weights:  92%|█████████▏| 184/199 [00:00<00:00, 2373.78it/s, Materializing param=bert.encoder.layer.11.attention.output.dense.bias]
Loading weights:  93%|█████████▎| 185/199 [00:00<00:00, 2380.77it/s, Materializing param=bert.encoder.layer.11.attention.output.dense.weight]
Loading weights:  93%|█████████▎| 185/199 [00:00<00:00, 2377.23it/s, Materializing param=bert.encoder.layer.11.attention.output.dense.weight]
Loading weights:  93%|█████████▎| 186/199 [00:00<00:00, 2383.97it/s, Materializing param=bert.encoder.layer.11.attention.self.key.bias]      
Loading weights:  93%|█████████▎| 186/199 [00:00<00:00, 2380.92it/s, Materializing param=bert.encoder.layer.11.attention.self.key.bias]
Loading weights:  94%|█████████▍| 187/199 [00:00<00:00, 2388.24it/s, Materializing param=bert.encoder.layer.11.attention.self.key.weight]
Loading weights:  94%|█████████▍| 187/199 [00:00<00:00, 2385.28it/s, Materializing param=bert.encoder.layer.11.attention.self.key.weight]
Loading weights:  94%|█████████▍| 188/199 [00:00<00:00, 2392.34it/s, Materializing param=bert.encoder.layer.11.attention.self.query.bias]
Loading weights:  94%|█████████▍| 188/199 [00:00<00:00, 2389.10it/s, Materializing param=bert.encoder.layer.11.attention.self.query.bias]
Loading weights:  95%|█████████▍| 189/199 [00:00<00:00, 2395.54it/s, Materializing param=bert.encoder.layer.11.attention.self.query.weight]
Loading weights:  95%|█████████▍| 189/199 [00:00<00:00, 2391.29it/s, Materializing param=bert.encoder.layer.11.attention.self.query.weight]
Loading weights:  95%|█████████▌| 190/199 [00:00<00:00, 2397.34it/s, Materializing param=bert.encoder.layer.11.attention.self.value.bias]  
Loading weights:  95%|█████████▌| 190/199 [00:00<00:00, 2394.07it/s, Materializing param=bert.encoder.layer.11.attention.self.value.bias]
Loading weights:  96%|█████████▌| 191/199 [00:00<00:00, 2400.44it/s, Materializing param=bert.encoder.layer.11.attention.self.value.weight]
Loading weights:  96%|█████████▌| 191/199 [00:00<00:00, 2396.67it/s, Materializing param=bert.encoder.layer.11.attention.self.value.weight]
Loading weights:  96%|█████████▋| 192/199 [00:00<00:00, 2401.96it/s, Materializing param=bert.encoder.layer.11.intermediate.dense.bias]    
Loading weights:  96%|█████████▋| 192/199 [00:00<00:00, 2398.51it/s, Materializing param=bert.encoder.layer.11.intermediate.dense.bias]
Loading weights:  97%|█████████▋| 193/199 [00:00<00:00, 2405.01it/s, Materializing param=bert.encoder.layer.11.intermediate.dense.weight]
Loading weights:  97%|█████████▋| 193/199 [00:00<00:00, 2400.50it/s, Materializing param=bert.encoder.layer.11.intermediate.dense.weight]
Loading weights:  97%|█████████▋| 194/199 [00:00<00:00, 2407.74it/s, Materializing param=bert.encoder.layer.11.output.LayerNorm.bias]    
Loading weights:  97%|█████████▋| 194/199 [00:00<00:00, 2404.77it/s, Materializing param=bert.encoder.layer.11.output.LayerNorm.bias]
Loading weights:  98%|█████████▊| 195/199 [00:00<00:00, 2410.88it/s, Materializing param=bert.encoder.layer.11.output.LayerNorm.weight]
Loading weights:  98%|█████████▊| 195/199 [00:00<00:00, 2407.63it/s, Materializing param=bert.encoder.layer.11.output.LayerNorm.weight]
Loading weights:  98%|█████████▊| 196/199 [00:00<00:00, 2415.53it/s, Materializing param=bert.encoder.layer.11.output.dense.bias]      
Loading weights:  98%|█████████▊| 196/199 [00:00<00:00, 2411.40it/s, Materializing param=bert.encoder.layer.11.output.dense.bias]
Loading weights:  99%|█████████▉| 197/199 [00:00<00:00, 2416.37it/s, Materializing param=bert.encoder.layer.11.output.dense.weight]
Loading weights:  99%|█████████▉| 197/199 [00:00<00:00, 2413.53it/s, Materializing param=bert.encoder.layer.11.output.dense.weight]
Loading weights:  99%|█████████▉| 198/199 [00:00<00:00, 2419.92it/s, Materializing param=bert.pooler.dense.bias]                   
Loading weights:  99%|█████████▉| 198/199 [00:00<00:00, 2416.38it/s, Materializing param=bert.pooler.dense.bias]
Loading weights: 100%|██████████| 199/199 [00:00<00:00, 2421.86it/s, Materializing param=bert.pooler.dense.weight]
Loading weights: 100%|██████████| 199/199 [00:00<00:00, 2418.59it/s, Materializing param=bert.pooler.dense.weight]
Loading weights: 100%|██████████| 199/199 [00:00<00:00, 2412.80it/s, Materializing param=bert.pooler.dense.weight]
BertForSequenceClassification LOAD REPORT from: neuralmind/bert-base-portuguese-cased
Key                                        | Status     | 
-------------------------------------------+------------+-
cls.predictions.transform.dense.bias       | UNEXPECTED | 
cls.seq_relationship.weight                | UNEXPECTED | 
cls.seq_relationship.bias                  | UNEXPECTED | 
cls.predictions.transform.LayerNorm.bias   | UNEXPECTED | 
cls.predictions.bias                       | UNEXPECTED | 
cls.predictions.decoder.weight             | UNEXPECTED | 
cls.predictions.transform.LayerNorm.weight | UNEXPECTED | 
cls.predictions.transform.dense.weight     | UNEXPECTED | 
classifier.weight                          | MISSING    | 
classifier.bias                            | MISSING    | 

Notes:
- UNEXPECTED	:can be ignored when loading from different task/architecture; not ok if you expect identical arch.
- MISSING	:those params were newly initialized because missing from the checkpoint. Consider training on your downstream task.
  época 1/3 passo 1/391 loss=6.4688
  época 1/3 passo 11/391 loss=6.1574
  época 1/3 passo 21/391 loss=5.9422
  época 1/3 passo 31/391 loss=5.7860
  época 1/3 passo 41/391 loss=5.6721
  época 1/3 passo 51/391 loss=5.1738
  época 1/3 passo 61/391 loss=5.2246
  época 1/3 passo 71/391 loss=4.8546
  época 1/3 passo 81/391 loss=4.8985
  época 1/3 passo 91/391 loss=4.5737
  época 1/3 passo 101/391 loss=4.4859
  época 1/3 passo 111/391 loss=3.9273
  época 1/3 passo 121/391 loss=3.6624
  época 1/3 passo 131/391 loss=3.9028
  época 1/3 passo 141/391 loss=3.8025
  época 1/3 passo 151/391 loss=3.6401
  época 1/3 passo 161/391 loss=3.0924
  época 1/3 passo 171/391 loss=3.1062
  época 1/3 passo 181/391 loss=3.2933
  época 1/3 passo 191/391 loss=2.7161
  época 1/3 passo 201/391 loss=2.8923
  época 1/3 passo 211/391 loss=3.0089
  época 1/3 passo 221/391 loss=2.8455
  época 1/3 passo 231/391 loss=2.4928
  época 1/3 passo 241/391 loss=2.4299
  época 1/3 passo 251/391 loss=2.2501
  época 1/3 passo 261/391 loss=2.3725
  época 1/3 passo 271/391 loss=2.8568
  época 1/3 passo 281/391 loss=1.9913
  época 1/3 passo 291/391 loss=2.5970
  época 1/3 passo 301/391 loss=2.2378
  época 1/3 passo 311/391 loss=1.9107
  época 1/3 passo 321/391 loss=2.3386
  época 1/3 passo 331/391 loss=2.2264
  época 1/3 passo 341/391 loss=1.9585
  época 1/3 passo 351/391 loss=1.5524
  época 1/3 passo 361/391 loss=1.6580
  época 1/3 passo 371/391 loss=1.6534
  época 1/3 passo 381/391 loss=1.6743
  época 1/3 passo 391/391 loss=2.3419
  época 1: loss médio 3.4042
  época 2/3 passo 1/391 loss=1.8352
  época 2/3 passo 11/391 loss=2.1735
  época 2/3 passo 21/391 loss=1.5420
  época 2/3 passo 31/391 loss=1.4433
  época 2/3 passo 41/391 loss=1.5763
  época 2/3 passo 51/391 loss=1.7198
  época 2/3 passo 61/391 loss=1.3498
  época 2/3 passo 71/391 loss=1.2553
  época 2/3 passo 81/391 loss=1.4797
  época 2/3 passo 91/391 loss=1.0790
  época 2/3 passo 101/391 loss=1.4575
  época 2/3 passo 111/391 loss=1.4356
  época 2/3 passo 121/391 loss=1.7138
  época 2/3 passo 131/391 loss=1.4789
  época 2/3 passo 141/391 loss=1.4861
  época 2/3 passo 151/391 loss=1.4981
  época 2/3 passo 161/391 loss=1.6700
  época 2/3 passo 171/391 loss=1.6456
  época 2/3 passo 181/391 loss=1.5147
  época 2/3 passo 191/391 loss=1.3575
  época 2/3 passo 201/391 loss=1.2549
  época 2/3 passo 211/391 loss=1.0417
  época 2/3 passo 221/391 loss=1.3796
  época 2/3 passo 231/391 loss=1.3862
  época 2/3 passo 241/391 loss=1.1043
  época 2/3 passo 251/391 loss=1.2118
  época 2/3 passo 261/391 loss=1.5586
  época 2/3 passo 271/391 loss=1.4429
  época 2/3 passo 281/391 loss=1.0485
  época 2/3 passo 291/391 loss=1.1360
  época 2/3 passo 301/391 loss=1.1040
  época 2/3 passo 311/391 loss=1.0743
  época 2/3 passo 321/391 loss=1.2600
  época 2/3 passo 331/391 loss=1.0518
  época 2/3 passo 341/391 loss=1.2372
  época 2/3 passo 351/391 loss=1.0710
  época 2/3 passo 361/391 loss=0.7547
  época 2/3 passo 371/391 loss=1.1584
  época 2/3 passo 381/391 loss=0.8517
  época 2/3 passo 391/391 loss=0.9035
  época 2: loss médio 1.3268
  época 3/3 passo 1/391 loss=0.7559
  época 3/3 passo 11/391 loss=1.0052
  época 3/3 passo 21/391 loss=1.0235
  época 3/3 passo 31/391 loss=0.8705
  época 3/3 passo 41/391 loss=1.1747
  época 3/3 passo 51/391 loss=0.8811
  época 3/3 passo 61/391 loss=0.8366
  época 3/3 passo 71/391 loss=0.7987
  época 3/3 passo 81/391 loss=0.8936
  época 3/3 passo 91/391 loss=0.9179
  época 3/3 passo 101/391 loss=0.9188
  época 3/3 passo 111/391 loss=0.7963
  época 3/3 passo 121/391 loss=0.9850
  época 3/3 passo 131/391 loss=1.0541
  época 3/3 passo 141/391 loss=0.7763
  época 3/3 passo 151/391 loss=0.6331
  época 3/3 passo 161/391 loss=1.0636
  época 3/3 passo 171/391 loss=0.7945
  época 3/3 passo 181/391 loss=0.5318
  época 3/3 passo 191/391 loss=0.7078
  época 3/3 passo 201/391 loss=0.7705
  época 3/3 passo 211/391 loss=0.7420
  época 3/3 passo 221/391 loss=0.7385
  época 3/3 passo 231/391 loss=0.9092
  época 3/3 passo 241/391 loss=0.6579
  época 3/3 passo 251/391 loss=0.7668
  época 3/3 passo 261/391 loss=0.6712
  época 3/3 passo 271/391 loss=0.6593
  época 3/3 passo 281/391 loss=0.6674
  época 3/3 passo 291/391 loss=0.9595
  época 3/3 passo 301/391 loss=0.6232
  época 3/3 passo 311/391 loss=0.7907
  época 3/3 passo 321/391 loss=0.7892
  época 3/3 passo 331/391 loss=0.8766
  época 3/3 passo 341/391 loss=1.1374
  época 3/3 passo 351/391 loss=0.7812
  época 3/3 passo 361/391 loss=0.8584
  época 3/3 passo 371/391 loss=0.8334
  época 3/3 passo 381/391 loss=0.6187
  época 3/3 passo 391/391 loss=0.6538
  época 3: loss médio 0.8242
  avaliação: 5000/177490
  avaliação: 10000/177490
  avaliação: 15000/177490
  avaliação: 20000/177490
  avaliação: 25000/177490
  avaliação: 30000/177490
  avaliação: 35000/177490
  avaliação: 40000/177490
  avaliação: 45000/177490
  avaliação: 50000/177490
  avaliação: 55000/177490
  avaliação: 60000/177490
  avaliação: 65000/177490
  avaliação: 70000/177490
  avaliação: 75000/177490
  avaliação: 80000/177490
  avaliação: 85000/177490
  avaliação: 90000/177490
  avaliação: 95000/177490
  avaliação: 100000/177490
  avaliação: 105000/177490
  avaliação: 110000/177490
  avaliação: 115000/177490
  avaliação: 120000/177490
  avaliação: 125000/177490
  avaliação: 130000/177490
  avaliação: 135000/177490
  avaliação: 140000/177490
  avaliação: 145000/177490
  avaliação: 150000/177490
  avaliação: 155000/177490
  avaliação: 160000/177490
  avaliação: 165000/177490
  avaliação: 170000/177490
  avaliação: 175000/177490
  avaliação: 177490/177490
{"arm": "D", "fonte": "pool inteiro, gold (régua)", "n_train": 50000, "n_train_classes": 649, "epochs": 3, "batch_size": 128, "max_length": 32, "seed": 7, "data_seed": 42, "eval_n": 177490, "eval_limit": 0, "accuracy": 0.8678, "accuracy_wilson95": [0.8663, 0.8694], "macro_f1": 0.3771, "fit_seconds": 793.3, "predict_seconds": 305.5}

=== braço E20: prefixo 20000 da trajetória de entropia do E6 (SGD), gold · n=20000 classes=646 ===

Loading weights:   0%|          | 0/199 [00:00<?, ?it/s]
Loading weights:   1%|          | 1/199 [00:00<00:00, 24385.49it/s, Materializing param=bert.embeddings.LayerNorm.bias]
Loading weights:   1%|          | 1/199 [00:00<00:00, 4946.11it/s, Materializing param=bert.embeddings.LayerNorm.bias] 
Loading weights:   1%|          | 2/199 [00:00<00:00, 4223.87it/s, Materializing param=bert.embeddings.LayerNorm.weight]
Loading weights:   1%|          | 2/199 [00:00<00:00, 3327.49it/s, Materializing param=bert.embeddings.LayerNorm.weight]
Loading weights:   2%|▏         | 3/199 [00:00<00:00, 2458.08it/s, Materializing param=bert.embeddings.position_embeddings.weight]
Loading weights:   2%|▏         | 3/199 [00:00<00:00, 2185.29it/s, Materializing param=bert.embeddings.position_embeddings.weight]
Loading weights:   2%|▏         | 4/199 [00:00<00:00, 1089.15it/s, Materializing param=bert.embeddings.token_type_embeddings.weight]
Loading weights:   2%|▏         | 4/199 [00:00<00:00, 1049.43it/s, Materializing param=bert.embeddings.token_type_embeddings.weight]
Loading weights:   3%|▎         | 5/199 [00:00<00:00, 1031.00it/s, Materializing param=bert.embeddings.word_embeddings.weight]      
Loading weights:   3%|▎         | 5/199 [00:00<00:00, 1000.60it/s, Materializing param=bert.embeddings.word_embeddings.weight]
Loading weights:   3%|▎         | 6/199 [00:00<00:00, 928.80it/s, Materializing param=bert.encoder.layer.0.attention.output.LayerNorm.bias]
Loading weights:   3%|▎         | 6/199 [00:00<00:00, 901.68it/s, Materializing param=bert.encoder.layer.0.attention.output.LayerNorm.bias]
Loading weights:   4%|▎         | 7/199 [00:00<00:00, 1009.70it/s, Materializing param=bert.encoder.layer.0.attention.output.LayerNorm.weight]
Loading weights:   4%|▎         | 7/199 [00:00<00:00, 934.89it/s, Materializing param=bert.encoder.layer.0.attention.output.LayerNorm.weight] 
Loading weights:   4%|▍         | 8/199 [00:00<00:00, 802.76it/s, Materializing param=bert.encoder.layer.0.attention.output.dense.bias]      
Loading weights:   4%|▍         | 8/199 [00:00<00:00, 791.85it/s, Materializing param=bert.encoder.layer.0.attention.output.dense.bias]
Loading weights:   5%|▍         | 9/199 [00:00<00:00, 862.12it/s, Materializing param=bert.encoder.layer.0.attention.output.dense.weight]
Loading weights:   5%|▍         | 9/199 [00:00<00:00, 852.46it/s, Materializing param=bert.encoder.layer.0.attention.output.dense.weight]
Loading weights:   5%|▌         | 10/199 [00:00<00:00, 903.59it/s, Materializing param=bert.encoder.layer.0.attention.self.key.bias]     
Loading weights:   5%|▌         | 10/199 [00:00<00:00, 894.12it/s, Materializing param=bert.encoder.layer.0.attention.self.key.bias]
Loading weights:   6%|▌         | 11/199 [00:00<00:00, 823.09it/s, Materializing param=bert.encoder.layer.0.attention.self.key.weight]
Loading weights:   6%|▌         | 11/199 [00:00<00:00, 815.65it/s, Materializing param=bert.encoder.layer.0.attention.self.key.weight]
Loading weights:   6%|▌         | 12/199 [00:00<00:00, 872.18it/s, Materializing param=bert.encoder.layer.0.attention.self.query.bias]
Loading weights:   6%|▌         | 12/199 [00:00<00:00, 863.38it/s, Materializing param=bert.encoder.layer.0.attention.self.query.bias]
Loading weights:   7%|▋         | 13/199 [00:00<00:00, 877.09it/s, Materializing param=bert.encoder.layer.0.attention.self.query.weight]
Loading weights:   7%|▋         | 13/199 [00:00<00:00, 853.69it/s, Materializing param=bert.encoder.layer.0.attention.self.query.weight]
Loading weights:   7%|▋         | 14/199 [00:00<00:00, 891.32it/s, Materializing param=bert.encoder.layer.0.attention.self.value.bias]  
Loading weights:   7%|▋         | 14/199 [00:00<00:00, 883.53it/s, Materializing param=bert.encoder.layer.0.attention.self.value.bias]
Loading weights:   8%|▊         | 15/199 [00:00<00:00, 893.04it/s, Materializing param=bert.encoder.layer.0.attention.self.value.weight]
Loading weights:   8%|▊         | 15/199 [00:00<00:00, 882.76it/s, Materializing param=bert.encoder.layer.0.attention.self.value.weight]
Loading weights:   8%|▊         | 16/199 [00:00<00:00, 871.39it/s, Materializing param=bert.encoder.layer.0.intermediate.dense.bias]    
Loading weights:   8%|▊         | 16/199 [00:00<00:00, 865.17it/s, Materializing param=bert.encoder.layer.0.intermediate.dense.bias]
Loading weights:   9%|▊         | 17/199 [00:00<00:00, 851.93it/s, Materializing param=bert.encoder.layer.0.intermediate.dense.weight]
Loading weights:   9%|▊         | 17/199 [00:00<00:00, 842.13it/s, Materializing param=bert.encoder.layer.0.intermediate.dense.weight]
Loading weights:   9%|▉         | 18/199 [00:00<00:00, 880.39it/s, Materializing param=bert.encoder.layer.0.output.LayerNorm.bias]    
Loading weights:   9%|▉         | 18/199 [00:00<00:00, 875.81it/s, Materializing param=bert.encoder.layer.0.output.LayerNorm.bias]
Loading weights:  10%|▉         | 19/199 [00:00<00:00, 887.62it/s, Materializing param=bert.encoder.layer.0.output.LayerNorm.weight]
Loading weights:  10%|▉         | 19/199 [00:00<00:00, 882.97it/s, Materializing param=bert.encoder.layer.0.output.LayerNorm.weight]
Loading weights:  10%|█         | 20/199 [00:00<00:00, 887.62it/s, Materializing param=bert.encoder.layer.0.output.dense.bias]      
Loading weights:  10%|█         | 20/199 [00:00<00:00, 882.69it/s, Materializing param=bert.encoder.layer.0.output.dense.bias]
Loading weights:  11%|█         | 21/199 [00:00<00:00, 914.17it/s, Materializing param=bert.encoder.layer.0.output.dense.weight]
Loading weights:  11%|█         | 21/199 [00:00<00:00, 909.65it/s, Materializing param=bert.encoder.layer.0.output.dense.weight]
Loading weights:  11%|█         | 22/199 [00:00<00:00, 944.16it/s, Materializing param=bert.encoder.layer.1.attention.output.LayerNorm.bias]
Loading weights:  11%|█         | 22/199 [00:00<00:00, 939.77it/s, Materializing param=bert.encoder.layer.1.attention.output.LayerNorm.bias]
Loading weights:  12%|█▏        | 23/199 [00:00<00:00, 973.84it/s, Materializing param=bert.encoder.layer.1.attention.output.LayerNorm.weight]
Loading weights:  12%|█▏        | 23/199 [00:00<00:00, 969.65it/s, Materializing param=bert.encoder.layer.1.attention.output.LayerNorm.weight]
Loading weights:  12%|█▏        | 24/199 [00:00<00:00, 1001.84it/s, Materializing param=bert.encoder.layer.1.attention.output.dense.bias]     
Loading weights:  12%|█▏        | 24/199 [00:00<00:00, 997.43it/s, Materializing param=bert.encoder.layer.1.attention.output.dense.bias] 
Loading weights:  13%|█▎        | 25/199 [00:00<00:00, 1028.41it/s, Materializing param=bert.encoder.layer.1.attention.output.dense.weight]
Loading weights:  13%|█▎        | 25/199 [00:00<00:00, 1023.61it/s, Materializing param=bert.encoder.layer.1.attention.output.dense.weight]
Loading weights:  13%|█▎        | 26/199 [00:00<00:00, 1055.73it/s, Materializing param=bert.encoder.layer.1.attention.self.key.bias]      
Loading weights:  13%|█▎        | 26/199 [00:00<00:00, 1051.27it/s, Materializing param=bert.encoder.layer.1.attention.self.key.bias]
Loading weights:  14%|█▎        | 27/199 [00:00<00:00, 1081.08it/s, Materializing param=bert.encoder.layer.1.attention.self.key.weight]
Loading weights:  14%|█▎        | 27/199 [00:00<00:00, 1076.54it/s, Materializing param=bert.encoder.layer.1.attention.self.key.weight]
Loading weights:  14%|█▍        | 28/199 [00:00<00:00, 1106.60it/s, Materializing param=bert.encoder.layer.1.attention.self.query.bias]
Loading weights:  14%|█▍        | 28/199 [00:00<00:00, 1099.51it/s, Materializing param=bert.encoder.layer.1.attention.self.query.bias]
Loading weights:  15%|█▍        | 29/199 [00:00<00:00, 1128.28it/s, Materializing param=bert.encoder.layer.1.attention.self.query.weight]
Loading weights:  15%|█▍        | 29/199 [00:00<00:00, 1122.06it/s, Materializing param=bert.encoder.layer.1.attention.self.query.weight]
Loading weights:  15%|█▌        | 30/199 [00:00<00:00, 1149.58it/s, Materializing param=bert.encoder.layer.1.attention.self.value.bias]  
Loading weights:  15%|█▌        | 30/199 [00:00<00:00, 1144.29it/s, Materializing param=bert.encoder.layer.1.attention.self.value.bias]
Loading weights:  16%|█▌        | 31/199 [00:00<00:00, 1171.34it/s, Materializing param=bert.encoder.layer.1.attention.self.value.weight]
Loading weights:  16%|█▌        | 31/199 [00:00<00:00, 1166.08it/s, Materializing param=bert.encoder.layer.1.attention.self.value.weight]
Loading weights:  16%|█▌        | 32/199 [00:00<00:00, 1191.56it/s, Materializing param=bert.encoder.layer.1.intermediate.dense.bias]    
Loading weights:  16%|█▌        | 32/199 [00:00<00:00, 1185.87it/s, Materializing param=bert.encoder.layer.1.intermediate.dense.bias]
Loading weights:  17%|█▋        | 33/199 [00:00<00:00, 1212.26it/s, Materializing param=bert.encoder.layer.1.intermediate.dense.weight]
Loading weights:  17%|█▋        | 33/199 [00:00<00:00, 1206.86it/s, Materializing param=bert.encoder.layer.1.intermediate.dense.weight]
Loading weights:  17%|█▋        | 34/199 [00:00<00:00, 1233.11it/s, Materializing param=bert.encoder.layer.1.output.LayerNorm.bias]    
Loading weights:  17%|█▋        | 34/199 [00:00<00:00, 1227.84it/s, Materializing param=bert.encoder.layer.1.output.LayerNorm.bias]
Loading weights:  18%|█▊        | 35/199 [00:00<00:00, 1252.39it/s, Materializing param=bert.encoder.layer.1.output.LayerNorm.weight]
Loading weights:  18%|█▊        | 35/199 [00:00<00:00, 1247.36it/s, Materializing param=bert.encoder.layer.1.output.LayerNorm.weight]
Loading weights:  18%|█▊        | 36/199 [00:00<00:00, 1272.24it/s, Materializing param=bert.encoder.layer.1.output.dense.bias]      
Loading weights:  18%|█▊        | 36/199 [00:00<00:00, 1267.29it/s, Materializing param=bert.encoder.layer.1.output.dense.bias]
Loading weights:  19%|█▊        | 37/199 [00:00<00:00, 1293.06it/s, Materializing param=bert.encoder.layer.1.output.dense.weight]
Loading weights:  19%|█▊        | 37/199 [00:00<00:00, 1288.04it/s, Materializing param=bert.encoder.layer.1.output.dense.weight]
Loading weights:  19%|█▉        | 38/199 [00:00<00:00, 1311.84it/s, Materializing param=bert.encoder.layer.2.attention.output.LayerNorm.bias]
Loading weights:  19%|█▉        | 38/199 [00:00<00:00, 1306.81it/s, Materializing param=bert.encoder.layer.2.attention.output.LayerNorm.bias]
Loading weights:  20%|█▉        | 39/199 [00:00<00:00, 1331.28it/s, Materializing param=bert.encoder.layer.2.attention.output.LayerNorm.weight]
Loading weights:  20%|█▉        | 39/199 [00:00<00:00, 1326.26it/s, Materializing param=bert.encoder.layer.2.attention.output.LayerNorm.weight]
Loading weights:  20%|██        | 40/199 [00:00<00:00, 1350.78it/s, Materializing param=bert.encoder.layer.2.attention.output.dense.bias]      
Loading weights:  20%|██        | 40/199 [00:00<00:00, 1345.33it/s, Materializing param=bert.encoder.layer.2.attention.output.dense.bias]
Loading weights:  21%|██        | 41/199 [00:00<00:00, 1368.26it/s, Materializing param=bert.encoder.layer.2.attention.output.dense.weight]
Loading weights:  21%|██        | 41/199 [00:00<00:00, 1363.35it/s, Materializing param=bert.encoder.layer.2.attention.output.dense.weight]
Loading weights:  21%|██        | 42/199 [00:00<00:00, 1386.77it/s, Materializing param=bert.encoder.layer.2.attention.self.key.bias]      
Loading weights:  21%|██        | 42/199 [00:00<00:00, 1381.90it/s, Materializing param=bert.encoder.layer.2.attention.self.key.bias]
Loading weights:  22%|██▏       | 43/199 [00:00<00:00, 1405.63it/s, Materializing param=bert.encoder.layer.2.attention.self.key.weight]
Loading weights:  22%|██▏       | 43/199 [00:00<00:00, 1400.76it/s, Materializing param=bert.encoder.layer.2.attention.self.key.weight]
Loading weights:  22%|██▏       | 44/199 [00:00<00:00, 1422.42it/s, Materializing param=bert.encoder.layer.2.attention.self.query.bias]
Loading weights:  22%|██▏       | 44/199 [00:00<00:00, 1417.21it/s, Materializing param=bert.encoder.layer.2.attention.self.query.bias]
Loading weights:  23%|██▎       | 45/199 [00:00<00:00, 1439.76it/s, Materializing param=bert.encoder.layer.2.attention.self.query.weight]
Loading weights:  23%|██▎       | 45/199 [00:00<00:00, 1435.04it/s, Materializing param=bert.encoder.layer.2.attention.self.query.weight]
Loading weights:  23%|██▎       | 46/199 [00:00<00:00, 1457.82it/s, Materializing param=bert.encoder.layer.2.attention.self.value.bias]  
Loading weights:  23%|██▎       | 46/199 [00:00<00:00, 1452.97it/s, Materializing param=bert.encoder.layer.2.attention.self.value.bias]
Loading weights:  24%|██▎       | 47/199 [00:00<00:00, 1474.48it/s, Materializing param=bert.encoder.layer.2.attention.self.value.weight]
Loading weights:  24%|██▎       | 47/199 [00:00<00:00, 1468.36it/s, Materializing param=bert.encoder.layer.2.attention.self.value.weight]
Loading weights:  24%|██▍       | 48/199 [00:00<00:00, 1489.55it/s, Materializing param=bert.encoder.layer.2.intermediate.dense.bias]    
Loading weights:  24%|██▍       | 48/199 [00:00<00:00, 1484.41it/s, Materializing param=bert.encoder.layer.2.intermediate.dense.bias]
Loading weights:  25%|██▍       | 49/199 [00:00<00:00, 1504.34it/s, Materializing param=bert.encoder.layer.2.intermediate.dense.weight]
Loading weights:  25%|██▍       | 49/199 [00:00<00:00, 1499.26it/s, Materializing param=bert.encoder.layer.2.intermediate.dense.weight]
Loading weights:  25%|██▌       | 50/199 [00:00<00:00, 1517.04it/s, Materializing param=bert.encoder.layer.2.output.LayerNorm.bias]    
Loading weights:  25%|██▌       | 50/199 [00:00<00:00, 1511.28it/s, Materializing param=bert.encoder.layer.2.output.LayerNorm.bias]
Loading weights:  26%|██▌       | 51/199 [00:00<00:00, 1530.89it/s, Materializing param=bert.encoder.layer.2.output.LayerNorm.weight]
Loading weights:  26%|██▌       | 51/199 [00:00<00:00, 1525.82it/s, Materializing param=bert.encoder.layer.2.output.LayerNorm.weight]
Loading weights:  26%|██▌       | 52/199 [00:00<00:00, 1545.78it/s, Materializing param=bert.encoder.layer.2.output.dense.bias]      
Loading weights:  26%|██▌       | 52/199 [00:00<00:00, 1541.17it/s, Materializing param=bert.encoder.layer.2.output.dense.bias]
Loading weights:  27%|██▋       | 53/199 [00:00<00:00, 1560.25it/s, Materializing param=bert.encoder.layer.2.output.dense.weight]
Loading weights:  27%|██▋       | 53/199 [00:00<00:00, 1555.57it/s, Materializing param=bert.encoder.layer.2.output.dense.weight]
Loading weights:  27%|██▋       | 54/199 [00:00<00:00, 1573.07it/s, Materializing param=bert.encoder.layer.3.attention.output.LayerNorm.bias]
Loading weights:  27%|██▋       | 54/199 [00:00<00:00, 1567.77it/s, Materializing param=bert.encoder.layer.3.attention.output.LayerNorm.bias]
Loading weights:  28%|██▊       | 55/199 [00:00<00:00, 1586.02it/s, Materializing param=bert.encoder.layer.3.attention.output.LayerNorm.weight]
Loading weights:  28%|██▊       | 55/199 [00:00<00:00, 1580.58it/s, Materializing param=bert.encoder.layer.3.attention.output.LayerNorm.weight]
Loading weights:  28%|██▊       | 56/199 [00:00<00:00, 1597.38it/s, Materializing param=bert.encoder.layer.3.attention.output.dense.bias]      
Loading weights:  28%|██▊       | 56/199 [00:00<00:00, 1591.66it/s, Materializing param=bert.encoder.layer.3.attention.output.dense.bias]
Loading weights:  29%|██▊       | 57/199 [00:00<00:00, 1609.45it/s, Materializing param=bert.encoder.layer.3.attention.output.dense.weight]
Loading weights:  29%|██▊       | 57/199 [00:00<00:00, 1603.42it/s, Materializing param=bert.encoder.layer.3.attention.output.dense.weight]
Loading weights:  29%|██▉       | 58/199 [00:00<00:00, 1621.17it/s, Materializing param=bert.encoder.layer.3.attention.self.key.bias]      
Loading weights:  29%|██▉       | 58/199 [00:00<00:00, 1615.25it/s, Materializing param=bert.encoder.layer.3.attention.self.key.bias]
Loading weights:  30%|██▉       | 59/199 [00:00<00:00, 1631.31it/s, Materializing param=bert.encoder.layer.3.attention.self.key.weight]
Loading weights:  30%|██▉       | 59/199 [00:00<00:00, 1626.48it/s, Materializing param=bert.encoder.layer.3.attention.self.key.weight]
Loading weights:  30%|███       | 60/199 [00:00<00:00, 1645.14it/s, Materializing param=bert.encoder.layer.3.attention.self.query.bias]
Loading weights:  30%|███       | 60/199 [00:00<00:00, 1640.17it/s, Materializing param=bert.encoder.layer.3.attention.self.query.bias]
Loading weights:  31%|███       | 61/199 [00:00<00:00, 1658.49it/s, Materializing param=bert.encoder.layer.3.attention.self.query.weight]
Loading weights:  31%|███       | 61/199 [00:00<00:00, 1653.21it/s, Materializing param=bert.encoder.layer.3.attention.self.query.weight]
Loading weights:  31%|███       | 62/199 [00:00<00:00, 1670.43it/s, Materializing param=bert.encoder.layer.3.attention.self.value.bias]  
Loading weights:  31%|███       | 62/199 [00:00<00:00, 1665.70it/s, Materializing param=bert.encoder.layer.3.attention.self.value.bias]
Loading weights:  32%|███▏      | 63/199 [00:00<00:00, 1683.63it/s, Materializing param=bert.encoder.layer.3.attention.self.value.weight]
Loading weights:  32%|███▏      | 63/199 [00:00<00:00, 1678.78it/s, Materializing param=bert.encoder.layer.3.attention.self.value.weight]
Loading weights:  32%|███▏      | 64/199 [00:00<00:00, 1696.36it/s, Materializing param=bert.encoder.layer.3.intermediate.dense.bias]    
Loading weights:  32%|███▏      | 64/199 [00:00<00:00, 1690.88it/s, Materializing param=bert.encoder.layer.3.intermediate.dense.bias]
Loading weights:  33%|███▎      | 65/199 [00:00<00:00, 1707.55it/s, Materializing param=bert.encoder.layer.3.intermediate.dense.weight]
Loading weights:  33%|███▎      | 65/199 [00:00<00:00, 1702.11it/s, Materializing param=bert.encoder.layer.3.intermediate.dense.weight]
Loading weights:  33%|███▎      | 66/199 [00:00<00:00, 1718.87it/s, Materializing param=bert.encoder.layer.3.output.LayerNorm.bias]    
Loading weights:  33%|███▎      | 66/199 [00:00<00:00, 1713.91it/s, Materializing param=bert.encoder.layer.3.output.LayerNorm.bias]
Loading weights:  34%|███▎      | 67/199 [00:00<00:00, 1729.74it/s, Materializing param=bert.encoder.layer.3.output.LayerNorm.weight]
Loading weights:  34%|███▎      | 67/199 [00:00<00:00, 1724.11it/s, Materializing param=bert.encoder.layer.3.output.LayerNorm.weight]
Loading weights:  34%|███▍      | 68/199 [00:00<00:00, 1739.73it/s, Materializing param=bert.encoder.layer.3.output.dense.bias]      
Loading weights:  34%|███▍      | 68/199 [00:00<00:00, 1734.85it/s, Materializing param=bert.encoder.layer.3.output.dense.bias]
Loading weights:  35%|███▍      | 69/199 [00:00<00:00, 1751.39it/s, Materializing param=bert.encoder.layer.3.output.dense.weight]
Loading weights:  35%|███▍      | 69/199 [00:00<00:00, 1746.79it/s, Materializing param=bert.encoder.layer.3.output.dense.weight]
Loading weights:  35%|███▌      | 70/199 [00:00<00:00, 1763.71it/s, Materializing param=bert.encoder.layer.4.attention.output.LayerNorm.bias]
Loading weights:  35%|███▌      | 70/199 [00:00<00:00, 1758.15it/s, Materializing param=bert.encoder.layer.4.attention.output.LayerNorm.bias]
Loading weights:  36%|███▌      | 71/199 [00:00<00:00, 1773.52it/s, Materializing param=bert.encoder.layer.4.attention.output.LayerNorm.weight]
Loading weights:  36%|███▌      | 71/199 [00:00<00:00, 1768.30it/s, Materializing param=bert.encoder.layer.4.attention.output.LayerNorm.weight]
Loading weights:  36%|███▌      | 72/199 [00:00<00:00, 1784.91it/s, Materializing param=bert.encoder.layer.4.attention.output.dense.bias]      
Loading weights:  36%|███▌      | 72/199 [00:00<00:00, 1780.61it/s, Materializing param=bert.encoder.layer.4.attention.output.dense.bias]
Loading weights:  37%|███▋      | 73/199 [00:00<00:00, 1797.26it/s, Materializing param=bert.encoder.layer.4.attention.output.dense.weight]
Loading weights:  37%|███▋      | 73/199 [00:00<00:00, 1792.95it/s, Materializing param=bert.encoder.layer.4.attention.output.dense.weight]
Loading weights:  37%|███▋      | 74/199 [00:00<00:00, 1807.07it/s, Materializing param=bert.encoder.layer.4.attention.self.key.bias]      
Loading weights:  37%|███▋      | 74/199 [00:00<00:00, 1802.40it/s, Materializing param=bert.encoder.layer.4.attention.self.key.bias]
Loading weights:  38%|███▊      | 75/199 [00:00<00:00, 1817.69it/s, Materializing param=bert.encoder.layer.4.attention.self.key.weight]
Loading weights:  38%|███▊      | 75/199 [00:00<00:00, 1813.16it/s, Materializing param=bert.encoder.layer.4.attention.self.key.weight]
Loading weights:  38%|███▊      | 76/199 [00:00<00:00, 1828.69it/s, Materializing param=bert.encoder.layer.4.attention.self.query.bias]
Loading weights:  38%|███▊      | 76/199 [00:00<00:00, 1823.91it/s, Materializing param=bert.encoder.layer.4.attention.self.query.bias]
Loading weights:  39%|███▊      | 77/199 [00:00<00:00, 1838.18it/s, Materializing param=bert.encoder.layer.4.attention.self.query.weight]
Loading weights:  39%|███▊      | 77/199 [00:00<00:00, 1833.20it/s, Materializing param=bert.encoder.layer.4.attention.self.query.weight]
Loading weights:  39%|███▉      | 78/199 [00:00<00:00, 1847.59it/s, Materializing param=bert.encoder.layer.4.attention.self.value.bias]  
Loading weights:  39%|███▉      | 78/199 [00:00<00:00, 1843.09it/s, Materializing param=bert.encoder.layer.4.attention.self.value.bias]
Loading weights:  40%|███▉      | 79/199 [00:00<00:00, 1858.05it/s, Materializing param=bert.encoder.layer.4.attention.self.value.weight]
Loading weights:  40%|███▉      | 79/199 [00:00<00:00, 1853.33it/s, Materializing param=bert.encoder.layer.4.attention.self.value.weight]
Loading weights:  40%|████      | 80/199 [00:00<00:00, 1867.13it/s, Materializing param=bert.encoder.layer.4.intermediate.dense.bias]    
Loading weights:  40%|████      | 80/199 [00:00<00:00, 1861.53it/s, Materializing param=bert.encoder.layer.4.intermediate.dense.bias]
Loading weights:  41%|████      | 81/199 [00:00<00:00, 1875.79it/s, Materializing param=bert.encoder.layer.4.intermediate.dense.weight]
Loading weights:  41%|████      | 81/199 [00:00<00:00, 1871.28it/s, Materializing param=bert.encoder.layer.4.intermediate.dense.weight]
Loading weights:  41%|████      | 82/199 [00:00<00:00, 1885.85it/s, Materializing param=bert.encoder.layer.4.output.LayerNorm.bias]    
Loading weights:  41%|████      | 82/199 [00:00<00:00, 1881.45it/s, Materializing param=bert.encoder.layer.4.output.LayerNorm.bias]
Loading weights:  42%|████▏     | 83/199 [00:00<00:00, 1894.62it/s, Materializing param=bert.encoder.layer.4.output.LayerNorm.weight]
Loading weights:  42%|████▏     | 83/199 [00:00<00:00, 1890.14it/s, Materializing param=bert.encoder.layer.4.output.LayerNorm.weight]
Loading weights:  42%|████▏     | 84/199 [00:00<00:00, 1903.48it/s, Materializing param=bert.encoder.layer.4.output.dense.bias]      
Loading weights:  42%|████▏     | 84/199 [00:00<00:00, 1899.16it/s, Materializing param=bert.encoder.layer.4.output.dense.bias]
Loading weights:  43%|████▎     | 85/199 [00:00<00:00, 1912.84it/s, Materializing param=bert.encoder.layer.4.output.dense.weight]
Loading weights:  43%|████▎     | 85/199 [00:00<00:00, 1908.29it/s, Materializing param=bert.encoder.layer.4.output.dense.weight]
Loading weights:  43%|████▎     | 86/199 [00:00<00:00, 1921.35it/s, Materializing param=bert.encoder.layer.5.attention.output.LayerNorm.bias]
Loading weights:  43%|████▎     | 86/199 [00:00<00:00, 1915.46it/s, Materializing param=bert.encoder.layer.5.attention.output.LayerNorm.bias]
Loading weights:  44%|████▎     | 87/199 [00:00<00:00, 1927.87it/s, Materializing param=bert.encoder.layer.5.attention.output.LayerNorm.weight]
Loading weights:  44%|████▎     | 87/199 [00:00<00:00, 1923.17it/s, Materializing param=bert.encoder.layer.5.attention.output.LayerNorm.weight]
Loading weights:  44%|████▍     | 88/199 [00:00<00:00, 1935.87it/s, Materializing param=bert.encoder.layer.5.attention.output.dense.bias]      
Loading weights:  44%|████▍     | 88/199 [00:00<00:00, 1931.33it/s, Materializing param=bert.encoder.layer.5.attention.output.dense.bias]
Loading weights:  45%|████▍     | 89/199 [00:00<00:00, 1942.45it/s, Materializing param=bert.encoder.layer.5.attention.output.dense.weight]
Loading weights:  45%|████▍     | 89/199 [00:00<00:00, 1937.17it/s, Materializing param=bert.encoder.layer.5.attention.output.dense.weight]
Loading weights:  45%|████▌     | 90/199 [00:00<00:00, 1949.83it/s, Materializing param=bert.encoder.layer.5.attention.self.key.bias]      
Loading weights:  45%|████▌     | 90/199 [00:00<00:00, 1944.94it/s, Materializing param=bert.encoder.layer.5.attention.self.key.bias]
Loading weights:  46%|████▌     | 91/199 [00:00<00:00, 1957.63it/s, Materializing param=bert.encoder.layer.5.attention.self.key.weight]
Loading weights:  46%|████▌     | 91/199 [00:00<00:00, 1952.76it/s, Materializing param=bert.encoder.layer.5.attention.self.key.weight]
Loading weights:  46%|████▌     | 92/199 [00:00<00:00, 1964.14it/s, Materializing param=bert.encoder.layer.5.attention.self.query.bias]
Loading weights:  46%|████▌     | 92/199 [00:00<00:00, 1959.14it/s, Materializing param=bert.encoder.layer.5.attention.self.query.bias]
Loading weights:  47%|████▋     | 93/199 [00:00<00:00, 1971.24it/s, Materializing param=bert.encoder.layer.5.attention.self.query.weight]
Loading weights:  47%|████▋     | 93/199 [00:00<00:00, 1966.19it/s, Materializing param=bert.encoder.layer.5.attention.self.query.weight]
Loading weights:  47%|████▋     | 94/199 [00:00<00:00, 1979.06it/s, Materializing param=bert.encoder.layer.5.attention.self.value.bias]  
Loading weights:  47%|████▋     | 94/199 [00:00<00:00, 1974.56it/s, Materializing param=bert.encoder.layer.5.attention.self.value.bias]
Loading weights:  48%|████▊     | 95/199 [00:00<00:00, 1986.33it/s, Materializing param=bert.encoder.layer.5.attention.self.value.weight]
Loading weights:  48%|████▊     | 95/199 [00:00<00:00, 1981.47it/s, Materializing param=bert.encoder.layer.5.attention.self.value.weight]
Loading weights:  48%|████▊     | 96/199 [00:00<00:00, 1993.61it/s, Materializing param=bert.encoder.layer.5.intermediate.dense.bias]    
Loading weights:  48%|████▊     | 96/199 [00:00<00:00, 1989.40it/s, Materializing param=bert.encoder.layer.5.intermediate.dense.bias]
Loading weights:  49%|████▊     | 97/199 [00:00<00:00, 2001.81it/s, Materializing param=bert.encoder.layer.5.intermediate.dense.weight]
Loading weights:  49%|████▊     | 97/199 [00:00<00:00, 1997.58it/s, Materializing param=bert.encoder.layer.5.intermediate.dense.weight]
Loading weights:  49%|████▉     | 98/199 [00:00<00:00, 2009.04it/s, Materializing param=bert.encoder.layer.5.output.LayerNorm.bias]    
Loading weights:  49%|████▉     | 98/199 [00:00<00:00, 2003.45it/s, Materializing param=bert.encoder.layer.5.output.LayerNorm.bias]
Loading weights:  50%|████▉     | 99/199 [00:00<00:00, 2014.67it/s, Materializing param=bert.encoder.layer.5.output.LayerNorm.weight]
Loading weights:  50%|████▉     | 99/199 [00:00<00:00, 2010.28it/s, Materializing param=bert.encoder.layer.5.output.LayerNorm.weight]
Loading weights:  50%|█████     | 100/199 [00:00<00:00, 2021.69it/s, Materializing param=bert.encoder.layer.5.output.dense.bias]     
Loading weights:  50%|█████     | 100/199 [00:00<00:00, 2017.35it/s, Materializing param=bert.encoder.layer.5.output.dense.bias]
Loading weights:  51%|█████     | 101/199 [00:00<00:00, 2027.65it/s, Materializing param=bert.encoder.layer.5.output.dense.weight]
Loading weights:  51%|█████     | 101/199 [00:00<00:00, 2021.28it/s, Materializing param=bert.encoder.layer.5.output.dense.weight]
Loading weights:  51%|█████▏    | 102/199 [00:00<00:00, 2032.22it/s, Materializing param=bert.encoder.layer.6.attention.output.LayerNorm.bias]
Loading weights:  51%|█████▏    | 102/199 [00:00<00:00, 2027.06it/s, Materializing param=bert.encoder.layer.6.attention.output.LayerNorm.bias]
Loading weights:  52%|█████▏    | 103/199 [00:00<00:00, 2037.62it/s, Materializing param=bert.encoder.layer.6.attention.output.LayerNorm.weight]
Loading weights:  52%|█████▏    | 103/199 [00:00<00:00, 2032.98it/s, Materializing param=bert.encoder.layer.6.attention.output.LayerNorm.weight]
Loading weights:  52%|█████▏    | 104/199 [00:00<00:00, 2041.95it/s, Materializing param=bert.encoder.layer.6.attention.output.dense.bias]      
Loading weights:  52%|█████▏    | 104/199 [00:00<00:00, 2037.08it/s, Materializing param=bert.encoder.layer.6.attention.output.dense.bias]
Loading weights:  53%|█████▎    | 105/199 [00:00<00:00, 2047.53it/s, Materializing param=bert.encoder.layer.6.attention.output.dense.weight]
Loading weights:  53%|█████▎    | 105/199 [00:00<00:00, 2042.51it/s, Materializing param=bert.encoder.layer.6.attention.output.dense.weight]
Loading weights:  53%|█████▎    | 106/199 [00:00<00:00, 2053.42it/s, Materializing param=bert.encoder.layer.6.attention.self.key.bias]      
Loading weights:  53%|█████▎    | 106/199 [00:00<00:00, 2049.27it/s, Materializing param=bert.encoder.layer.6.attention.self.key.bias]
Loading weights:  54%|█████▍    | 107/199 [00:00<00:00, 2059.31it/s, Materializing param=bert.encoder.layer.6.attention.self.key.weight]
Loading weights:  54%|█████▍    | 107/199 [00:00<00:00, 2054.85it/s, Materializing param=bert.encoder.layer.6.attention.self.key.weight]
Loading weights:  54%|█████▍    | 108/199 [00:00<00:00, 2065.88it/s, Materializing param=bert.encoder.layer.6.attention.self.query.bias]
Loading weights:  54%|█████▍    | 108/199 [00:00<00:00, 2061.73it/s, Materializing param=bert.encoder.layer.6.attention.self.query.bias]
Loading weights:  55%|█████▍    | 109/199 [00:00<00:00, 2072.52it/s, Materializing param=bert.encoder.layer.6.attention.self.query.weight]
Loading weights:  55%|█████▍    | 109/199 [00:00<00:00, 2068.40it/s, Materializing param=bert.encoder.layer.6.attention.self.query.weight]
Loading weights:  55%|█████▌    | 110/199 [00:00<00:00, 2078.74it/s, Materializing param=bert.encoder.layer.6.attention.self.value.bias]  
Loading weights:  55%|█████▌    | 110/199 [00:00<00:00, 2074.01it/s, Materializing param=bert.encoder.layer.6.attention.self.value.bias]
Loading weights:  56%|█████▌    | 111/199 [00:00<00:00, 2085.08it/s, Materializing param=bert.encoder.layer.6.attention.self.value.weight]
Loading weights:  56%|█████▌    | 111/199 [00:00<00:00, 2081.02it/s, Materializing param=bert.encoder.layer.6.attention.self.value.weight]
Loading weights:  56%|█████▋    | 112/199 [00:00<00:00, 2091.75it/s, Materializing param=bert.encoder.layer.6.intermediate.dense.bias]    
Loading weights:  56%|█████▋    | 112/199 [00:00<00:00, 2087.55it/s, Materializing param=bert.encoder.layer.6.intermediate.dense.bias]
Loading weights:  57%|█████▋    | 113/199 [00:00<00:00, 2097.99it/s, Materializing param=bert.encoder.layer.6.intermediate.dense.weight]
Loading weights:  57%|█████▋    | 113/199 [00:00<00:00, 2093.53it/s, Materializing param=bert.encoder.layer.6.intermediate.dense.weight]
Loading weights:  57%|█████▋    | 114/199 [00:00<00:00, 2104.68it/s, Materializing param=bert.encoder.layer.6.output.LayerNorm.bias]    
Loading weights:  57%|█████▋    | 114/199 [00:00<00:00, 2100.76it/s, Materializing param=bert.encoder.layer.6.output.LayerNorm.bias]
Loading weights:  58%|█████▊    | 115/199 [00:00<00:00, 2111.97it/s, Materializing param=bert.encoder.layer.6.output.LayerNorm.weight]
Loading weights:  58%|█████▊    | 115/199 [00:00<00:00, 2108.18it/s, Materializing param=bert.encoder.layer.6.output.LayerNorm.weight]
Loading weights:  58%|█████▊    | 116/199 [00:00<00:00, 2119.63it/s, Materializing param=bert.encoder.layer.6.output.dense.bias]      
Loading weights:  58%|█████▊    | 116/199 [00:00<00:00, 2115.00it/s, Materializing param=bert.encoder.layer.6.output.dense.bias]
Loading weights:  59%|█████▉    | 117/199 [00:00<00:00, 2125.16it/s, Materializing param=bert.encoder.layer.6.output.dense.weight]
Loading weights:  59%|█████▉    | 117/199 [00:00<00:00, 2121.03it/s, Materializing param=bert.encoder.layer.6.output.dense.weight]
Loading weights:  59%|█████▉    | 118/199 [00:00<00:00, 2131.44it/s, Materializing param=bert.encoder.layer.7.attention.output.LayerNorm.bias]
Loading weights:  59%|█████▉    | 118/199 [00:00<00:00, 2127.43it/s, Materializing param=bert.encoder.layer.7.attention.output.LayerNorm.bias]
Loading weights:  60%|█████▉    | 119/199 [00:00<00:00, 2137.24it/s, Materializing param=bert.encoder.layer.7.attention.output.LayerNorm.weight]
Loading weights:  60%|█████▉    | 119/199 [00:00<00:00, 2132.45it/s, Materializing param=bert.encoder.layer.7.attention.output.LayerNorm.weight]
Loading weights:  60%|██████    | 120/199 [00:00<00:00, 2141.25it/s, Materializing param=bert.encoder.layer.7.attention.output.dense.bias]      
Loading weights:  60%|██████    | 120/199 [00:00<00:00, 2137.12it/s, Materializing param=bert.encoder.layer.7.attention.output.dense.bias]
Loading weights:  61%|██████    | 121/199 [00:00<00:00, 2146.51it/s, Materializing param=bert.encoder.layer.7.attention.output.dense.weight]
Loading weights:  61%|██████    | 121/199 [00:00<00:00, 2142.28it/s, Materializing param=bert.encoder.layer.7.attention.output.dense.weight]
Loading weights:  61%|██████▏   | 122/199 [00:00<00:00, 2151.55it/s, Materializing param=bert.encoder.layer.7.attention.self.key.bias]      
Loading weights:  61%|██████▏   | 122/199 [00:00<00:00, 2146.76it/s, Materializing param=bert.encoder.layer.7.attention.self.key.bias]
Loading weights:  62%|██████▏   | 123/199 [00:00<00:00, 2155.48it/s, Materializing param=bert.encoder.layer.7.attention.self.key.weight]
Loading weights:  62%|██████▏   | 123/199 [00:00<00:00, 2151.27it/s, Materializing param=bert.encoder.layer.7.attention.self.key.weight]
Loading weights:  62%|██████▏   | 124/199 [00:00<00:00, 2160.56it/s, Materializing param=bert.encoder.layer.7.attention.self.query.bias]
Loading weights:  62%|██████▏   | 124/199 [00:00<00:00, 2156.34it/s, Materializing param=bert.encoder.layer.7.attention.self.query.bias]
Loading weights:  63%|██████▎   | 125/199 [00:00<00:00, 2165.97it/s, Materializing param=bert.encoder.layer.7.attention.self.query.weight]
Loading weights:  63%|██████▎   | 125/199 [00:00<00:00, 2161.01it/s, Materializing param=bert.encoder.layer.7.attention.self.query.weight]
Loading weights:  63%|██████▎   | 126/199 [00:00<00:00, 2169.71it/s, Materializing param=bert.encoder.layer.7.attention.self.value.bias]  
Loading weights:  63%|██████▎   | 126/199 [00:00<00:00, 2165.62it/s, Materializing param=bert.encoder.layer.7.attention.self.value.bias]
Loading weights:  64%|██████▍   | 127/199 [00:00<00:00, 2174.51it/s, Materializing param=bert.encoder.layer.7.attention.self.value.weight]
Loading weights:  64%|██████▍   | 127/199 [00:00<00:00, 2170.44it/s, Materializing param=bert.encoder.layer.7.attention.self.value.weight]
Loading weights:  64%|██████▍   | 128/199 [00:00<00:00, 2179.58it/s, Materializing param=bert.encoder.layer.7.intermediate.dense.bias]    
Loading weights:  64%|██████▍   | 128/199 [00:00<00:00, 2174.70it/s, Materializing param=bert.encoder.layer.7.intermediate.dense.bias]
Loading weights:  65%|██████▍   | 129/199 [00:00<00:00, 2183.52it/s, Materializing param=bert.encoder.layer.7.intermediate.dense.weight]
Loading weights:  65%|██████▍   | 129/199 [00:00<00:00, 2179.14it/s, Materializing param=bert.encoder.layer.7.intermediate.dense.weight]
Loading weights:  65%|██████▌   | 130/199 [00:00<00:00, 2188.26it/s, Materializing param=bert.encoder.layer.7.output.LayerNorm.bias]    
Loading weights:  65%|██████▌   | 130/199 [00:00<00:00, 2184.34it/s, Materializing param=bert.encoder.layer.7.output.LayerNorm.bias]
Loading weights:  66%|██████▌   | 131/199 [00:00<00:00, 2192.92it/s, Materializing param=bert.encoder.layer.7.output.LayerNorm.weight]
Loading weights:  66%|██████▌   | 131/199 [00:00<00:00, 2188.61it/s, Materializing param=bert.encoder.layer.7.output.LayerNorm.weight]
Loading weights:  66%|██████▋   | 132/199 [00:00<00:00, 2197.52it/s, Materializing param=bert.encoder.layer.7.output.dense.bias]      
Loading weights:  66%|██████▋   | 132/199 [00:00<00:00, 2193.76it/s, Materializing param=bert.encoder.layer.7.output.dense.bias]
Loading weights:  67%|██████▋   | 133/199 [00:00<00:00, 2203.33it/s, Materializing param=bert.encoder.layer.7.output.dense.weight]
Loading weights:  67%|██████▋   | 133/199 [00:00<00:00, 2199.57it/s, Materializing param=bert.encoder.layer.7.output.dense.weight]
Loading weights:  67%|██████▋   | 134/199 [00:00<00:00, 2208.91it/s, Materializing param=bert.encoder.layer.8.attention.output.LayerNorm.bias]
Loading weights:  67%|██████▋   | 134/199 [00:00<00:00, 2205.20it/s, Materializing param=bert.encoder.layer.8.attention.output.LayerNorm.bias]
Loading weights:  68%|██████▊   | 135/199 [00:00<00:00, 2212.84it/s, Materializing param=bert.encoder.layer.8.attention.output.LayerNorm.weight]
Loading weights:  68%|██████▊   | 135/199 [00:00<00:00, 2208.90it/s, Materializing param=bert.encoder.layer.8.attention.output.LayerNorm.weight]
Loading weights:  68%|██████▊   | 136/199 [00:00<00:00, 2217.91it/s, Materializing param=bert.encoder.layer.8.attention.output.dense.bias]      
Loading weights:  68%|██████▊   | 136/199 [00:00<00:00, 2214.29it/s, Materializing param=bert.encoder.layer.8.attention.output.dense.bias]
Loading weights:  69%|██████▉   | 137/199 [00:00<00:00, 2223.45it/s, Materializing param=bert.encoder.layer.8.attention.output.dense.weight]
Loading weights:  69%|██████▉   | 137/199 [00:00<00:00, 2219.85it/s, Materializing param=bert.encoder.layer.8.attention.output.dense.weight]
Loading weights:  69%|██████▉   | 138/199 [00:00<00:00, 2226.62it/s, Materializing param=bert.encoder.layer.8.attention.self.key.bias]      
Loading weights:  69%|██████▉   | 138/199 [00:00<00:00, 2222.61it/s, Materializing param=bert.encoder.layer.8.attention.self.key.bias]
Loading weights:  70%|██████▉   | 139/199 [00:00<00:00, 2230.77it/s, Materializing param=bert.encoder.layer.8.attention.self.key.weight]
Loading weights:  70%|██████▉   | 139/199 [00:00<00:00, 2226.75it/s, Materializing param=bert.encoder.layer.8.attention.self.key.weight]
Loading weights:  70%|███████   | 140/199 [00:00<00:00, 2235.33it/s, Materializing param=bert.encoder.layer.8.attention.self.query.bias]
Loading weights:  70%|███████   | 140/199 [00:00<00:00, 2231.48it/s, Materializing param=bert.encoder.layer.8.attention.self.query.bias]
Loading weights:  71%|███████   | 141/199 [00:00<00:00, 2238.66it/s, Materializing param=bert.encoder.layer.8.attention.self.query.weight]
Loading weights:  71%|███████   | 141/199 [00:00<00:00, 2234.50it/s, Materializing param=bert.encoder.layer.8.attention.self.query.weight]
Loading weights:  71%|███████▏  | 142/199 [00:00<00:00, 2242.68it/s, Materializing param=bert.encoder.layer.8.attention.self.value.bias]  
Loading weights:  71%|███████▏  | 142/199 [00:00<00:00, 2238.80it/s, Materializing param=bert.encoder.layer.8.attention.self.value.bias]
Loading weights:  72%|███████▏  | 143/199 [00:00<00:00, 2246.73it/s, Materializing param=bert.encoder.layer.8.attention.self.value.weight]
Loading weights:  72%|███████▏  | 143/199 [00:00<00:00, 2242.36it/s, Materializing param=bert.encoder.layer.8.attention.self.value.weight]
Loading weights:  72%|███████▏  | 144/199 [00:00<00:00, 2249.27it/s, Materializing param=bert.encoder.layer.8.intermediate.dense.bias]    
Loading weights:  72%|███████▏  | 144/199 [00:00<00:00, 2245.18it/s, Materializing param=bert.encoder.layer.8.intermediate.dense.bias]
Loading weights:  73%|███████▎  | 145/199 [00:00<00:00, 2253.26it/s, Materializing param=bert.encoder.layer.8.intermediate.dense.weight]
Loading weights:  73%|███████▎  | 145/199 [00:00<00:00, 2249.41it/s, Materializing param=bert.encoder.layer.8.intermediate.dense.weight]
Loading weights:  73%|███████▎  | 146/199 [00:00<00:00, 2257.35it/s, Materializing param=bert.encoder.layer.8.output.LayerNorm.bias]    
Loading weights:  73%|███████▎  | 146/199 [00:00<00:00, 2252.89it/s, Materializing param=bert.encoder.layer.8.output.LayerNorm.bias]
Loading weights:  74%|███████▍  | 147/199 [00:00<00:00, 2260.01it/s, Materializing param=bert.encoder.layer.8.output.LayerNorm.weight]
Loading weights:  74%|███████▍  | 147/199 [00:00<00:00, 2256.36it/s, Materializing param=bert.encoder.layer.8.output.LayerNorm.weight]
Loading weights:  74%|███████▍  | 148/199 [00:00<00:00, 2264.79it/s, Materializing param=bert.encoder.layer.8.output.dense.bias]      
Loading weights:  74%|███████▍  | 148/199 [00:00<00:00, 2261.10it/s, Materializing param=bert.encoder.layer.8.output.dense.bias]
Loading weights:  75%|███████▍  | 149/199 [00:00<00:00, 2269.66it/s, Materializing param=bert.encoder.layer.8.output.dense.weight]
Loading weights:  75%|███████▍  | 149/199 [00:00<00:00, 2266.16it/s, Materializing param=bert.encoder.layer.8.output.dense.weight]
Loading weights:  75%|███████▌  | 150/199 [00:00<00:00, 2273.41it/s, Materializing param=bert.encoder.layer.9.attention.output.LayerNorm.bias]
Loading weights:  75%|███████▌  | 150/199 [00:00<00:00, 2269.81it/s, Materializing param=bert.encoder.layer.9.attention.output.LayerNorm.bias]
Loading weights:  76%|███████▌  | 151/199 [00:00<00:00, 2277.87it/s, Materializing param=bert.encoder.layer.9.attention.output.LayerNorm.weight]
Loading weights:  76%|███████▌  | 151/199 [00:00<00:00, 2274.24it/s, Materializing param=bert.encoder.layer.9.attention.output.LayerNorm.weight]
Loading weights:  76%|███████▋  | 152/199 [00:00<00:00, 2282.46it/s, Materializing param=bert.encoder.layer.9.attention.output.dense.bias]      
Loading weights:  76%|███████▋  | 152/199 [00:00<00:00, 2278.77it/s, Materializing param=bert.encoder.layer.9.attention.output.dense.bias]
Loading weights:  77%|███████▋  | 153/199 [00:00<00:00, 2285.93it/s, Materializing param=bert.encoder.layer.9.attention.output.dense.weight]
Loading weights:  77%|███████▋  | 153/199 [00:00<00:00, 2282.19it/s, Materializing param=bert.encoder.layer.9.attention.output.dense.weight]
Loading weights:  77%|███████▋  | 154/199 [00:00<00:00, 2290.18it/s, Materializing param=bert.encoder.layer.9.attention.self.key.bias]      
Loading weights:  77%|███████▋  | 154/199 [00:00<00:00, 2286.72it/s, Materializing param=bert.encoder.layer.9.attention.self.key.bias]
Loading weights:  78%|███████▊  | 155/199 [00:00<00:00, 2294.66it/s, Materializing param=bert.encoder.layer.9.attention.self.key.weight]
Loading weights:  78%|███████▊  | 155/199 [00:00<00:00, 2291.19it/s, Materializing param=bert.encoder.layer.9.attention.self.key.weight]
Loading weights:  78%|███████▊  | 156/199 [00:00<00:00, 2298.49it/s, Materializing param=bert.encoder.layer.9.attention.self.query.bias]
Loading weights:  78%|███████▊  | 156/199 [00:00<00:00, 2294.40it/s, Materializing param=bert.encoder.layer.9.attention.self.query.bias]
Loading weights:  79%|███████▉  | 157/199 [00:00<00:00, 2302.19it/s, Materializing param=bert.encoder.layer.9.attention.self.query.weight]
Loading weights:  79%|███████▉  | 157/199 [00:00<00:00, 2298.68it/s, Materializing param=bert.encoder.layer.9.attention.self.query.weight]
Loading weights:  79%|███████▉  | 158/199 [00:00<00:00, 2306.92it/s, Materializing param=bert.encoder.layer.9.attention.self.value.bias]  
Loading weights:  79%|███████▉  | 158/199 [00:00<00:00, 2302.90it/s, Materializing param=bert.encoder.layer.9.attention.self.value.bias]
Loading weights:  80%|███████▉  | 159/199 [00:00<00:00, 2310.13it/s, Materializing param=bert.encoder.layer.9.attention.self.value.weight]
Loading weights:  80%|███████▉  | 159/199 [00:00<00:00, 2306.11it/s, Materializing param=bert.encoder.layer.9.attention.self.value.weight]
Loading weights:  80%|████████  | 160/199 [00:00<00:00, 2313.64it/s, Materializing param=bert.encoder.layer.9.intermediate.dense.bias]    
Loading weights:  80%|████████  | 160/199 [00:00<00:00, 2310.14it/s, Materializing param=bert.encoder.layer.9.intermediate.dense.bias]
Loading weights:  81%|████████  | 161/199 [00:00<00:00, 2318.09it/s, Materializing param=bert.encoder.layer.9.intermediate.dense.weight]
Loading weights:  81%|████████  | 161/199 [00:00<00:00, 2314.56it/s, Materializing param=bert.encoder.layer.9.intermediate.dense.weight]
Loading weights:  81%|████████▏ | 162/199 [00:00<00:00, 2322.60it/s, Materializing param=bert.encoder.layer.9.output.LayerNorm.bias]    
Loading weights:  81%|████████▏ | 162/199 [00:00<00:00, 2318.24it/s, Materializing param=bert.encoder.layer.9.output.LayerNorm.bias]
Loading weights:  82%|████████▏ | 163/199 [00:00<00:00, 2325.98it/s, Materializing param=bert.encoder.layer.9.output.LayerNorm.weight]
Loading weights:  82%|████████▏ | 163/199 [00:00<00:00, 2322.77it/s, Materializing param=bert.encoder.layer.9.output.LayerNorm.weight]
Loading weights:  82%|████████▏ | 164/199 [00:00<00:00, 2331.04it/s, Materializing param=bert.encoder.layer.9.output.dense.bias]      
Loading weights:  82%|████████▏ | 164/199 [00:00<00:00, 2327.89it/s, Materializing param=bert.encoder.layer.9.output.dense.bias]
Loading weights:  83%|████████▎ | 165/199 [00:00<00:00, 2336.36it/s, Materializing param=bert.encoder.layer.9.output.dense.weight]
Loading weights:  83%|████████▎ | 165/199 [00:00<00:00, 2333.21it/s, Materializing param=bert.encoder.layer.9.output.dense.weight]
Loading weights:  83%|████████▎ | 166/199 [00:00<00:00, 2340.18it/s, Materializing param=bert.encoder.layer.10.attention.output.LayerNorm.bias]
Loading weights:  83%|████████▎ | 166/199 [00:00<00:00, 2336.70it/s, Materializing param=bert.encoder.layer.10.attention.output.LayerNorm.bias]
Loading weights:  84%|████████▍ | 167/199 [00:00<00:00, 2343.95it/s, Materializing param=bert.encoder.layer.10.attention.output.LayerNorm.weight]
Loading weights:  84%|████████▍ | 167/199 [00:00<00:00, 2340.44it/s, Materializing param=bert.encoder.layer.10.attention.output.LayerNorm.weight]
Loading weights:  84%|████████▍ | 168/199 [00:00<00:00, 2347.96it/s, Materializing param=bert.encoder.layer.10.attention.output.dense.bias]      
Loading weights:  84%|████████▍ | 168/199 [00:00<00:00, 2344.42it/s, Materializing param=bert.encoder.layer.10.attention.output.dense.bias]
Loading weights:  85%|████████▍ | 169/199 [00:00<00:00, 2351.18it/s, Materializing param=bert.encoder.layer.10.attention.output.dense.weight]
Loading weights:  85%|████████▍ | 169/199 [00:00<00:00, 2347.35it/s, Materializing param=bert.encoder.layer.10.attention.output.dense.weight]
Loading weights:  85%|████████▌ | 170/199 [00:00<00:00, 2354.41it/s, Materializing param=bert.encoder.layer.10.attention.self.key.bias]      
Loading weights:  85%|████████▌ | 170/199 [00:00<00:00, 2351.04it/s, Materializing param=bert.encoder.layer.10.attention.self.key.bias]
Loading weights:  86%|████████▌ | 171/199 [00:00<00:00, 2358.27it/s, Materializing param=bert.encoder.layer.10.attention.self.key.weight]
Loading weights:  86%|████████▌ | 171/199 [00:00<00:00, 2354.93it/s, Materializing param=bert.encoder.layer.10.attention.self.key.weight]
Loading weights:  86%|████████▋ | 172/199 [00:00<00:00, 2358.98it/s, Materializing param=bert.encoder.layer.10.attention.self.query.bias]
Loading weights:  86%|████████▋ | 172/199 [00:00<00:00, 2354.59it/s, Materializing param=bert.encoder.layer.10.attention.self.query.bias]
Loading weights:  87%|████████▋ | 173/199 [00:00<00:00, 2360.60it/s, Materializing param=bert.encoder.layer.10.attention.self.query.weight]
Loading weights:  87%|████████▋ | 173/199 [00:00<00:00, 2356.53it/s, Materializing param=bert.encoder.layer.10.attention.self.query.weight]
Loading weights:  87%|████████▋ | 174/199 [00:00<00:00, 2362.55it/s, Materializing param=bert.encoder.layer.10.attention.self.value.bias]  
Loading weights:  87%|████████▋ | 174/199 [00:00<00:00, 2357.93it/s, Materializing param=bert.encoder.layer.10.attention.self.value.bias]
Loading weights:  88%|████████▊ | 175/199 [00:00<00:00, 2363.19it/s, Materializing param=bert.encoder.layer.10.attention.self.value.weight]
Loading weights:  88%|████████▊ | 175/199 [00:00<00:00, 2358.65it/s, Materializing param=bert.encoder.layer.10.attention.self.value.weight]
Loading weights:  88%|████████▊ | 176/199 [00:00<00:00, 2365.22it/s, Materializing param=bert.encoder.layer.10.intermediate.dense.bias]    
Loading weights:  88%|████████▊ | 176/199 [00:00<00:00, 2361.72it/s, Materializing param=bert.encoder.layer.10.intermediate.dense.bias]
Loading weights:  89%|████████▉ | 177/199 [00:00<00:00, 2368.65it/s, Materializing param=bert.encoder.layer.10.intermediate.dense.weight]
Loading weights:  89%|████████▉ | 177/199 [00:00<00:00, 2364.67it/s, Materializing param=bert.encoder.layer.10.intermediate.dense.weight]
Loading weights:  89%|████████▉ | 178/199 [00:00<00:00, 2370.66it/s, Materializing param=bert.encoder.layer.10.output.LayerNorm.bias]    
Loading weights:  89%|████████▉ | 178/199 [00:00<00:00, 2367.42it/s, Materializing param=bert.encoder.layer.10.output.LayerNorm.bias]
Loading weights:  90%|████████▉ | 179/199 [00:00<00:00, 2374.23it/s, Materializing param=bert.encoder.layer.10.output.LayerNorm.weight]
Loading weights:  90%|████████▉ | 179/199 [00:00<00:00, 2370.98it/s, Materializing param=bert.encoder.layer.10.output.LayerNorm.weight]
Loading weights:  90%|█████████ | 180/199 [00:00<00:00, 2377.96it/s, Materializing param=bert.encoder.layer.10.output.dense.bias]      
Loading weights:  90%|█████████ | 180/199 [00:00<00:00, 2374.11it/s, Materializing param=bert.encoder.layer.10.output.dense.bias]
Loading weights:  91%|█████████ | 181/199 [00:00<00:00, 2380.37it/s, Materializing param=bert.encoder.layer.10.output.dense.weight]
Loading weights:  91%|█████████ | 181/199 [00:00<00:00, 2376.90it/s, Materializing param=bert.encoder.layer.10.output.dense.weight]
Loading weights:  91%|█████████▏| 182/199 [00:00<00:00, 2383.14it/s, Materializing param=bert.encoder.layer.11.attention.output.LayerNorm.bias]
Loading weights:  91%|█████████▏| 182/199 [00:00<00:00, 2379.77it/s, Materializing param=bert.encoder.layer.11.attention.output.LayerNorm.bias]
Loading weights:  92%|█████████▏| 183/199 [00:00<00:00, 2385.87it/s, Materializing param=bert.encoder.layer.11.attention.output.LayerNorm.weight]
Loading weights:  92%|█████████▏| 183/199 [00:00<00:00, 2381.88it/s, Materializing param=bert.encoder.layer.11.attention.output.LayerNorm.weight]
Loading weights:  92%|█████████▏| 184/199 [00:00<00:00, 2387.88it/s, Materializing param=bert.encoder.layer.11.attention.output.dense.bias]      
Loading weights:  92%|█████████▏| 184/199 [00:00<00:00, 2384.41it/s, Materializing param=bert.encoder.layer.11.attention.output.dense.bias]
Loading weights:  93%|█████████▎| 185/199 [00:00<00:00, 2390.92it/s, Materializing param=bert.encoder.layer.11.attention.output.dense.weight]
Loading weights:  93%|█████████▎| 185/199 [00:00<00:00, 2387.18it/s, Materializing param=bert.encoder.layer.11.attention.output.dense.weight]
Loading weights:  93%|█████████▎| 186/199 [00:00<00:00, 2393.94it/s, Materializing param=bert.encoder.layer.11.attention.self.key.bias]      
Loading weights:  93%|█████████▎| 186/199 [00:00<00:00, 2390.26it/s, Materializing param=bert.encoder.layer.11.attention.self.key.bias]
Loading weights:  94%|█████████▍| 187/199 [00:00<00:00, 2395.42it/s, Materializing param=bert.encoder.layer.11.attention.self.key.weight]
Loading weights:  94%|█████████▍| 187/199 [00:00<00:00, 2392.06it/s, Materializing param=bert.encoder.layer.11.attention.self.key.weight]
Loading weights:  94%|█████████▍| 188/199 [00:00<00:00, 2394.90it/s, Materializing param=bert.encoder.layer.11.attention.self.query.bias]
Loading weights:  94%|█████████▍| 188/199 [00:00<00:00, 2391.05it/s, Materializing param=bert.encoder.layer.11.attention.self.query.bias]
Loading weights:  95%|█████████▍| 189/199 [00:00<00:00, 2394.11it/s, Materializing param=bert.encoder.layer.11.attention.self.query.weight]
Loading weights:  95%|█████████▍| 189/199 [00:00<00:00, 2390.08it/s, Materializing param=bert.encoder.layer.11.attention.self.query.weight]
Loading weights:  95%|█████████▌| 190/199 [00:00<00:00, 2394.68it/s, Materializing param=bert.encoder.layer.11.attention.self.value.bias]  
Loading weights:  95%|█████████▌| 190/199 [00:00<00:00, 2390.63it/s, Materializing param=bert.encoder.layer.11.attention.self.value.bias]
Loading weights:  96%|█████████▌| 191/199 [00:00<00:00, 2395.84it/s, Materializing param=bert.encoder.layer.11.attention.self.value.weight]
Loading weights:  96%|█████████▌| 191/199 [00:00<00:00, 2390.69it/s, Materializing param=bert.encoder.layer.11.attention.self.value.weight]
Loading weights:  96%|█████████▋| 192/199 [00:00<00:00, 2355.52it/s, Materializing param=bert.encoder.layer.11.intermediate.dense.bias]    
Loading weights:  96%|█████████▋| 192/199 [00:00<00:00, 2351.72it/s, Materializing param=bert.encoder.layer.11.intermediate.dense.bias]
Loading weights:  97%|█████████▋| 193/199 [00:00<00:00, 2356.91it/s, Materializing param=bert.encoder.layer.11.intermediate.dense.weight]
Loading weights:  97%|█████████▋| 193/199 [00:00<00:00, 2352.73it/s, Materializing param=bert.encoder.layer.11.intermediate.dense.weight]
Loading weights:  97%|█████████▋| 194/199 [00:00<00:00, 2350.92it/s, Materializing param=bert.encoder.layer.11.output.LayerNorm.bias]    
Loading weights:  97%|█████████▋| 194/199 [00:00<00:00, 2347.24it/s, Materializing param=bert.encoder.layer.11.output.LayerNorm.bias]
Loading weights:  98%|█████████▊| 195/199 [00:00<00:00, 2352.14it/s, Materializing param=bert.encoder.layer.11.output.LayerNorm.weight]
Loading weights:  98%|█████████▊| 195/199 [00:00<00:00, 2348.44it/s, Materializing param=bert.encoder.layer.11.output.LayerNorm.weight]
Loading weights:  98%|█████████▊| 196/199 [00:00<00:00, 2326.65it/s, Materializing param=bert.encoder.layer.11.output.dense.bias]      
Loading weights:  98%|█████████▊| 196/199 [00:00<00:00, 2321.14it/s, Materializing param=bert.encoder.layer.11.output.dense.bias]
Loading weights:  99%|█████████▉| 197/199 [00:00<00:00, 2326.57it/s, Materializing param=bert.encoder.layer.11.output.dense.weight]
Loading weights:  99%|█████████▉| 197/199 [00:00<00:00, 2323.05it/s, Materializing param=bert.encoder.layer.11.output.dense.weight]
Loading weights:  99%|█████████▉| 198/199 [00:00<00:00, 2322.43it/s, Materializing param=bert.pooler.dense.bias]                   
Loading weights:  99%|█████████▉| 198/199 [00:00<00:00, 2317.04it/s, Materializing param=bert.pooler.dense.bias]
Loading weights: 100%|██████████| 199/199 [00:00<00:00, 2319.01it/s, Materializing param=bert.pooler.dense.weight]
Loading weights: 100%|██████████| 199/199 [00:00<00:00, 2313.87it/s, Materializing param=bert.pooler.dense.weight]
Loading weights: 100%|██████████| 199/199 [00:00<00:00, 2302.91it/s, Materializing param=bert.pooler.dense.weight]
BertForSequenceClassification LOAD REPORT from: neuralmind/bert-base-portuguese-cased
Key                                        | Status     | 
-------------------------------------------+------------+-
cls.predictions.transform.dense.bias       | UNEXPECTED | 
cls.seq_relationship.weight                | UNEXPECTED | 
cls.seq_relationship.bias                  | UNEXPECTED | 
cls.predictions.transform.LayerNorm.bias   | UNEXPECTED | 
cls.predictions.bias                       | UNEXPECTED | 
cls.predictions.decoder.weight             | UNEXPECTED | 
cls.predictions.transform.LayerNorm.weight | UNEXPECTED | 
cls.predictions.transform.dense.weight     | UNEXPECTED | 
classifier.weight                          | MISSING    | 
classifier.bias                            | MISSING    | 

Notes:
- UNEXPECTED	:can be ignored when loading from different task/architecture; not ok if you expect identical arch.
- MISSING	:those params were newly initialized because missing from the checkpoint. Consider training on your downstream task.
  época 1/3 passo 1/157 loss=6.4995
  época 1/3 passo 11/157 loss=6.3794
  época 1/3 passo 21/157 loss=6.1993
  época 1/3 passo 31/157 loss=6.0420
  época 1/3 passo 41/157 loss=6.0438
  época 1/3 passo 51/157 loss=5.8739
  época 1/3 passo 61/157 loss=5.6961
  época 1/3 passo 71/157 loss=5.8015
  época 1/3 passo 81/157 loss=5.4906
  época 1/3 passo 91/157 loss=5.5329
  época 1/3 passo 101/157 loss=5.4731
  época 1/3 passo 111/157 loss=5.5717
  época 1/3 passo 121/157 loss=5.3323
  época 1/3 passo 131/157 loss=5.0614
  época 1/3 passo 141/157 loss=5.0959
  época 1/3 passo 151/157 loss=5.0788
  época 1: loss médio 5.6782
  época 2/3 passo 1/157 loss=4.8553
  época 2/3 passo 11/157 loss=4.7347
  época 2/3 passo 21/157 loss=4.7297
  época 2/3 passo 31/157 loss=4.3665
  época 2/3 passo 41/157 loss=4.4365
  época 2/3 passo 51/157 loss=4.3383
  época 2/3 passo 61/157 loss=4.5993
  época 2/3 passo 71/157 loss=4.1585
  época 2/3 passo 81/157 loss=4.1441
  época 2/3 passo 91/157 loss=4.1585
  época 2/3 passo 101/157 loss=4.0101
  época 2/3 passo 111/157 loss=4.0568
  época 2/3 passo 121/157 loss=3.8453
  época 2/3 passo 131/157 loss=3.7159
  época 2/3 passo 141/157 loss=3.7368
  época 2/3 passo 151/157 loss=3.5893
  época 2: loss médio 4.1191
  época 3/3 passo 1/157 loss=3.1518
  época 3/3 passo 11/157 loss=3.2457
  época 3/3 passo 21/157 loss=3.1800
  época 3/3 passo 31/157 loss=3.1180
  época 3/3 passo 41/157 loss=2.8042
  época 3/3 passo 51/157 loss=3.3101
  época 3/3 passo 61/157 loss=3.2242
  época 3/3 passo 71/157 loss=3.0962
  época 3/3 passo 81/157 loss=3.0671
  época 3/3 passo 91/157 loss=2.7188
  época 3/3 passo 101/157 loss=2.6501
  época 3/3 passo 111/157 loss=2.7507
  época 3/3 passo 121/157 loss=2.8762
  época 3/3 passo 131/157 loss=2.7414
  época 3/3 passo 141/157 loss=2.6323
  época 3/3 passo 151/157 loss=2.4852
  época 3: loss médio 2.8858
  avaliação: 5000/177490
  avaliação: 10000/177490
  avaliação: 15000/177490
  avaliação: 20000/177490
  avaliação: 25000/177490
  avaliação: 30000/177490
  avaliação: 35000/177490
  avaliação: 40000/177490
  avaliação: 45000/177490
  avaliação: 50000/177490
  avaliação: 55000/177490
  avaliação: 60000/177490
  avaliação: 65000/177490
  avaliação: 70000/177490
  avaliação: 75000/177490
  avaliação: 80000/177490
  avaliação: 85000/177490
  avaliação: 90000/177490
  avaliação: 95000/177490
  avaliação: 100000/177490
  avaliação: 105000/177490
  avaliação: 110000/177490
  avaliação: 115000/177490
  avaliação: 120000/177490
  avaliação: 125000/177490
  avaliação: 130000/177490
  avaliação: 135000/177490
  avaliação: 140000/177490
  avaliação: 145000/177490
  avaliação: 150000/177490
  avaliação: 155000/177490
  avaliação: 160000/177490
  avaliação: 165000/177490
  avaliação: 170000/177490
  avaliação: 175000/177490
  avaliação: 177490/177490
{"arm": "E20", "fonte": "prefixo 20000 da trajetória de entropia do E6 (SGD), gold", "n_train": 20000, "n_train_classes": 646, "epochs": 3, "batch_size": 128, "max_length": 32, "seed": 7, "data_seed": 42, "eval_n": 177490, "eval_limit": 0, "accuracy": 0.7826, "accuracy_wilson95": [0.7807, 0.7845], "macro_f1": 0.2533, "fit_seconds": 317.8, "predict_seconds": 305.5}

=== braço E25: prefixo 25000 da trajetória de entropia do E6 (SGD), gold · n=25000 classes=647 ===

Loading weights:   0%|          | 0/199 [00:00<?, ?it/s]
Loading weights:   1%|          | 1/199 [00:00<00:00, 20164.92it/s, Materializing param=bert.embeddings.LayerNorm.bias]
Loading weights:   1%|          | 1/199 [00:00<00:00, 5825.42it/s, Materializing param=bert.embeddings.LayerNorm.bias] 
Loading weights:   1%|          | 2/199 [00:00<00:00, 4829.37it/s, Materializing param=bert.embeddings.LayerNorm.weight]
Loading weights:   1%|          | 2/199 [00:00<00:00, 3823.43it/s, Materializing param=bert.embeddings.LayerNorm.weight]
Loading weights:   2%|▏         | 3/199 [00:00<00:00, 2229.83it/s, Materializing param=bert.embeddings.position_embeddings.weight]
Loading weights:   2%|▏         | 3/199 [00:00<00:00, 1980.31it/s, Materializing param=bert.embeddings.position_embeddings.weight]
Loading weights:   2%|▏         | 4/199 [00:00<00:00, 1863.93it/s, Materializing param=bert.embeddings.token_type_embeddings.weight]
Loading weights:   2%|▏         | 4/199 [00:00<00:00, 1758.25it/s, Materializing param=bert.embeddings.token_type_embeddings.weight]
Loading weights:   3%|▎         | 5/199 [00:00<00:00, 1511.79it/s, Materializing param=bert.embeddings.word_embeddings.weight]      
Loading weights:   3%|▎         | 5/199 [00:00<00:00, 1445.41it/s, Materializing param=bert.embeddings.word_embeddings.weight]
Loading weights:   3%|▎         | 6/199 [00:00<00:00, 1328.57it/s, Materializing param=bert.encoder.layer.0.attention.output.LayerNorm.bias]
Loading weights:   3%|▎         | 6/199 [00:00<00:00, 1289.83it/s, Materializing param=bert.encoder.layer.0.attention.output.LayerNorm.bias]
Loading weights:   4%|▎         | 7/199 [00:00<00:00, 1217.96it/s, Materializing param=bert.encoder.layer.0.attention.output.LayerNorm.weight]
Loading weights:   4%|▎         | 7/199 [00:00<00:00, 1064.16it/s, Materializing param=bert.encoder.layer.0.attention.output.LayerNorm.weight]
Loading weights:   4%|▍         | 8/199 [00:00<00:00, 1049.40it/s, Materializing param=bert.encoder.layer.0.attention.output.dense.bias]      
Loading weights:   4%|▍         | 8/199 [00:00<00:00, 1031.14it/s, Materializing param=bert.encoder.layer.0.attention.output.dense.bias]
Loading weights:   5%|▍         | 9/199 [00:00<00:00, 1080.26it/s, Materializing param=bert.encoder.layer.0.attention.output.dense.weight]
Loading weights:   5%|▍         | 9/199 [00:00<00:00, 1060.54it/s, Materializing param=bert.encoder.layer.0.attention.output.dense.weight]
Loading weights:   5%|▌         | 10/199 [00:00<00:00, 992.55it/s, Materializing param=bert.encoder.layer.0.attention.self.key.bias]      
Loading weights:   5%|▌         | 10/199 [00:00<00:00, 976.96it/s, Materializing param=bert.encoder.layer.0.attention.self.key.bias]
Loading weights:   6%|▌         | 11/199 [00:00<00:00, 1047.20it/s, Materializing param=bert.encoder.layer.0.attention.self.key.weight]
Loading weights:   6%|▌         | 11/199 [00:00<00:00, 998.64it/s, Materializing param=bert.encoder.layer.0.attention.self.key.weight] 
Loading weights:   6%|▌         | 12/199 [00:00<00:00, 1039.46it/s, Materializing param=bert.encoder.layer.0.attention.self.query.bias]
Loading weights:   6%|▌         | 12/199 [00:00<00:00, 1025.77it/s, Materializing param=bert.encoder.layer.0.attention.self.query.bias]
Loading weights:   7%|▋         | 13/199 [00:00<00:00, 1034.49it/s, Materializing param=bert.encoder.layer.0.attention.self.query.weight]
Loading weights:   7%|▋         | 13/199 [00:00<00:00, 1022.98it/s, Materializing param=bert.encoder.layer.0.attention.self.query.weight]
Loading weights:   7%|▋         | 14/199 [00:00<00:00, 1070.95it/s, Materializing param=bert.encoder.layer.0.attention.self.value.bias]  
Loading weights:   7%|▋         | 14/199 [00:00<00:00, 1059.82it/s, Materializing param=bert.encoder.layer.0.attention.self.value.bias]
Loading weights:   8%|▊         | 15/199 [00:00<00:00, 1051.91it/s, Materializing param=bert.encoder.layer.0.attention.self.value.weight]
Loading weights:   8%|▊         | 15/199 [00:00<00:00, 1045.56it/s, Materializing param=bert.encoder.layer.0.attention.self.value.weight]
Loading weights:   8%|▊         | 16/199 [00:00<00:00, 1089.98it/s, Materializing param=bert.encoder.layer.0.intermediate.dense.bias]    
Loading weights:   8%|▊         | 16/199 [00:00<00:00, 1083.38it/s, Materializing param=bert.encoder.layer.0.intermediate.dense.bias]
Loading weights:   9%|▊         | 17/199 [00:00<00:00, 1137.52it/s, Materializing param=bert.encoder.layer.0.intermediate.dense.weight]
Loading weights:   9%|▊         | 17/199 [00:00<00:00, 1132.86it/s, Materializing param=bert.encoder.layer.0.intermediate.dense.weight]
Loading weights:   9%|▉         | 18/199 [00:00<00:00, 1190.36it/s, Materializing param=bert.encoder.layer.0.output.LayerNorm.bias]    
Loading weights:   9%|▉         | 18/199 [00:00<00:00, 1185.84it/s, Materializing param=bert.encoder.layer.0.output.LayerNorm.bias]
Loading weights:  10%|▉         | 19/199 [00:00<00:00, 1243.05it/s, Materializing param=bert.encoder.layer.0.output.LayerNorm.weight]
Loading weights:  10%|▉         | 19/199 [00:00<00:00, 1237.72it/s, Materializing param=bert.encoder.layer.0.output.LayerNorm.weight]
Loading weights:  10%|█         | 20/199 [00:00<00:00, 1293.00it/s, Materializing param=bert.encoder.layer.0.output.dense.bias]      
Loading weights:  10%|█         | 20/199 [00:00<00:00, 1283.90it/s, Materializing param=bert.encoder.layer.0.output.dense.bias]
Loading weights:  11%|█         | 21/199 [00:00<00:00, 1327.21it/s, Materializing param=bert.encoder.layer.0.output.dense.weight]
Loading weights:  11%|█         | 21/199 [00:00<00:00, 1321.77it/s, Materializing param=bert.encoder.layer.0.output.dense.weight]
Loading weights:  11%|█         | 22/199 [00:00<00:00, 1366.85it/s, Materializing param=bert.encoder.layer.1.attention.output.LayerNorm.bias]
Loading weights:  11%|█         | 22/199 [00:00<00:00, 1361.00it/s, Materializing param=bert.encoder.layer.1.attention.output.LayerNorm.bias]
Loading weights:  12%|█▏        | 23/199 [00:00<00:00, 1412.16it/s, Materializing param=bert.encoder.layer.1.attention.output.LayerNorm.weight]
Loading weights:  12%|█▏        | 23/199 [00:00<00:00, 1407.69it/s, Materializing param=bert.encoder.layer.1.attention.output.LayerNorm.weight]
Loading weights:  12%|█▏        | 24/199 [00:00<00:00, 1449.19it/s, Materializing param=bert.encoder.layer.1.attention.output.dense.bias]      
Loading weights:  12%|█▏        | 24/199 [00:00<00:00, 1440.70it/s, Materializing param=bert.encoder.layer.1.attention.output.dense.bias]
Loading weights:  13%|█▎        | 25/199 [00:00<00:00, 1477.74it/s, Materializing param=bert.encoder.layer.1.attention.output.dense.weight]
Loading weights:  13%|█▎        | 25/199 [00:00<00:00, 1468.33it/s, Materializing param=bert.encoder.layer.1.attention.output.dense.weight]
Loading weights:  13%|█▎        | 26/199 [00:00<00:00, 1515.20it/s, Materializing param=bert.encoder.layer.1.attention.self.key.bias]      
Loading weights:  13%|█▎        | 26/199 [00:00<00:00, 1510.33it/s, Materializing param=bert.encoder.layer.1.attention.self.key.bias]
Loading weights:  14%|█▎        | 27/199 [00:00<00:00, 1553.23it/s, Materializing param=bert.encoder.layer.1.attention.self.key.weight]
Loading weights:  14%|█▎        | 27/199 [00:00<00:00, 1545.92it/s, Materializing param=bert.encoder.layer.1.attention.self.key.weight]
Loading weights:  14%|█▍        | 28/199 [00:00<00:00, 1592.18it/s, Materializing param=bert.encoder.layer.1.attention.self.query.bias]
Loading weights:  14%|█▍        | 28/199 [00:00<00:00, 1582.27it/s, Materializing param=bert.encoder.layer.1.attention.self.query.bias]
Loading weights:  15%|█▍        | 29/199 [00:00<00:00, 1615.83it/s, Materializing param=bert.encoder.layer.1.attention.self.query.weight]
Loading weights:  15%|█▍        | 29/199 [00:00<00:00, 1606.61it/s, Materializing param=bert.encoder.layer.1.attention.self.query.weight]
Loading weights:  15%|█▌        | 30/199 [00:00<00:00, 1648.14it/s, Materializing param=bert.encoder.layer.1.attention.self.value.bias]  
Loading weights:  15%|█▌        | 30/199 [00:00<00:00, 1638.21it/s, Materializing param=bert.encoder.layer.1.attention.self.value.bias]
Loading weights:  16%|█▌        | 31/199 [00:00<00:00, 1679.50it/s, Materializing param=bert.encoder.layer.1.attention.self.value.weight]
Loading weights:  16%|█▌        | 31/199 [00:00<00:00, 1674.42it/s, Materializing param=bert.encoder.layer.1.attention.self.value.weight]
Loading weights:  16%|█▌        | 32/199 [00:00<00:00, 1713.91it/s, Materializing param=bert.encoder.layer.1.intermediate.dense.bias]    
Loading weights:  16%|█▌        | 32/199 [00:00<00:00, 1705.11it/s, Materializing param=bert.encoder.layer.1.intermediate.dense.bias]
Loading weights:  17%|█▋        | 33/199 [00:00<00:00, 1745.84it/s, Materializing param=bert.encoder.layer.1.intermediate.dense.weight]
Loading weights:  17%|█▋        | 33/199 [00:00<00:00, 1733.75it/s, Materializing param=bert.encoder.layer.1.intermediate.dense.weight]
Loading weights:  17%|█▋        | 34/199 [00:00<00:00, 1764.54it/s, Materializing param=bert.encoder.layer.1.output.LayerNorm.bias]    
Loading weights:  17%|█▋        | 34/199 [00:00<00:00, 1757.47it/s, Materializing param=bert.encoder.layer.1.output.LayerNorm.bias]
Loading weights:  18%|█▊        | 35/199 [00:00<00:00, 1798.34it/s, Materializing param=bert.encoder.layer.1.output.LayerNorm.weight]
Loading weights:  18%|█▊        | 35/199 [00:00<00:00, 1793.55it/s, Materializing param=bert.encoder.layer.1.output.LayerNorm.weight]
Loading weights:  18%|█▊        | 36/199 [00:00<00:00, 1827.98it/s, Materializing param=bert.encoder.layer.1.output.dense.bias]      
Loading weights:  18%|█▊        | 36/199 [00:00<00:00, 1820.80it/s, Materializing param=bert.encoder.layer.1.output.dense.bias]
Loading weights:  19%|█▊        | 37/199 [00:00<00:00, 1859.73it/s, Materializing param=bert.encoder.layer.1.output.dense.weight]
Loading weights:  19%|█▊        | 37/199 [00:00<00:00, 1854.84it/s, Materializing param=bert.encoder.layer.1.output.dense.weight]
Loading weights:  19%|█▉        | 38/199 [00:00<00:00, 1889.89it/s, Materializing param=bert.encoder.layer.2.attention.output.LayerNorm.bias]
Loading weights:  19%|█▉        | 38/199 [00:00<00:00, 1878.17it/s, Materializing param=bert.encoder.layer.2.attention.output.LayerNorm.bias]
Loading weights:  20%|█▉        | 39/199 [00:00<00:00, 1915.48it/s, Materializing param=bert.encoder.layer.2.attention.output.LayerNorm.weight]
Loading weights:  20%|█▉        | 39/199 [00:00<00:00, 1910.33it/s, Materializing param=bert.encoder.layer.2.attention.output.LayerNorm.weight]
Loading weights:  20%|██        | 40/199 [00:00<00:00, 1949.86it/s, Materializing param=bert.encoder.layer.2.attention.output.dense.bias]      
Loading weights:  20%|██        | 40/199 [00:00<00:00, 1945.07it/s, Materializing param=bert.encoder.layer.2.attention.output.dense.bias]
Loading weights:  21%|██        | 41/199 [00:00<00:00, 1975.63it/s, Materializing param=bert.encoder.layer.2.attention.output.dense.weight]
Loading weights:  21%|██        | 41/199 [00:00<00:00, 1967.31it/s, Materializing param=bert.encoder.layer.2.attention.output.dense.weight]
Loading weights:  21%|██        | 42/199 [00:00<00:00, 2003.74it/s, Materializing param=bert.encoder.layer.2.attention.self.key.bias]      
Loading weights:  21%|██        | 42/199 [00:00<00:00, 1998.72it/s, Materializing param=bert.encoder.layer.2.attention.self.key.bias]
Loading weights:  22%|██▏       | 43/199 [00:00<00:00, 2035.77it/s, Materializing param=bert.encoder.layer.2.attention.self.key.weight]
Loading weights:  22%|██▏       | 43/199 [00:00<00:00, 2023.91it/s, Materializing param=bert.encoder.layer.2.attention.self.key.weight]
Loading weights:  22%|██▏       | 44/199 [00:00<00:00, 2053.65it/s, Materializing param=bert.encoder.layer.2.attention.self.query.bias]
Loading weights:  22%|██▏       | 44/199 [00:00<00:00, 2048.20it/s, Materializing param=bert.encoder.layer.2.attention.self.query.bias]
Loading weights:  23%|██▎       | 45/199 [00:00<00:00, 2085.38it/s, Materializing param=bert.encoder.layer.2.attention.self.query.weight]
Loading weights:  23%|██▎       | 45/199 [00:00<00:00, 2076.05it/s, Materializing param=bert.encoder.layer.2.attention.self.query.weight]
Loading weights:  23%|██▎       | 46/199 [00:00<00:00, 2110.20it/s, Materializing param=bert.encoder.layer.2.attention.self.value.bias]  
Loading weights:  23%|██▎       | 46/199 [00:00<00:00, 2105.28it/s, Materializing param=bert.encoder.layer.2.attention.self.value.bias]
Loading weights:  24%|██▎       | 47/199 [00:00<00:00, 2141.72it/s, Materializing param=bert.encoder.layer.2.attention.self.value.weight]
Loading weights:  24%|██▎       | 47/199 [00:00<00:00, 2136.82it/s, Materializing param=bert.encoder.layer.2.attention.self.value.weight]
Loading weights:  24%|██▍       | 48/199 [00:00<00:00, 2173.21it/s, Materializing param=bert.encoder.layer.2.intermediate.dense.bias]    
Loading weights:  24%|██▍       | 48/199 [00:00<00:00, 2168.58it/s, Materializing param=bert.encoder.layer.2.intermediate.dense.bias]
Loading weights:  25%|██▍       | 49/199 [00:00<00:00, 2196.60it/s, Materializing param=bert.encoder.layer.2.intermediate.dense.weight]
Loading weights:  25%|██▍       | 49/199 [00:00<00:00, 2185.18it/s, Materializing param=bert.encoder.layer.2.intermediate.dense.weight]
Loading weights:  25%|██▌       | 50/199 [00:00<00:00, 2210.72it/s, Materializing param=bert.encoder.layer.2.output.LayerNorm.bias]    
Loading weights:  25%|██▌       | 50/199 [00:00<00:00, 2197.37it/s, Materializing param=bert.encoder.layer.2.output.LayerNorm.bias]
Loading weights:  26%|██▌       | 51/199 [00:00<00:00, 2221.67it/s, Materializing param=bert.encoder.layer.2.output.LayerNorm.weight]
Loading weights:  26%|██▌       | 51/199 [00:00<00:00, 2215.76it/s, Materializing param=bert.encoder.layer.2.output.LayerNorm.weight]
Loading weights:  26%|██▌       | 52/199 [00:00<00:00, 2248.84it/s, Materializing param=bert.encoder.layer.2.output.dense.bias]      
Loading weights:  26%|██▌       | 52/199 [00:00<00:00, 2240.16it/s, Materializing param=bert.encoder.layer.2.output.dense.bias]
Loading weights:  27%|██▋       | 53/199 [00:00<00:00, 2259.70it/s, Materializing param=bert.encoder.layer.2.output.dense.weight]
Loading weights:  27%|██▋       | 53/199 [00:00<00:00, 2251.96it/s, Materializing param=bert.encoder.layer.2.output.dense.weight]
Loading weights:  27%|██▋       | 54/199 [00:00<00:00, 2276.47it/s, Materializing param=bert.encoder.layer.3.attention.output.LayerNorm.bias]
Loading weights:  27%|██▋       | 54/199 [00:00<00:00, 2267.28it/s, Materializing param=bert.encoder.layer.3.attention.output.LayerNorm.bias]
Loading weights:  28%|██▊       | 55/199 [00:00<00:00, 2297.20it/s, Materializing param=bert.encoder.layer.3.attention.output.LayerNorm.weight]
Loading weights:  28%|██▊       | 55/199 [00:00<00:00, 2291.95it/s, Materializing param=bert.encoder.layer.3.attention.output.LayerNorm.weight]
Loading weights:  28%|██▊       | 56/199 [00:00<00:00, 2309.93it/s, Materializing param=bert.encoder.layer.3.attention.output.dense.bias]      
Loading weights:  28%|██▊       | 56/199 [00:00<00:00, 2295.73it/s, Materializing param=bert.encoder.layer.3.attention.output.dense.bias]
Loading weights:  29%|██▊       | 57/199 [00:00<00:00, 2308.03it/s, Materializing param=bert.encoder.layer.3.attention.output.dense.weight]
Loading weights:  29%|██▊       | 57/199 [00:00<00:00, 2296.50it/s, Materializing param=bert.encoder.layer.3.attention.output.dense.weight]
Loading weights:  29%|██▉       | 58/199 [00:00<00:00, 2313.83it/s, Materializing param=bert.encoder.layer.3.attention.self.key.bias]      
Loading weights:  29%|██▉       | 58/199 [00:00<00:00, 2303.69it/s, Materializing param=bert.encoder.layer.3.attention.self.key.bias]
Loading weights:  30%|██▉       | 59/199 [00:00<00:00, 2322.10it/s, Materializing param=bert.encoder.layer.3.attention.self.key.weight]
Loading weights:  30%|██▉       | 59/199 [00:00<00:00, 2311.97it/s, Materializing param=bert.encoder.layer.3.attention.self.key.weight]
Loading weights:  30%|███       | 60/199 [00:00<00:00, 2261.71it/s, Materializing param=bert.encoder.layer.3.attention.self.query.bias]
Loading weights:  30%|███       | 60/199 [00:00<00:00, 2249.66it/s, Materializing param=bert.encoder.layer.3.attention.self.query.bias]
Loading weights:  31%|███       | 61/199 [00:00<00:00, 2263.32it/s, Materializing param=bert.encoder.layer.3.attention.self.query.weight]
Loading weights:  31%|███       | 61/199 [00:00<00:00, 2252.44it/s, Materializing param=bert.encoder.layer.3.attention.self.query.weight]
Loading weights:  31%|███       | 62/199 [00:00<00:00, 2271.05it/s, Materializing param=bert.encoder.layer.3.attention.self.value.bias]  
Loading weights:  31%|███       | 62/199 [00:00<00:00, 2262.04it/s, Materializing param=bert.encoder.layer.3.attention.self.value.bias]
Loading weights:  32%|███▏      | 63/199 [00:00<00:00, 2269.27it/s, Materializing param=bert.encoder.layer.3.attention.self.value.weight]
Loading weights:  32%|███▏      | 63/199 [00:00<00:00, 2258.97it/s, Materializing param=bert.encoder.layer.3.attention.self.value.weight]
Loading weights:  32%|███▏      | 64/199 [00:00<00:00, 2158.80it/s, Materializing param=bert.encoder.layer.3.intermediate.dense.bias]    
Loading weights:  32%|███▏      | 64/199 [00:00<00:00, 2149.77it/s, Materializing param=bert.encoder.layer.3.intermediate.dense.bias]
Loading weights:  33%|███▎      | 65/199 [00:00<00:00, 2164.85it/s, Materializing param=bert.encoder.layer.3.intermediate.dense.weight]
Loading weights:  33%|███▎      | 65/199 [00:00<00:00, 2153.54it/s, Materializing param=bert.encoder.layer.3.intermediate.dense.weight]
Loading weights:  33%|███▎      | 66/199 [00:00<00:00, 2168.82it/s, Materializing param=bert.encoder.layer.3.output.LayerNorm.bias]    
Loading weights:  33%|███▎      | 66/199 [00:00<00:00, 2160.24it/s, Materializing param=bert.encoder.layer.3.output.LayerNorm.bias]
Loading weights:  34%|███▎      | 67/199 [00:00<00:00, 2173.79it/s, Materializing param=bert.encoder.layer.3.output.LayerNorm.weight]
Loading weights:  34%|███▎      | 67/199 [00:00<00:00, 2166.70it/s, Materializing param=bert.encoder.layer.3.output.LayerNorm.weight]
Loading weights:  34%|███▍      | 68/199 [00:00<00:00, 2177.91it/s, Materializing param=bert.encoder.layer.3.output.dense.bias]      
Loading weights:  34%|███▍      | 68/199 [00:00<00:00, 2167.99it/s, Materializing param=bert.encoder.layer.3.output.dense.bias]
Loading weights:  35%|███▍      | 69/199 [00:00<00:00, 2182.95it/s, Materializing param=bert.encoder.layer.3.output.dense.weight]
Loading weights:  35%|███▍      | 69/199 [00:00<00:00, 2173.79it/s, Materializing param=bert.encoder.layer.3.output.dense.weight]
Loading weights:  35%|███▌      | 70/199 [00:00<00:00, 2187.71it/s, Materializing param=bert.encoder.layer.4.attention.output.LayerNorm.bias]
Loading weights:  35%|███▌      | 70/199 [00:00<00:00, 2177.42it/s, Materializing param=bert.encoder.layer.4.attention.output.LayerNorm.bias]
Loading weights:  36%|███▌      | 71/199 [00:00<00:00, 2190.88it/s, Materializing param=bert.encoder.layer.4.attention.output.LayerNorm.weight]
Loading weights:  36%|███▌      | 71/199 [00:00<00:00, 2168.29it/s, Materializing param=bert.encoder.layer.4.attention.output.LayerNorm.weight]
Loading weights:  36%|███▌      | 72/199 [00:00<00:00, 2182.18it/s, Materializing param=bert.encoder.layer.4.attention.output.dense.bias]      
Loading weights:  36%|███▌      | 72/199 [00:00<00:00, 2173.12it/s, Materializing param=bert.encoder.layer.4.attention.output.dense.bias]
Loading weights:  37%|███▋      | 73/199 [00:00<00:00, 2183.97it/s, Materializing param=bert.encoder.layer.4.attention.output.dense.weight]
Loading weights:  37%|███▋      | 73/199 [00:00<00:00, 2175.31it/s, Materializing param=bert.encoder.layer.4.attention.output.dense.weight]
Loading weights:  37%|███▋      | 74/199 [00:00<00:00, 2186.53it/s, Materializing param=bert.encoder.layer.4.attention.self.key.bias]      
Loading weights:  37%|███▋      | 74/199 [00:00<00:00, 2176.67it/s, Materializing param=bert.encoder.layer.4.attention.self.key.bias]
Loading weights:  38%|███▊      | 75/199 [00:00<00:00, 2191.03it/s, Materializing param=bert.encoder.layer.4.attention.self.key.weight]
Loading weights:  38%|███▊      | 75/199 [00:00<00:00, 2183.00it/s, Materializing param=bert.encoder.layer.4.attention.self.key.weight]
Loading weights:  38%|███▊      | 76/199 [00:00<00:00, 2201.81it/s, Materializing param=bert.encoder.layer.4.attention.self.query.bias]
Loading weights:  38%|███▊      | 76/199 [00:00<00:00, 2188.49it/s, Materializing param=bert.encoder.layer.4.attention.self.query.bias]
Loading weights:  39%|███▊      | 77/199 [00:00<00:00, 2202.77it/s, Materializing param=bert.encoder.layer.4.attention.self.query.weight]
Loading weights:  39%|███▊      | 77/199 [00:00<00:00, 2197.03it/s, Materializing param=bert.encoder.layer.4.attention.self.query.weight]
Loading weights:  39%|███▉      | 78/199 [00:00<00:00, 2210.87it/s, Materializing param=bert.encoder.layer.4.attention.self.value.bias]  
Loading weights:  39%|███▉      | 78/199 [00:00<00:00, 2203.93it/s, Materializing param=bert.encoder.layer.4.attention.self.value.bias]
Loading weights:  40%|███▉      | 79/199 [00:00<00:00, 2219.76it/s, Materializing param=bert.encoder.layer.4.attention.self.value.weight]
Loading weights:  40%|███▉      | 79/199 [00:00<00:00, 2211.39it/s, Materializing param=bert.encoder.layer.4.attention.self.value.weight]
Loading weights:  40%|████      | 80/199 [00:00<00:00, 2225.74it/s, Materializing param=bert.encoder.layer.4.intermediate.dense.bias]    
Loading weights:  40%|████      | 80/199 [00:00<00:00, 2217.80it/s, Materializing param=bert.encoder.layer.4.intermediate.dense.bias]
Loading weights:  41%|████      | 81/199 [00:00<00:00, 2233.08it/s, Materializing param=bert.encoder.layer.4.intermediate.dense.weight]
Loading weights:  41%|████      | 81/199 [00:00<00:00, 2225.01it/s, Materializing param=bert.encoder.layer.4.intermediate.dense.weight]
Loading weights:  41%|████      | 82/199 [00:00<00:00, 2237.31it/s, Materializing param=bert.encoder.layer.4.output.LayerNorm.bias]    
Loading weights:  41%|████      | 82/199 [00:00<00:00, 2231.04it/s, Materializing param=bert.encoder.layer.4.output.LayerNorm.bias]
Loading weights:  42%|████▏     | 83/199 [00:00<00:00, 2248.09it/s, Materializing param=bert.encoder.layer.4.output.LayerNorm.weight]
Loading weights:  42%|████▏     | 83/199 [00:00<00:00, 2241.10it/s, Materializing param=bert.encoder.layer.4.output.LayerNorm.weight]
Loading weights:  42%|████▏     | 84/199 [00:00<00:00, 2253.92it/s, Materializing param=bert.encoder.layer.4.output.dense.bias]      
Loading weights:  42%|████▏     | 84/199 [00:00<00:00, 2248.66it/s, Materializing param=bert.encoder.layer.4.output.dense.bias]
Loading weights:  43%|████▎     | 85/199 [00:00<00:00, 2263.12it/s, Materializing param=bert.encoder.layer.4.output.dense.weight]
Loading weights:  43%|████▎     | 85/199 [00:00<00:00, 2252.37it/s, Materializing param=bert.encoder.layer.4.output.dense.weight]
Loading weights:  43%|████▎     | 86/199 [00:00<00:00, 2265.92it/s, Materializing param=bert.encoder.layer.5.attention.output.LayerNorm.bias]
Loading weights:  43%|████▎     | 86/199 [00:00<00:00, 2257.77it/s, Materializing param=bert.encoder.layer.5.attention.output.LayerNorm.bias]
Loading weights:  44%|████▎     | 87/199 [00:00<00:00, 2271.31it/s, Materializing param=bert.encoder.layer.5.attention.output.LayerNorm.weight]
Loading weights:  44%|████▎     | 87/199 [00:00<00:00, 2264.69it/s, Materializing param=bert.encoder.layer.5.attention.output.LayerNorm.weight]
Loading weights:  44%|████▍     | 88/199 [00:00<00:00, 2280.02it/s, Materializing param=bert.encoder.layer.5.attention.output.dense.bias]      
Loading weights:  44%|████▍     | 88/199 [00:00<00:00, 2272.38it/s, Materializing param=bert.encoder.layer.5.attention.output.dense.bias]
Loading weights:  45%|████▍     | 89/199 [00:00<00:00, 2284.59it/s, Materializing param=bert.encoder.layer.5.attention.output.dense.weight]
Loading weights:  45%|████▍     | 89/199 [00:00<00:00, 2278.96it/s, Materializing param=bert.encoder.layer.5.attention.output.dense.weight]
Loading weights:  45%|████▌     | 90/199 [00:00<00:00, 2293.19it/s, Materializing param=bert.encoder.layer.5.attention.self.key.bias]      
Loading weights:  45%|████▌     | 90/199 [00:00<00:00, 2287.10it/s, Materializing param=bert.encoder.layer.5.attention.self.key.bias]
Loading weights:  46%|████▌     | 91/199 [00:00<00:00, 2297.97it/s, Materializing param=bert.encoder.layer.5.attention.self.key.weight]
Loading weights:  46%|████▌     | 91/199 [00:00<00:00, 2289.19it/s, Materializing param=bert.encoder.layer.5.attention.self.key.weight]
Loading weights:  46%|████▌     | 92/199 [00:00<00:00, 2302.20it/s, Materializing param=bert.encoder.layer.5.attention.self.query.bias]
Loading weights:  46%|████▌     | 92/199 [00:00<00:00, 2295.13it/s, Materializing param=bert.encoder.layer.5.attention.self.query.bias]
Loading weights:  47%|████▋     | 93/199 [00:00<00:00, 2309.11it/s, Materializing param=bert.encoder.layer.5.attention.self.query.weight]
Loading weights:  47%|████▋     | 93/199 [00:00<00:00, 2302.88it/s, Materializing param=bert.encoder.layer.5.attention.self.query.weight]
Loading weights:  47%|████▋     | 94/199 [00:00<00:00, 2315.74it/s, Materializing param=bert.encoder.layer.5.attention.self.value.bias]  
Loading weights:  47%|████▋     | 94/199 [00:00<00:00, 2309.00it/s, Materializing param=bert.encoder.layer.5.attention.self.value.bias]
Loading weights:  48%|████▊     | 95/199 [00:00<00:00, 2324.16it/s, Materializing param=bert.encoder.layer.5.attention.self.value.weight]
Loading weights:  48%|████▊     | 95/199 [00:00<00:00, 2318.90it/s, Materializing param=bert.encoder.layer.5.attention.self.value.weight]
Loading weights:  48%|████▊     | 96/199 [00:00<00:00, 2330.74it/s, Materializing param=bert.encoder.layer.5.intermediate.dense.bias]    
Loading weights:  48%|████▊     | 96/199 [00:00<00:00, 2326.02it/s, Materializing param=bert.encoder.layer.5.intermediate.dense.bias]
Loading weights:  49%|████▊     | 97/199 [00:00<00:00, 2340.61it/s, Materializing param=bert.encoder.layer.5.intermediate.dense.weight]
Loading weights:  49%|████▊     | 97/199 [00:00<00:00, 2335.02it/s, Materializing param=bert.encoder.layer.5.intermediate.dense.weight]
Loading weights:  49%|████▉     | 98/199 [00:00<00:00, 2346.75it/s, Materializing param=bert.encoder.layer.5.output.LayerNorm.bias]    
Loading weights:  49%|████▉     | 98/199 [00:00<00:00, 2342.88it/s, Materializing param=bert.encoder.layer.5.output.LayerNorm.bias]
Loading weights:  50%|████▉     | 99/199 [00:00<00:00, 2355.87it/s, Materializing param=bert.encoder.layer.5.output.LayerNorm.weight]
Loading weights:  50%|████▉     | 99/199 [00:00<00:00, 2350.18it/s, Materializing param=bert.encoder.layer.5.output.LayerNorm.weight]
Loading weights:  50%|█████     | 100/199 [00:00<00:00, 2362.48it/s, Materializing param=bert.encoder.layer.5.output.dense.bias]     
Loading weights:  50%|█████     | 100/199 [00:00<00:00, 2356.17it/s, Materializing param=bert.encoder.layer.5.output.dense.bias]
Loading weights:  51%|█████     | 101/199 [00:00<00:00, 2368.03it/s, Materializing param=bert.encoder.layer.5.output.dense.weight]
Loading weights:  51%|█████     | 101/199 [00:00<00:00, 2362.47it/s, Materializing param=bert.encoder.layer.5.output.dense.weight]
Loading weights:  51%|█████▏    | 102/199 [00:00<00:00, 2373.30it/s, Materializing param=bert.encoder.layer.6.attention.output.LayerNorm.bias]
Loading weights:  51%|█████▏    | 102/199 [00:00<00:00, 2368.01it/s, Materializing param=bert.encoder.layer.6.attention.output.LayerNorm.bias]
Loading weights:  52%|█████▏    | 103/199 [00:00<00:00, 2378.29it/s, Materializing param=bert.encoder.layer.6.attention.output.LayerNorm.weight]
Loading weights:  52%|█████▏    | 103/199 [00:00<00:00, 2371.81it/s, Materializing param=bert.encoder.layer.6.attention.output.LayerNorm.weight]
Loading weights:  52%|█████▏    | 104/199 [00:00<00:00, 2382.57it/s, Materializing param=bert.encoder.layer.6.attention.output.dense.bias]      
Loading weights:  52%|█████▏    | 104/199 [00:00<00:00, 2376.42it/s, Materializing param=bert.encoder.layer.6.attention.output.dense.bias]
Loading weights:  53%|█████▎    | 105/199 [00:00<00:00, 2387.30it/s, Materializing param=bert.encoder.layer.6.attention.output.dense.weight]
Loading weights:  53%|█████▎    | 105/199 [00:00<00:00, 2382.24it/s, Materializing param=bert.encoder.layer.6.attention.output.dense.weight]
Loading weights:  53%|█████▎    | 106/199 [00:00<00:00, 2393.31it/s, Materializing param=bert.encoder.layer.6.attention.self.key.bias]      
Loading weights:  53%|█████▎    | 106/199 [00:00<00:00, 2387.47it/s, Materializing param=bert.encoder.layer.6.attention.self.key.bias]
Loading weights:  54%|█████▍    | 107/199 [00:00<00:00, 2398.73it/s, Materializing param=bert.encoder.layer.6.attention.self.key.weight]
Loading weights:  54%|█████▍    | 107/199 [00:00<00:00, 2390.32it/s, Materializing param=bert.encoder.layer.6.attention.self.key.weight]
Loading weights:  54%|█████▍    | 108/199 [00:00<00:00, 2400.56it/s, Materializing param=bert.encoder.layer.6.attention.self.query.bias]
Loading weights:  54%|█████▍    | 108/199 [00:00<00:00, 2393.49it/s, Materializing param=bert.encoder.layer.6.attention.self.query.bias]
Loading weights:  55%|█████▍    | 109/199 [00:00<00:00, 2405.93it/s, Materializing param=bert.encoder.layer.6.attention.self.query.weight]
Loading weights:  55%|█████▍    | 109/199 [00:00<00:00, 2400.03it/s, Materializing param=bert.encoder.layer.6.attention.self.query.weight]
Loading weights:  55%|█████▌    | 110/199 [00:00<00:00, 2410.78it/s, Materializing param=bert.encoder.layer.6.attention.self.value.bias]  
Loading weights:  55%|█████▌    | 110/199 [00:00<00:00, 2404.00it/s, Materializing param=bert.encoder.layer.6.attention.self.value.bias]
Loading weights:  56%|█████▌    | 111/199 [00:00<00:00, 2413.69it/s, Materializing param=bert.encoder.layer.6.attention.self.value.weight]
Loading weights:  56%|█████▌    | 111/199 [00:00<00:00, 2407.75it/s, Materializing param=bert.encoder.layer.6.attention.self.value.weight]
Loading weights:  56%|█████▋    | 112/199 [00:00<00:00, 2417.72it/s, Materializing param=bert.encoder.layer.6.intermediate.dense.bias]    
Loading weights:  56%|█████▋    | 112/199 [00:00<00:00, 2414.29it/s, Materializing param=bert.encoder.layer.6.intermediate.dense.bias]
Loading weights:  57%|█████▋    | 113/199 [00:00<00:00, 2425.79it/s, Materializing param=bert.encoder.layer.6.intermediate.dense.weight]
Loading weights:  57%|█████▋    | 113/199 [00:00<00:00, 2419.49it/s, Materializing param=bert.encoder.layer.6.intermediate.dense.weight]
Loading weights:  57%|█████▋    | 114/199 [00:00<00:00, 2429.71it/s, Materializing param=bert.encoder.layer.6.output.LayerNorm.bias]    
Loading weights:  57%|█████▋    | 114/199 [00:00<00:00, 2424.16it/s, Materializing param=bert.encoder.layer.6.output.LayerNorm.bias]
Loading weights:  58%|█████▊    | 115/199 [00:00<00:00, 2432.94it/s, Materializing param=bert.encoder.layer.6.output.LayerNorm.weight]
Loading weights:  58%|█████▊    | 115/199 [00:00<00:00, 2427.39it/s, Materializing param=bert.encoder.layer.6.output.LayerNorm.weight]
Loading weights:  58%|█████▊    | 116/199 [00:00<00:00, 2439.50it/s, Materializing param=bert.encoder.layer.6.output.dense.bias]      
Loading weights:  58%|█████▊    | 116/199 [00:00<00:00, 2432.74it/s, Materializing param=bert.encoder.layer.6.output.dense.bias]
Loading weights:  59%|█████▉    | 117/199 [00:00<00:00, 2442.49it/s, Materializing param=bert.encoder.layer.6.output.dense.weight]
Loading weights:  59%|█████▉    | 117/199 [00:00<00:00, 2437.98it/s, Materializing param=bert.encoder.layer.6.output.dense.weight]
Loading weights:  59%|█████▉    | 118/199 [00:00<00:00, 2447.16it/s, Materializing param=bert.encoder.layer.7.attention.output.LayerNorm.bias]
Loading weights:  59%|█████▉    | 118/199 [00:00<00:00, 2441.35it/s, Materializing param=bert.encoder.layer.7.attention.output.LayerNorm.bias]
Loading weights:  60%|█████▉    | 119/199 [00:00<00:00, 2451.48it/s, Materializing param=bert.encoder.layer.7.attention.output.LayerNorm.weight]
Loading weights:  60%|█████▉    | 119/199 [00:00<00:00, 2448.21it/s, Materializing param=bert.encoder.layer.7.attention.output.LayerNorm.weight]
Loading weights:  60%|██████    | 120/199 [00:00<00:00, 2457.17it/s, Materializing param=bert.encoder.layer.7.attention.output.dense.bias]      
Loading weights:  60%|██████    | 120/199 [00:00<00:00, 2451.79it/s, Materializing param=bert.encoder.layer.7.attention.output.dense.bias]
Loading weights:  61%|██████    | 121/199 [00:00<00:00, 2460.55it/s, Materializing param=bert.encoder.layer.7.attention.output.dense.weight]
Loading weights:  61%|██████    | 121/199 [00:00<00:00, 2454.97it/s, Materializing param=bert.encoder.layer.7.attention.output.dense.weight]
Loading weights:  61%|██████▏   | 122/199 [00:00<00:00, 2465.05it/s, Materializing param=bert.encoder.layer.7.attention.self.key.bias]      
Loading weights:  61%|██████▏   | 122/199 [00:00<00:00, 2459.34it/s, Materializing param=bert.encoder.layer.7.attention.self.key.bias]
Loading weights:  62%|██████▏   | 123/199 [00:00<00:00, 2465.21it/s, Materializing param=bert.encoder.layer.7.attention.self.key.weight]
Loading weights:  62%|██████▏   | 123/199 [00:00<00:00, 2459.20it/s, Materializing param=bert.encoder.layer.7.attention.self.key.weight]
Loading weights:  62%|██████▏   | 124/199 [00:00<00:00, 2467.93it/s, Materializing param=bert.encoder.layer.7.attention.self.query.bias]
Loading weights:  62%|██████▏   | 124/199 [00:00<00:00, 2462.11it/s, Materializing param=bert.encoder.layer.7.attention.self.query.bias]
Loading weights:  63%|██████▎   | 125/199 [00:00<00:00, 2471.04it/s, Materializing param=bert.encoder.layer.7.attention.self.query.weight]
Loading weights:  63%|██████▎   | 125/199 [00:00<00:00, 2464.72it/s, Materializing param=bert.encoder.layer.7.attention.self.query.weight]
Loading weights:  63%|██████▎   | 126/199 [00:00<00:00, 2472.54it/s, Materializing param=bert.encoder.layer.7.attention.self.value.bias]  
Loading weights:  63%|██████▎   | 126/199 [00:00<00:00, 2467.24it/s, Materializing param=bert.encoder.layer.7.attention.self.value.bias]
Loading weights:  64%|██████▍   | 127/199 [00:00<00:00, 2477.42it/s, Materializing param=bert.encoder.layer.7.attention.self.value.weight]
Loading weights:  64%|██████▍   | 127/199 [00:00<00:00, 2471.74it/s, Materializing param=bert.encoder.layer.7.attention.self.value.weight]
Loading weights:  64%|██████▍   | 128/199 [00:00<00:00, 2481.25it/s, Materializing param=bert.encoder.layer.7.intermediate.dense.bias]    
Loading weights:  64%|██████▍   | 128/199 [00:00<00:00, 2475.38it/s, Materializing param=bert.encoder.layer.7.intermediate.dense.bias]
Loading weights:  65%|██████▍   | 129/199 [00:00<00:00, 2484.55it/s, Materializing param=bert.encoder.layer.7.intermediate.dense.weight]
Loading weights:  65%|██████▍   | 129/199 [00:00<00:00, 2479.88it/s, Materializing param=bert.encoder.layer.7.intermediate.dense.weight]
Loading weights:  65%|██████▌   | 130/199 [00:00<00:00, 2490.26it/s, Materializing param=bert.encoder.layer.7.output.LayerNorm.bias]    
Loading weights:  65%|██████▌   | 130/199 [00:00<00:00, 2484.64it/s, Materializing param=bert.encoder.layer.7.output.LayerNorm.bias]
Loading weights:  66%|██████▌   | 131/199 [00:00<00:00, 2493.32it/s, Materializing param=bert.encoder.layer.7.output.LayerNorm.weight]
Loading weights:  66%|██████▌   | 131/199 [00:00<00:00, 2487.57it/s, Materializing param=bert.encoder.layer.7.output.LayerNorm.weight]
Loading weights:  66%|██████▋   | 132/199 [00:00<00:00, 2496.27it/s, Materializing param=bert.encoder.layer.7.output.dense.bias]      
Loading weights:  66%|██████▋   | 132/199 [00:00<00:00, 2491.31it/s, Materializing param=bert.encoder.layer.7.output.dense.bias]
Loading weights:  67%|██████▋   | 133/199 [00:00<00:00, 2501.80it/s, Materializing param=bert.encoder.layer.7.output.dense.weight]
Loading weights:  67%|██████▋   | 133/199 [00:00<00:00, 2496.58it/s, Materializing param=bert.encoder.layer.7.output.dense.weight]
Loading weights:  67%|██████▋   | 134/199 [00:00<00:00, 2505.49it/s, Materializing param=bert.encoder.layer.8.attention.output.LayerNorm.bias]
Loading weights:  67%|██████▋   | 134/199 [00:00<00:00, 2499.81it/s, Materializing param=bert.encoder.layer.8.attention.output.LayerNorm.bias]
Loading weights:  68%|██████▊   | 135/199 [00:00<00:00, 2506.63it/s, Materializing param=bert.encoder.layer.8.attention.output.LayerNorm.weight]
Loading weights:  68%|██████▊   | 135/199 [00:00<00:00, 2501.77it/s, Materializing param=bert.encoder.layer.8.attention.output.LayerNorm.weight]
Loading weights:  68%|██████▊   | 136/199 [00:00<00:00, 2509.92it/s, Materializing param=bert.encoder.layer.8.attention.output.dense.bias]      
Loading weights:  68%|██████▊   | 136/199 [00:00<00:00, 2505.18it/s, Materializing param=bert.encoder.layer.8.attention.output.dense.bias]
Loading weights:  69%|██████▉   | 137/199 [00:00<00:00, 2515.29it/s, Materializing param=bert.encoder.layer.8.attention.output.dense.weight]
Loading weights:  69%|██████▉   | 137/199 [00:00<00:00, 2509.38it/s, Materializing param=bert.encoder.layer.8.attention.output.dense.weight]
Loading weights:  69%|██████▉   | 138/199 [00:00<00:00, 2515.26it/s, Materializing param=bert.encoder.layer.8.attention.self.key.bias]      
Loading weights:  69%|██████▉   | 138/199 [00:00<00:00, 2511.84it/s, Materializing param=bert.encoder.layer.8.attention.self.key.bias]
Loading weights:  70%|██████▉   | 139/199 [00:00<00:00, 2519.80it/s, Materializing param=bert.encoder.layer.8.attention.self.key.weight]
Loading weights:  70%|██████▉   | 139/199 [00:00<00:00, 2514.15it/s, Materializing param=bert.encoder.layer.8.attention.self.key.weight]
Loading weights:  70%|███████   | 140/199 [00:00<00:00, 2521.43it/s, Materializing param=bert.encoder.layer.8.attention.self.query.bias]
Loading weights:  70%|███████   | 140/199 [00:00<00:00, 2516.03it/s, Materializing param=bert.encoder.layer.8.attention.self.query.bias]
Loading weights:  71%|███████   | 141/199 [00:00<00:00, 2524.93it/s, Materializing param=bert.encoder.layer.8.attention.self.query.weight]
Loading weights:  71%|███████   | 141/199 [00:00<00:00, 2519.64it/s, Materializing param=bert.encoder.layer.8.attention.self.query.weight]
Loading weights:  71%|███████▏  | 142/199 [00:00<00:00, 2528.52it/s, Materializing param=bert.encoder.layer.8.attention.self.value.bias]  
Loading weights:  71%|███████▏  | 142/199 [00:00<00:00, 2522.30it/s, Materializing param=bert.encoder.layer.8.attention.self.value.bias]
Loading weights:  72%|███████▏  | 143/199 [00:00<00:00, 2529.43it/s, Materializing param=bert.encoder.layer.8.attention.self.value.weight]
Loading weights:  72%|███████▏  | 143/199 [00:00<00:00, 2523.53it/s, Materializing param=bert.encoder.layer.8.attention.self.value.weight]
Loading weights:  72%|███████▏  | 144/199 [00:00<00:00, 2531.78it/s, Materializing param=bert.encoder.layer.8.intermediate.dense.bias]    
Loading weights:  72%|███████▏  | 144/199 [00:00<00:00, 2527.04it/s, Materializing param=bert.encoder.layer.8.intermediate.dense.bias]
Loading weights:  73%|███████▎  | 145/199 [00:00<00:00, 2534.63it/s, Materializing param=bert.encoder.layer.8.intermediate.dense.weight]
Loading weights:  73%|███████▎  | 145/199 [00:00<00:00, 2531.54it/s, Materializing param=bert.encoder.layer.8.intermediate.dense.weight]
Loading weights:  73%|███████▎  | 146/199 [00:00<00:00, 2539.69it/s, Materializing param=bert.encoder.layer.8.output.LayerNorm.bias]    
Loading weights:  73%|███████▎  | 146/199 [00:00<00:00, 2534.77it/s, Materializing param=bert.encoder.layer.8.output.LayerNorm.bias]
Loading weights:  74%|███████▍  | 147/199 [00:00<00:00, 2540.71it/s, Materializing param=bert.encoder.layer.8.output.LayerNorm.weight]
Loading weights:  74%|███████▍  | 147/199 [00:00<00:00, 2537.46it/s, Materializing param=bert.encoder.layer.8.output.LayerNorm.weight]
Loading weights:  74%|███████▍  | 148/199 [00:00<00:00, 2545.24it/s, Materializing param=bert.encoder.layer.8.output.dense.bias]      
Loading weights:  74%|███████▍  | 148/199 [00:00<00:00, 2540.19it/s, Materializing param=bert.encoder.layer.8.output.dense.bias]
Loading weights:  75%|███████▍  | 149/199 [00:00<00:00, 2546.78it/s, Materializing param=bert.encoder.layer.8.output.dense.weight]
Loading weights:  75%|███████▍  | 149/199 [00:00<00:00, 2541.45it/s, Materializing param=bert.encoder.layer.8.output.dense.weight]
Loading weights:  75%|███████▌  | 150/199 [00:00<00:00, 2547.10it/s, Materializing param=bert.encoder.layer.9.attention.output.LayerNorm.bias]
Loading weights:  75%|███████▌  | 150/199 [00:00<00:00, 2542.71it/s, Materializing param=bert.encoder.layer.9.attention.output.LayerNorm.bias]
Loading weights:  76%|███████▌  | 151/199 [00:00<00:00, 2552.00it/s, Materializing param=bert.encoder.layer.9.attention.output.LayerNorm.weight]
Loading weights:  76%|███████▌  | 151/199 [00:00<00:00, 2547.48it/s, Materializing param=bert.encoder.layer.9.attention.output.LayerNorm.weight]
Loading weights:  76%|███████▋  | 152/199 [00:00<00:00, 2554.84it/s, Materializing param=bert.encoder.layer.9.attention.output.dense.bias]      
Loading weights:  76%|███████▋  | 152/199 [00:00<00:00, 2551.30it/s, Materializing param=bert.encoder.layer.9.attention.output.dense.bias]
Loading weights:  77%|███████▋  | 153/199 [00:00<00:00, 2559.00it/s, Materializing param=bert.encoder.layer.9.attention.output.dense.weight]
Loading weights:  77%|███████▋  | 153/199 [00:00<00:00, 2554.39it/s, Materializing param=bert.encoder.layer.9.attention.output.dense.weight]
Loading weights:  77%|███████▋  | 154/199 [00:00<00:00, 2560.71it/s, Materializing param=bert.encoder.layer.9.attention.self.key.bias]      
Loading weights:  77%|███████▋  | 154/199 [00:00<00:00, 2554.97it/s, Materializing param=bert.encoder.layer.9.attention.self.key.bias]
Loading weights:  78%|███████▊  | 155/199 [00:00<00:00, 2561.58it/s, Materializing param=bert.encoder.layer.9.attention.self.key.weight]
Loading weights:  78%|███████▊  | 155/199 [00:00<00:00, 2556.48it/s, Materializing param=bert.encoder.layer.9.attention.self.key.weight]
Loading weights:  78%|███████▊  | 156/199 [00:00<00:00, 2563.68it/s, Materializing param=bert.encoder.layer.9.attention.self.query.bias]
Loading weights:  78%|███████▊  | 156/199 [00:00<00:00, 2558.03it/s, Materializing param=bert.encoder.layer.9.attention.self.query.bias]
Loading weights:  79%|███████▉  | 157/199 [00:00<00:00, 2565.83it/s, Materializing param=bert.encoder.layer.9.attention.self.query.weight]
Loading weights:  79%|███████▉  | 157/199 [00:00<00:00, 2561.46it/s, Materializing param=bert.encoder.layer.9.attention.self.query.weight]
Loading weights:  79%|███████▉  | 158/199 [00:00<00:00, 2569.91it/s, Materializing param=bert.encoder.layer.9.attention.self.value.bias]  
Loading weights:  79%|███████▉  | 158/199 [00:00<00:00, 2565.60it/s, Materializing param=bert.encoder.layer.9.attention.self.value.bias]
Loading weights:  80%|███████▉  | 159/199 [00:00<00:00, 2573.16it/s, Materializing param=bert.encoder.layer.9.attention.self.value.weight]
Loading weights:  80%|███████▉  | 159/199 [00:00<00:00, 2568.67it/s, Materializing param=bert.encoder.layer.9.attention.self.value.weight]
Loading weights:  80%|████████  | 160/199 [00:00<00:00, 2576.00it/s, Materializing param=bert.encoder.layer.9.intermediate.dense.bias]    
Loading weights:  80%|████████  | 160/199 [00:00<00:00, 2571.51it/s, Materializing param=bert.encoder.layer.9.intermediate.dense.bias]
Loading weights:  81%|████████  | 161/199 [00:00<00:00, 2580.18it/s, Materializing param=bert.encoder.layer.9.intermediate.dense.weight]
Loading weights:  81%|████████  | 161/199 [00:00<00:00, 2576.16it/s, Materializing param=bert.encoder.layer.9.intermediate.dense.weight]
Loading weights:  81%|████████▏ | 162/199 [00:00<00:00, 2583.92it/s, Materializing param=bert.encoder.layer.9.output.LayerNorm.bias]    
Loading weights:  81%|████████▏ | 162/199 [00:00<00:00, 2579.65it/s, Materializing param=bert.encoder.layer.9.output.LayerNorm.bias]
Loading weights:  82%|████████▏ | 163/199 [00:00<00:00, 2587.99it/s, Materializing param=bert.encoder.layer.9.output.LayerNorm.weight]
Loading weights:  82%|████████▏ | 163/199 [00:00<00:00, 2583.63it/s, Materializing param=bert.encoder.layer.9.output.LayerNorm.weight]
Loading weights:  82%|████████▏ | 164/199 [00:00<00:00, 2591.07it/s, Materializing param=bert.encoder.layer.9.output.dense.bias]      
Loading weights:  82%|████████▏ | 164/199 [00:00<00:00, 2586.82it/s, Materializing param=bert.encoder.layer.9.output.dense.bias]
Loading weights:  83%|████████▎ | 165/199 [00:00<00:00, 2595.42it/s, Materializing param=bert.encoder.layer.9.output.dense.weight]
Loading weights:  83%|████████▎ | 165/199 [00:00<00:00, 2590.78it/s, Materializing param=bert.encoder.layer.9.output.dense.weight]
Loading weights:  83%|████████▎ | 166/199 [00:00<00:00, 2598.92it/s, Materializing param=bert.encoder.layer.10.attention.output.LayerNorm.bias]
Loading weights:  83%|████████▎ | 166/199 [00:00<00:00, 2594.56it/s, Materializing param=bert.encoder.layer.10.attention.output.LayerNorm.bias]
Loading weights:  84%|████████▍ | 167/199 [00:00<00:00, 2602.14it/s, Materializing param=bert.encoder.layer.10.attention.output.LayerNorm.weight]
Loading weights:  84%|████████▍ | 167/199 [00:00<00:00, 2597.43it/s, Materializing param=bert.encoder.layer.10.attention.output.LayerNorm.weight]
Loading weights:  84%|████████▍ | 168/199 [00:00<00:00, 2605.77it/s, Materializing param=bert.encoder.layer.10.attention.output.dense.bias]      
Loading weights:  84%|████████▍ | 168/199 [00:00<00:00, 2602.00it/s, Materializing param=bert.encoder.layer.10.attention.output.dense.bias]
Loading weights:  85%|████████▍ | 169/199 [00:00<00:00, 2609.29it/s, Materializing param=bert.encoder.layer.10.attention.output.dense.weight]
Loading weights:  85%|████████▍ | 169/199 [00:00<00:00, 2604.91it/s, Materializing param=bert.encoder.layer.10.attention.output.dense.weight]
Loading weights:  85%|████████▌ | 170/199 [00:00<00:00, 2613.16it/s, Materializing param=bert.encoder.layer.10.attention.self.key.bias]      
Loading weights:  85%|████████▌ | 170/199 [00:00<00:00, 2609.39it/s, Materializing param=bert.encoder.layer.10.attention.self.key.bias]
Loading weights:  86%|████████▌ | 171/199 [00:00<00:00, 2616.35it/s, Materializing param=bert.encoder.layer.10.attention.self.key.weight]
Loading weights:  86%|████████▌ | 171/199 [00:00<00:00, 2613.08it/s, Materializing param=bert.encoder.layer.10.attention.self.key.weight]
Loading weights:  86%|████████▋ | 172/199 [00:00<00:00, 2621.55it/s, Materializing param=bert.encoder.layer.10.attention.self.query.bias]
Loading weights:  86%|████████▋ | 172/199 [00:00<00:00, 2616.97it/s, Materializing param=bert.encoder.layer.10.attention.self.query.bias]
Loading weights:  87%|████████▋ | 173/199 [00:00<00:00, 2622.26it/s, Materializing param=bert.encoder.layer.10.attention.self.query.weight]
Loading weights:  87%|████████▋ | 173/199 [00:00<00:00, 2619.20it/s, Materializing param=bert.encoder.layer.10.attention.self.query.weight]
Loading weights:  87%|████████▋ | 174/199 [00:00<00:00, 2623.90it/s, Materializing param=bert.encoder.layer.10.attention.self.value.bias]  
Loading weights:  87%|████████▋ | 174/199 [00:00<00:00, 2618.46it/s, Materializing param=bert.encoder.layer.10.attention.self.value.bias]
Loading weights:  88%|████████▊ | 175/199 [00:00<00:00, 2624.05it/s, Materializing param=bert.encoder.layer.10.attention.self.value.weight]
Loading weights:  88%|████████▊ | 175/199 [00:00<00:00, 2618.84it/s, Materializing param=bert.encoder.layer.10.attention.self.value.weight]
Loading weights:  88%|████████▊ | 176/199 [00:00<00:00, 2625.37it/s, Materializing param=bert.encoder.layer.10.intermediate.dense.bias]    
Loading weights:  88%|████████▊ | 176/199 [00:00<00:00, 2620.93it/s, Materializing param=bert.encoder.layer.10.intermediate.dense.bias]
Loading weights:  89%|████████▉ | 177/199 [00:00<00:00, 2628.25it/s, Materializing param=bert.encoder.layer.10.intermediate.dense.weight]
Loading weights:  89%|████████▉ | 177/199 [00:00<00:00, 2623.56it/s, Materializing param=bert.encoder.layer.10.intermediate.dense.weight]
Loading weights:  89%|████████▉ | 178/199 [00:00<00:00, 2629.10it/s, Materializing param=bert.encoder.layer.10.output.LayerNorm.bias]    
Loading weights:  89%|████████▉ | 178/199 [00:00<00:00, 2624.55it/s, Materializing param=bert.encoder.layer.10.output.LayerNorm.bias]
Loading weights:  90%|████████▉ | 179/199 [00:00<00:00, 2628.93it/s, Materializing param=bert.encoder.layer.10.output.LayerNorm.weight]
Loading weights:  90%|████████▉ | 179/199 [00:00<00:00, 2624.34it/s, Materializing param=bert.encoder.layer.10.output.LayerNorm.weight]
Loading weights:  90%|█████████ | 180/199 [00:00<00:00, 2630.61it/s, Materializing param=bert.encoder.layer.10.output.dense.bias]      
Loading weights:  90%|█████████ | 180/199 [00:00<00:00, 2626.32it/s, Materializing param=bert.encoder.layer.10.output.dense.bias]
Loading weights:  91%|█████████ | 181/199 [00:00<00:00, 2631.54it/s, Materializing param=bert.encoder.layer.10.output.dense.weight]
Loading weights:  91%|█████████ | 181/199 [00:00<00:00, 2627.23it/s, Materializing param=bert.encoder.layer.10.output.dense.weight]
Loading weights:  91%|█████████▏| 182/199 [00:00<00:00, 2632.63it/s, Materializing param=bert.encoder.layer.11.attention.output.LayerNorm.bias]
Loading weights:  91%|█████████▏| 182/199 [00:00<00:00, 2629.45it/s, Materializing param=bert.encoder.layer.11.attention.output.LayerNorm.bias]
Loading weights:  92%|█████████▏| 183/199 [00:00<00:00, 2636.76it/s, Materializing param=bert.encoder.layer.11.attention.output.LayerNorm.weight]
Loading weights:  92%|█████████▏| 183/199 [00:00<00:00, 2631.84it/s, Materializing param=bert.encoder.layer.11.attention.output.LayerNorm.weight]
Loading weights:  92%|█████████▏| 184/199 [00:00<00:00, 2636.56it/s, Materializing param=bert.encoder.layer.11.attention.output.dense.bias]      
Loading weights:  92%|█████████▏| 184/199 [00:00<00:00, 2633.81it/s, Materializing param=bert.encoder.layer.11.attention.output.dense.bias]
Loading weights:  93%|█████████▎| 185/199 [00:00<00:00, 2641.22it/s, Materializing param=bert.encoder.layer.11.attention.output.dense.weight]
Loading weights:  93%|█████████▎| 185/199 [00:00<00:00, 2637.00it/s, Materializing param=bert.encoder.layer.11.attention.output.dense.weight]
Loading weights:  93%|█████████▎| 186/199 [00:00<00:00, 2642.84it/s, Materializing param=bert.encoder.layer.11.attention.self.key.bias]      
Loading weights:  93%|█████████▎| 186/199 [00:00<00:00, 2637.70it/s, Materializing param=bert.encoder.layer.11.attention.self.key.bias]
Loading weights:  94%|█████████▍| 187/199 [00:00<00:00, 2642.77it/s, Materializing param=bert.encoder.layer.11.attention.self.key.weight]
Loading weights:  94%|█████████▍| 187/199 [00:00<00:00, 2638.38it/s, Materializing param=bert.encoder.layer.11.attention.self.key.weight]
Loading weights:  94%|█████████▍| 188/199 [00:00<00:00, 2645.69it/s, Materializing param=bert.encoder.layer.11.attention.self.query.bias]
Loading weights:  94%|█████████▍| 188/199 [00:00<00:00, 2641.58it/s, Materializing param=bert.encoder.layer.11.attention.self.query.bias]
Loading weights:  95%|█████████▍| 189/199 [00:00<00:00, 2647.78it/s, Materializing param=bert.encoder.layer.11.attention.self.query.weight]
Loading weights:  95%|█████████▍| 189/199 [00:00<00:00, 2643.49it/s, Materializing param=bert.encoder.layer.11.attention.self.query.weight]
Loading weights:  95%|█████████▌| 190/199 [00:00<00:00, 2649.43it/s, Materializing param=bert.encoder.layer.11.attention.self.value.bias]  
Loading weights:  95%|█████████▌| 190/199 [00:00<00:00, 2645.64it/s, Materializing param=bert.encoder.layer.11.attention.self.value.bias]
Loading weights:  96%|█████████▌| 191/199 [00:00<00:00, 2648.40it/s, Materializing param=bert.encoder.layer.11.attention.self.value.weight]
Loading weights:  96%|█████████▌| 191/199 [00:00<00:00, 2640.65it/s, Materializing param=bert.encoder.layer.11.attention.self.value.weight]
Loading weights:  96%|█████████▋| 192/199 [00:00<00:00, 2640.64it/s, Materializing param=bert.encoder.layer.11.intermediate.dense.bias]    
Loading weights:  96%|█████████▋| 192/199 [00:00<00:00, 2636.55it/s, Materializing param=bert.encoder.layer.11.intermediate.dense.bias]
Loading weights:  97%|█████████▋| 193/199 [00:00<00:00, 2641.04it/s, Materializing param=bert.encoder.layer.11.intermediate.dense.weight]
Loading weights:  97%|█████████▋| 193/199 [00:00<00:00, 2636.16it/s, Materializing param=bert.encoder.layer.11.intermediate.dense.weight]
Loading weights:  97%|█████████▋| 194/199 [00:00<00:00, 2641.58it/s, Materializing param=bert.encoder.layer.11.output.LayerNorm.bias]    
Loading weights:  97%|█████████▋| 194/199 [00:00<00:00, 2635.70it/s, Materializing param=bert.encoder.layer.11.output.LayerNorm.bias]
Loading weights:  98%|█████████▊| 195/199 [00:00<00:00, 2640.12it/s, Materializing param=bert.encoder.layer.11.output.LayerNorm.weight]
Loading weights:  98%|█████████▊| 195/199 [00:00<00:00, 2635.22it/s, Materializing param=bert.encoder.layer.11.output.LayerNorm.weight]
Loading weights:  98%|█████████▊| 196/199 [00:00<00:00, 2640.81it/s, Materializing param=bert.encoder.layer.11.output.dense.bias]      
Loading weights:  98%|█████████▊| 196/199 [00:00<00:00, 2636.88it/s, Materializing param=bert.encoder.layer.11.output.dense.bias]
Loading weights:  99%|█████████▉| 197/199 [00:00<00:00, 2642.35it/s, Materializing param=bert.encoder.layer.11.output.dense.weight]
Loading weights:  99%|█████████▉| 197/199 [00:00<00:00, 2638.33it/s, Materializing param=bert.encoder.layer.11.output.dense.weight]
Loading weights:  99%|█████████▉| 198/199 [00:00<00:00, 2643.72it/s, Materializing param=bert.pooler.dense.bias]                   
Loading weights:  99%|█████████▉| 198/199 [00:00<00:00, 2639.97it/s, Materializing param=bert.pooler.dense.bias]
Loading weights: 100%|██████████| 199/199 [00:00<00:00, 2645.81it/s, Materializing param=bert.pooler.dense.weight]
Loading weights: 100%|██████████| 199/199 [00:00<00:00, 2643.45it/s, Materializing param=bert.pooler.dense.weight]
Loading weights: 100%|██████████| 199/199 [00:00<00:00, 2635.38it/s, Materializing param=bert.pooler.dense.weight]
BertForSequenceClassification LOAD REPORT from: neuralmind/bert-base-portuguese-cased
Key                                        | Status     | 
-------------------------------------------+------------+-
cls.predictions.transform.dense.bias       | UNEXPECTED | 
cls.seq_relationship.weight                | UNEXPECTED | 
cls.seq_relationship.bias                  | UNEXPECTED | 
cls.predictions.transform.LayerNorm.bias   | UNEXPECTED | 
cls.predictions.bias                       | UNEXPECTED | 
cls.predictions.decoder.weight             | UNEXPECTED | 
cls.predictions.transform.LayerNorm.weight | UNEXPECTED | 
cls.predictions.transform.dense.weight     | UNEXPECTED | 
classifier.weight                          | MISSING    | 
classifier.bias                            | MISSING    | 

Notes:
- UNEXPECTED	:can be ignored when loading from different task/architecture; not ok if you expect identical arch.
- MISSING	:those params were newly initialized because missing from the checkpoint. Consider training on your downstream task.
  época 1/3 passo 1/196 loss=6.4907
  época 1/3 passo 11/196 loss=6.3400
  época 1/3 passo 21/196 loss=6.2093
  época 1/3 passo 31/196 loss=6.0888
  época 1/3 passo 41/196 loss=5.9532
  época 1/3 passo 51/196 loss=5.8418
  época 1/3 passo 61/196 loss=5.7136
  época 1/3 passo 71/196 loss=5.6753
  época 1/3 passo 81/196 loss=5.6544
  época 1/3 passo 91/196 loss=5.4568
  época 1/3 passo 101/196 loss=5.3823
  época 1/3 passo 111/196 loss=5.2607
  época 1/3 passo 121/196 loss=5.0893
  época 1/3 passo 131/196 loss=5.2121
  época 1/3 passo 141/196 loss=4.7112
  época 1/3 passo 151/196 loss=4.6940
  época 1/3 passo 161/196 loss=4.4668
  época 1/3 passo 171/196 loss=4.4527
  época 1/3 passo 181/196 loss=4.6392
  época 1/3 passo 191/196 loss=4.3670
  época 1: loss médio 5.3441
  época 2/3 passo 1/196 loss=3.9986
  época 2/3 passo 11/196 loss=4.0023
  época 2/3 passo 21/196 loss=3.6289
  época 2/3 passo 31/196 loss=4.0126
  época 2/3 passo 41/196 loss=3.8690
  época 2/3 passo 51/196 loss=3.4631
  época 2/3 passo 61/196 loss=3.5113
  época 2/3 passo 71/196 loss=3.3169
  época 2/3 passo 81/196 loss=3.6339
  época 2/3 passo 91/196 loss=3.2020
  época 2/3 passo 101/196 loss=3.2286
  época 2/3 passo 111/196 loss=3.1291
  época 2/3 passo 121/196 loss=2.9409
  época 2/3 passo 131/196 loss=3.0608
  época 2/3 passo 141/196 loss=3.1390
  época 2/3 passo 151/196 loss=2.7549
  época 2/3 passo 161/196 loss=2.8999
  época 2/3 passo 171/196 loss=2.6575
  época 2/3 passo 181/196 loss=2.7088
  época 2/3 passo 191/196 loss=2.9128
  época 2: loss médio 3.2928
  época 3/3 passo 1/196 loss=2.5819
  época 3/3 passo 11/196 loss=2.4724
  época 3/3 passo 21/196 loss=2.5129
  época 3/3 passo 31/196 loss=2.3077
  época 3/3 passo 41/196 loss=2.2061
  época 3/3 passo 51/196 loss=2.0287
  época 3/3 passo 61/196 loss=2.3007
  época 3/3 passo 71/196 loss=2.1288
  época 3/3 passo 81/196 loss=1.9347
  época 3/3 passo 91/196 loss=1.9638
  época 3/3 passo 101/196 loss=2.2137
  época 3/3 passo 111/196 loss=1.8645
  época 3/3 passo 121/196 loss=2.3396
  época 3/3 passo 131/196 loss=2.0773
  época 3/3 passo 141/196 loss=1.7488
  época 3/3 passo 151/196 loss=1.9602
  época 3/3 passo 161/196 loss=2.1417
  época 3/3 passo 171/196 loss=1.7239
  época 3/3 passo 181/196 loss=1.7916
  época 3/3 passo 191/196 loss=1.9244
  época 3: loss médio 2.0858
  avaliação: 5000/177490
  avaliação: 10000/177490
  avaliação: 15000/177490
  avaliação: 20000/177490
  avaliação: 25000/177490
  avaliação: 30000/177490
  avaliação: 35000/177490
  avaliação: 40000/177490
  avaliação: 45000/177490
  avaliação: 50000/177490
  avaliação: 55000/177490
  avaliação: 60000/177490
  avaliação: 65000/177490
  avaliação: 70000/177490
  avaliação: 75000/177490
  avaliação: 80000/177490
  avaliação: 85000/177490
  avaliação: 90000/177490
  avaliação: 95000/177490
  avaliação: 100000/177490
  avaliação: 105000/177490
  avaliação: 110000/177490
  avaliação: 115000/177490
  avaliação: 120000/177490
  avaliação: 125000/177490
  avaliação: 130000/177490
  avaliação: 135000/177490
  avaliação: 140000/177490
  avaliação: 145000/177490
  avaliação: 150000/177490
  avaliação: 155000/177490
  avaliação: 160000/177490
  avaliação: 165000/177490
  avaliação: 170000/177490
  avaliação: 175000/177490
  avaliação: 177490/177490
{"arm": "E25", "fonte": "prefixo 25000 da trajetória de entropia do E6 (SGD), gold", "n_train": 25000, "n_train_classes": 647, "epochs": 3, "batch_size": 128, "max_length": 32, "seed": 7, "data_seed": 42, "eval_n": 177490, "eval_limit": 0, "accuracy": 0.831, "accuracy_wilson95": [0.8292, 0.8327], "macro_f1": 0.3058, "fit_seconds": 397.5, "predict_seconds": 305.3}

=== braço E30: prefixo 30000 da trajetória de entropia do E6 (SGD), gold · n=30000 classes=648 ===

Loading weights:   0%|          | 0/199 [00:00<?, ?it/s]
Loading weights:   1%|          | 1/199 [00:00<00:00, 22919.69it/s, Materializing param=bert.embeddings.LayerNorm.bias]
Loading weights:   1%|          | 1/199 [00:00<00:00, 6700.17it/s, Materializing param=bert.embeddings.LayerNorm.bias] 
Loading weights:   1%|          | 2/199 [00:00<00:00, 3907.13it/s, Materializing param=bert.embeddings.LayerNorm.weight]
Loading weights:   1%|          | 2/199 [00:00<00:00, 3016.40it/s, Materializing param=bert.embeddings.LayerNorm.weight]
Loading weights:   2%|▏         | 3/199 [00:00<00:00, 3138.67it/s, Materializing param=bert.embeddings.position_embeddings.weight]
Loading weights:   2%|▏         | 3/199 [00:00<00:00, 2792.48it/s, Materializing param=bert.embeddings.position_embeddings.weight]
Loading weights:   2%|▏         | 4/199 [00:00<00:00, 1426.39it/s, Materializing param=bert.embeddings.token_type_embeddings.weight]
Loading weights:   2%|▏         | 4/199 [00:00<00:00, 1345.51it/s, Materializing param=bert.embeddings.token_type_embeddings.weight]
Loading weights:   3%|▎         | 5/199 [00:00<00:00, 1528.31it/s, Materializing param=bert.embeddings.word_embeddings.weight]      
Loading weights:   3%|▎         | 5/199 [00:00<00:00, 1465.62it/s, Materializing param=bert.embeddings.word_embeddings.weight]
Loading weights:   3%|▎         | 6/199 [00:00<00:00, 1621.82it/s, Materializing param=bert.encoder.layer.0.attention.output.LayerNorm.bias]
Loading weights:   3%|▎         | 6/199 [00:00<00:00, 1561.06it/s, Materializing param=bert.encoder.layer.0.attention.output.LayerNorm.bias]
Loading weights:   4%|▎         | 7/199 [00:00<00:00, 1684.27it/s, Materializing param=bert.encoder.layer.0.attention.output.LayerNorm.weight]
Loading weights:   4%|▎         | 7/199 [00:00<00:00, 1637.21it/s, Materializing param=bert.encoder.layer.0.attention.output.LayerNorm.weight]
Loading weights:   4%|▍         | 8/199 [00:00<00:00, 1417.53it/s, Materializing param=bert.encoder.layer.0.attention.output.dense.bias]      
Loading weights:   4%|▍         | 8/199 [00:00<00:00, 993.47it/s, Materializing param=bert.encoder.layer.0.attention.output.dense.bias] 
Loading weights:   5%|▍         | 9/199 [00:00<00:00, 1029.53it/s, Materializing param=bert.encoder.layer.0.attention.output.dense.weight]
Loading weights:   5%|▍         | 9/199 [00:00<00:00, 1011.70it/s, Materializing param=bert.encoder.layer.0.attention.output.dense.weight]
Loading weights:   5%|▌         | 10/199 [00:00<00:00, 981.08it/s, Materializing param=bert.encoder.layer.0.attention.self.key.bias]      
Loading weights:   5%|▌         | 10/199 [00:00<00:00, 966.27it/s, Materializing param=bert.encoder.layer.0.attention.self.key.bias]
Loading weights:   6%|▌         | 11/199 [00:00<00:00, 989.43it/s, Materializing param=bert.encoder.layer.0.attention.self.key.weight]
Loading weights:   6%|▌         | 11/199 [00:00<00:00, 975.07it/s, Materializing param=bert.encoder.layer.0.attention.self.key.weight]
Loading weights:   6%|▌         | 12/199 [00:00<00:00, 1008.55it/s, Materializing param=bert.encoder.layer.0.attention.self.query.bias]
Loading weights:   6%|▌         | 12/199 [00:00<00:00, 997.12it/s, Materializing param=bert.encoder.layer.0.attention.self.query.bias] 
Loading weights:   7%|▋         | 13/199 [00:00<00:00, 1052.46it/s, Materializing param=bert.encoder.layer.0.attention.self.query.weight]
Loading weights:   7%|▋         | 13/199 [00:00<00:00, 1039.62it/s, Materializing param=bert.encoder.layer.0.attention.self.query.weight]
Loading weights:   7%|▋         | 14/199 [00:00<00:00, 1054.87it/s, Materializing param=bert.encoder.layer.0.attention.self.value.bias]  
Loading weights:   7%|▋         | 14/199 [00:00<00:00, 928.41it/s, Materializing param=bert.encoder.layer.0.attention.self.value.bias] 
Loading weights:   8%|▊         | 15/199 [00:00<00:00, 973.73it/s, Materializing param=bert.encoder.layer.0.attention.self.value.weight]
Loading weights:   8%|▊         | 15/199 [00:00<00:00, 938.84it/s, Materializing param=bert.encoder.layer.0.attention.self.value.weight]
Loading weights:   8%|▊         | 16/199 [00:00<00:00, 981.50it/s, Materializing param=bert.encoder.layer.0.intermediate.dense.bias]    
Loading weights:   8%|▊         | 16/199 [00:00<00:00, 971.76it/s, Materializing param=bert.encoder.layer.0.intermediate.dense.bias]
Loading weights:   9%|▊         | 17/199 [00:00<00:00, 1014.82it/s, Materializing param=bert.encoder.layer.0.intermediate.dense.weight]
Loading weights:   9%|▊         | 17/199 [00:00<00:00, 1006.60it/s, Materializing param=bert.encoder.layer.0.intermediate.dense.weight]
Loading weights:   9%|▉         | 18/199 [00:00<00:00, 1024.39it/s, Materializing param=bert.encoder.layer.0.output.LayerNorm.bias]    
Loading weights:   9%|▉         | 18/199 [00:00<00:00, 1015.73it/s, Materializing param=bert.encoder.layer.0.output.LayerNorm.bias]
Loading weights:  10%|▉         | 19/199 [00:00<00:00, 1038.06it/s, Materializing param=bert.encoder.layer.0.output.LayerNorm.weight]
Loading weights:  10%|▉         | 19/199 [00:00<00:00, 1028.55it/s, Materializing param=bert.encoder.layer.0.output.LayerNorm.weight]
Loading weights:  10%|█         | 20/199 [00:00<00:00, 992.29it/s, Materializing param=bert.encoder.layer.0.output.dense.bias]       
Loading weights:  10%|█         | 20/199 [00:00<00:00, 984.43it/s, Materializing param=bert.encoder.layer.0.output.dense.bias]
Loading weights:  11%|█         | 21/199 [00:00<00:00, 1017.15it/s, Materializing param=bert.encoder.layer.0.output.dense.weight]
Loading weights:  11%|█         | 21/199 [00:00<00:00, 1010.80it/s, Materializing param=bert.encoder.layer.0.output.dense.weight]
Loading weights:  11%|█         | 22/199 [00:00<00:00, 1015.31it/s, Materializing param=bert.encoder.layer.1.attention.output.LayerNorm.bias]
Loading weights:  11%|█         | 22/199 [00:00<00:00, 1008.05it/s, Materializing param=bert.encoder.layer.1.attention.output.LayerNorm.bias]
Loading weights:  12%|█▏        | 23/199 [00:00<00:00, 1031.62it/s, Materializing param=bert.encoder.layer.1.attention.output.LayerNorm.weight]
Loading weights:  12%|█▏        | 23/199 [00:00<00:00, 1024.30it/s, Materializing param=bert.encoder.layer.1.attention.output.LayerNorm.weight]
Loading weights:  12%|█▏        | 24/199 [00:00<00:00, 1036.46it/s, Materializing param=bert.encoder.layer.1.attention.output.dense.bias]      
Loading weights:  12%|█▏        | 24/199 [00:00<00:00, 1032.54it/s, Materializing param=bert.encoder.layer.1.attention.output.dense.bias]
Loading weights:  13%|█▎        | 25/199 [00:00<00:00, 1067.39it/s, Materializing param=bert.encoder.layer.1.attention.output.dense.weight]
Loading weights:  13%|█▎        | 25/199 [00:00<00:00, 1063.31it/s, Materializing param=bert.encoder.layer.1.attention.output.dense.weight]
Loading weights:  13%|█▎        | 26/199 [00:00<00:00, 1099.37it/s, Materializing param=bert.encoder.layer.1.attention.self.key.bias]      
Loading weights:  13%|█▎        | 26/199 [00:00<00:00, 1096.57it/s, Materializing param=bert.encoder.layer.1.attention.self.key.bias]
Loading weights:  14%|█▎        | 27/199 [00:00<00:00, 1132.86it/s, Materializing param=bert.encoder.layer.1.attention.self.key.weight]
Loading weights:  14%|█▎        | 27/199 [00:00<00:00, 1130.11it/s, Materializing param=bert.encoder.layer.1.attention.self.key.weight]
Loading weights:  14%|█▍        | 28/199 [00:00<00:00, 1161.87it/s, Materializing param=bert.encoder.layer.1.attention.self.query.bias]
Loading weights:  14%|█▍        | 28/199 [00:00<00:00, 1155.46it/s, Materializing param=bert.encoder.layer.1.attention.self.query.bias]
Loading weights:  15%|█▍        | 29/199 [00:00<00:00, 1183.75it/s, Materializing param=bert.encoder.layer.1.attention.self.query.weight]
Loading weights:  15%|█▍        | 29/199 [00:00<00:00, 1179.98it/s, Materializing param=bert.encoder.layer.1.attention.self.query.weight]
Loading weights:  15%|█▌        | 30/199 [00:00<00:00, 1209.79it/s, Materializing param=bert.encoder.layer.1.attention.self.value.bias]  
Loading weights:  15%|█▌        | 30/199 [00:00<00:00, 1203.95it/s, Materializing param=bert.encoder.layer.1.attention.self.value.bias]
Loading weights:  16%|█▌        | 31/199 [00:00<00:00, 1233.76it/s, Materializing param=bert.encoder.layer.1.attention.self.value.weight]
Loading weights:  16%|█▌        | 31/199 [00:00<00:00, 1227.52it/s, Materializing param=bert.encoder.layer.1.attention.self.value.weight]
Loading weights:  16%|█▌        | 32/199 [00:00<00:00, 1254.61it/s, Materializing param=bert.encoder.layer.1.intermediate.dense.bias]    
Loading weights:  16%|█▌        | 32/199 [00:00<00:00, 1248.98it/s, Materializing param=bert.encoder.layer.1.intermediate.dense.bias]
Loading weights:  17%|█▋        | 33/199 [00:00<00:00, 1277.67it/s, Materializing param=bert.encoder.layer.1.intermediate.dense.weight]
Loading weights:  17%|█▋        | 33/199 [00:00<00:00, 1274.22it/s, Materializing param=bert.encoder.layer.1.intermediate.dense.weight]
Loading weights:  17%|█▋        | 34/199 [00:00<00:00, 1299.20it/s, Materializing param=bert.encoder.layer.1.output.LayerNorm.bias]    
Loading weights:  17%|█▋        | 34/199 [00:00<00:00, 1292.72it/s, Materializing param=bert.encoder.layer.1.output.LayerNorm.bias]
Loading weights:  18%|█▊        | 35/199 [00:00<00:00, 1317.13it/s, Materializing param=bert.encoder.layer.1.output.LayerNorm.weight]
Loading weights:  18%|█▊        | 35/199 [00:00<00:00, 1311.34it/s, Materializing param=bert.encoder.layer.1.output.LayerNorm.weight]
Loading weights:  18%|█▊        | 36/199 [00:00<00:00, 1337.11it/s, Materializing param=bert.encoder.layer.1.output.dense.bias]      
Loading weights:  18%|█▊        | 36/199 [00:00<00:00, 1332.25it/s, Materializing param=bert.encoder.layer.1.output.dense.bias]
Loading weights:  19%|█▊        | 37/199 [00:00<00:00, 1359.88it/s, Materializing param=bert.encoder.layer.1.output.dense.weight]
Loading weights:  19%|█▊        | 37/199 [00:00<00:00, 1354.62it/s, Materializing param=bert.encoder.layer.1.output.dense.weight]
Loading weights:  19%|█▉        | 38/199 [00:00<00:00, 1377.40it/s, Materializing param=bert.encoder.layer.2.attention.output.LayerNorm.bias]
Loading weights:  19%|█▉        | 38/199 [00:00<00:00, 1370.26it/s, Materializing param=bert.encoder.layer.2.attention.output.LayerNorm.bias]
Loading weights:  20%|█▉        | 39/199 [00:00<00:00, 1393.98it/s, Materializing param=bert.encoder.layer.2.attention.output.LayerNorm.weight]
Loading weights:  20%|█▉        | 39/199 [00:00<00:00, 1387.51it/s, Materializing param=bert.encoder.layer.2.attention.output.LayerNorm.weight]
Loading weights:  20%|██        | 40/199 [00:00<00:00, 1414.33it/s, Materializing param=bert.encoder.layer.2.attention.output.dense.bias]      
Loading weights:  20%|██        | 40/199 [00:00<00:00, 1404.49it/s, Materializing param=bert.encoder.layer.2.attention.output.dense.bias]
Loading weights:  21%|██        | 41/199 [00:00<00:00, 1427.34it/s, Materializing param=bert.encoder.layer.2.attention.output.dense.weight]
Loading weights:  21%|██        | 41/199 [00:00<00:00, 1423.21it/s, Materializing param=bert.encoder.layer.2.attention.output.dense.weight]
Loading weights:  21%|██        | 42/199 [00:00<00:00, 1446.12it/s, Materializing param=bert.encoder.layer.2.attention.self.key.bias]      
Loading weights:  21%|██        | 42/199 [00:00<00:00, 1440.49it/s, Materializing param=bert.encoder.layer.2.attention.self.key.bias]
Loading weights:  22%|██▏       | 43/199 [00:00<00:00, 1461.07it/s, Materializing param=bert.encoder.layer.2.attention.self.key.weight]
Loading weights:  22%|██▏       | 43/199 [00:00<00:00, 1454.57it/s, Materializing param=bert.encoder.layer.2.attention.self.key.weight]
Loading weights:  22%|██▏       | 44/199 [00:00<00:00, 1476.58it/s, Materializing param=bert.encoder.layer.2.attention.self.query.bias]
Loading weights:  22%|██▏       | 44/199 [00:00<00:00, 1470.67it/s, Materializing param=bert.encoder.layer.2.attention.self.query.bias]
Loading weights:  23%|██▎       | 45/199 [00:00<00:00, 1494.38it/s, Materializing param=bert.encoder.layer.2.attention.self.query.weight]
Loading weights:  23%|██▎       | 45/199 [00:00<00:00, 1489.64it/s, Materializing param=bert.encoder.layer.2.attention.self.query.weight]
Loading weights:  23%|██▎       | 46/199 [00:00<00:00, 1511.98it/s, Materializing param=bert.encoder.layer.2.attention.self.value.bias]  
Loading weights:  23%|██▎       | 46/199 [00:00<00:00, 1507.02it/s, Materializing param=bert.encoder.layer.2.attention.self.value.bias]
Loading weights:  24%|██▎       | 47/199 [00:00<00:00, 1532.29it/s, Materializing param=bert.encoder.layer.2.attention.self.value.weight]
Loading weights:  24%|██▎       | 47/199 [00:00<00:00, 1529.28it/s, Materializing param=bert.encoder.layer.2.attention.self.value.weight]
Loading weights:  24%|██▍       | 48/199 [00:00<00:00, 1555.62it/s, Materializing param=bert.encoder.layer.2.intermediate.dense.bias]    
Loading weights:  24%|██▍       | 48/199 [00:00<00:00, 1552.68it/s, Materializing param=bert.encoder.layer.2.intermediate.dense.bias]
Loading weights:  25%|██▍       | 49/199 [00:00<00:00, 1579.52it/s, Materializing param=bert.encoder.layer.2.intermediate.dense.weight]
Loading weights:  25%|██▍       | 49/199 [00:00<00:00, 1576.71it/s, Materializing param=bert.encoder.layer.2.intermediate.dense.weight]
Loading weights:  25%|██▌       | 50/199 [00:00<00:00, 1603.61it/s, Materializing param=bert.encoder.layer.2.output.LayerNorm.bias]    
Loading weights:  25%|██▌       | 50/199 [00:00<00:00, 1600.81it/s, Materializing param=bert.encoder.layer.2.output.LayerNorm.bias]
Loading weights:  26%|██▌       | 51/199 [00:00<00:00, 1625.88it/s, Materializing param=bert.encoder.layer.2.output.LayerNorm.weight]
Loading weights:  26%|██▌       | 51/199 [00:00<00:00, 1620.91it/s, Materializing param=bert.encoder.layer.2.output.LayerNorm.weight]
Loading weights:  26%|██▌       | 52/199 [00:00<00:00, 1646.05it/s, Materializing param=bert.encoder.layer.2.output.dense.bias]      
Loading weights:  26%|██▌       | 52/199 [00:00<00:00, 1643.16it/s, Materializing param=bert.encoder.layer.2.output.dense.bias]
Loading weights:  27%|██▋       | 53/199 [00:00<00:00, 1669.36it/s, Materializing param=bert.encoder.layer.2.output.dense.weight]
Loading weights:  27%|██▋       | 53/199 [00:00<00:00, 1666.10it/s, Materializing param=bert.encoder.layer.2.output.dense.weight]
Loading weights:  27%|██▋       | 54/199 [00:00<00:00, 1692.07it/s, Materializing param=bert.encoder.layer.3.attention.output.LayerNorm.bias]
Loading weights:  27%|██▋       | 54/199 [00:00<00:00, 1687.63it/s, Materializing param=bert.encoder.layer.3.attention.output.LayerNorm.bias]
Loading weights:  28%|██▊       | 55/199 [00:00<00:00, 1706.24it/s, Materializing param=bert.encoder.layer.3.attention.output.LayerNorm.weight]
Loading weights:  28%|██▊       | 55/199 [00:00<00:00, 1698.65it/s, Materializing param=bert.encoder.layer.3.attention.output.LayerNorm.weight]
Loading weights:  28%|██▊       | 56/199 [00:00<00:00, 1716.40it/s, Materializing param=bert.encoder.layer.3.attention.output.dense.bias]      
Loading weights:  28%|██▊       | 56/199 [00:00<00:00, 1710.71it/s, Materializing param=bert.encoder.layer.3.attention.output.dense.bias]
Loading weights:  29%|██▊       | 57/199 [00:00<00:00, 1728.31it/s, Materializing param=bert.encoder.layer.3.attention.output.dense.weight]
Loading weights:  29%|██▊       | 57/199 [00:00<00:00, 1724.48it/s, Materializing param=bert.encoder.layer.3.attention.output.dense.weight]
Loading weights:  29%|██▉       | 58/199 [00:00<00:00, 1740.99it/s, Materializing param=bert.encoder.layer.3.attention.self.key.bias]      
Loading weights:  29%|██▉       | 58/199 [00:00<00:00, 1733.34it/s, Materializing param=bert.encoder.layer.3.attention.self.key.bias]
Loading weights:  30%|██▉       | 59/199 [00:00<00:00, 1753.82it/s, Materializing param=bert.encoder.layer.3.attention.self.key.weight]
Loading weights:  30%|██▉       | 59/199 [00:00<00:00, 1749.22it/s, Materializing param=bert.encoder.layer.3.attention.self.key.weight]
Loading weights:  30%|███       | 60/199 [00:00<00:00, 1765.56it/s, Materializing param=bert.encoder.layer.3.attention.self.query.bias]
Loading weights:  30%|███       | 60/199 [00:00<00:00, 1760.61it/s, Materializing param=bert.encoder.layer.3.attention.self.query.bias]
Loading weights:  31%|███       | 61/199 [00:00<00:00, 1782.96it/s, Materializing param=bert.encoder.layer.3.attention.self.query.weight]
Loading weights:  31%|███       | 61/199 [00:00<00:00, 1779.83it/s, Materializing param=bert.encoder.layer.3.attention.self.query.weight]
Loading weights:  31%|███       | 62/199 [00:00<00:00, 1800.44it/s, Materializing param=bert.encoder.layer.3.attention.self.value.bias]  
Loading weights:  31%|███       | 62/199 [00:00<00:00, 1796.64it/s, Materializing param=bert.encoder.layer.3.attention.self.value.bias]
Loading weights:  32%|███▏      | 63/199 [00:00<00:00, 1819.05it/s, Materializing param=bert.encoder.layer.3.attention.self.value.weight]
Loading weights:  32%|███▏      | 63/199 [00:00<00:00, 1816.04it/s, Materializing param=bert.encoder.layer.3.attention.self.value.weight]
Loading weights:  32%|███▏      | 64/199 [00:00<00:00, 1836.71it/s, Materializing param=bert.encoder.layer.3.intermediate.dense.bias]    
Loading weights:  32%|███▏      | 64/199 [00:00<00:00, 1829.41it/s, Materializing param=bert.encoder.layer.3.intermediate.dense.bias]
Loading weights:  33%|███▎      | 65/199 [00:00<00:00, 1844.72it/s, Materializing param=bert.encoder.layer.3.intermediate.dense.weight]
Loading weights:  33%|███▎      | 65/199 [00:00<00:00, 1840.86it/s, Materializing param=bert.encoder.layer.3.intermediate.dense.weight]
Loading weights:  33%|███▎      | 66/199 [00:00<00:00, 1858.75it/s, Materializing param=bert.encoder.layer.3.output.LayerNorm.bias]    
Loading weights:  33%|███▎      | 66/199 [00:00<00:00, 1853.40it/s, Materializing param=bert.encoder.layer.3.output.LayerNorm.bias]
Loading weights:  34%|███▎      | 67/199 [00:00<00:00, 1867.39it/s, Materializing param=bert.encoder.layer.3.output.LayerNorm.weight]
Loading weights:  34%|███▎      | 67/199 [00:00<00:00, 1862.60it/s, Materializing param=bert.encoder.layer.3.output.LayerNorm.weight]
Loading weights:  34%|███▍      | 68/199 [00:00<00:00, 1878.70it/s, Materializing param=bert.encoder.layer.3.output.dense.bias]      
Loading weights:  34%|███▍      | 68/199 [00:00<00:00, 1872.38it/s, Materializing param=bert.encoder.layer.3.output.dense.bias]
Loading weights:  35%|███▍      | 69/199 [00:00<00:00, 1886.12it/s, Materializing param=bert.encoder.layer.3.output.dense.weight]
Loading weights:  35%|███▍      | 69/199 [00:00<00:00, 1881.34it/s, Materializing param=bert.encoder.layer.3.output.dense.weight]
Loading weights:  35%|███▌      | 70/199 [00:00<00:00, 1896.92it/s, Materializing param=bert.encoder.layer.4.attention.output.LayerNorm.bias]
Loading weights:  35%|███▌      | 70/199 [00:00<00:00, 1890.37it/s, Materializing param=bert.encoder.layer.4.attention.output.LayerNorm.bias]
Loading weights:  36%|███▌      | 71/199 [00:00<00:00, 1908.31it/s, Materializing param=bert.encoder.layer.4.attention.output.LayerNorm.weight]
Loading weights:  36%|███▌      | 71/199 [00:00<00:00, 1901.64it/s, Materializing param=bert.encoder.layer.4.attention.output.LayerNorm.weight]
Loading weights:  36%|███▌      | 72/199 [00:00<00:00, 1915.17it/s, Materializing param=bert.encoder.layer.4.attention.output.dense.bias]      
Loading weights:  36%|███▌      | 72/199 [00:00<00:00, 1911.41it/s, Materializing param=bert.encoder.layer.4.attention.output.dense.bias]
Loading weights:  37%|███▋      | 73/199 [00:00<00:00, 1931.26it/s, Materializing param=bert.encoder.layer.4.attention.output.dense.weight]
Loading weights:  37%|███▋      | 73/199 [00:00<00:00, 1928.23it/s, Materializing param=bert.encoder.layer.4.attention.output.dense.weight]
Loading weights:  37%|███▋      | 74/199 [00:00<00:00, 1941.35it/s, Materializing param=bert.encoder.layer.4.attention.self.key.bias]      
Loading weights:  37%|███▋      | 74/199 [00:00<00:00, 1934.51it/s, Materializing param=bert.encoder.layer.4.attention.self.key.bias]
Loading weights:  38%|███▊      | 75/199 [00:00<00:00, 1948.56it/s, Materializing param=bert.encoder.layer.4.attention.self.key.weight]
Loading weights:  38%|███▊      | 75/199 [00:00<00:00, 1940.33it/s, Materializing param=bert.encoder.layer.4.attention.self.key.weight]
Loading weights:  38%|███▊      | 76/199 [00:00<00:00, 1953.95it/s, Materializing param=bert.encoder.layer.4.attention.self.query.bias]
Loading weights:  38%|███▊      | 76/199 [00:00<00:00, 1947.56it/s, Materializing param=bert.encoder.layer.4.attention.self.query.bias]
Loading weights:  39%|███▊      | 77/199 [00:00<00:00, 1964.66it/s, Materializing param=bert.encoder.layer.4.attention.self.query.weight]
Loading weights:  39%|███▊      | 77/199 [00:00<00:00, 1956.50it/s, Materializing param=bert.encoder.layer.4.attention.self.query.weight]
Loading weights:  39%|███▉      | 78/199 [00:00<00:00, 1967.68it/s, Materializing param=bert.encoder.layer.4.attention.self.value.bias]  
Loading weights:  39%|███▉      | 78/199 [00:00<00:00, 1962.51it/s, Materializing param=bert.encoder.layer.4.attention.self.value.bias]
Loading weights:  40%|███▉      | 79/199 [00:00<00:00, 1974.95it/s, Materializing param=bert.encoder.layer.4.attention.self.value.weight]
Loading weights:  40%|███▉      | 79/199 [00:00<00:00, 1970.22it/s, Materializing param=bert.encoder.layer.4.attention.self.value.weight]
Loading weights:  40%|████      | 80/199 [00:00<00:00, 1983.12it/s, Materializing param=bert.encoder.layer.4.intermediate.dense.bias]    
Loading weights:  40%|████      | 80/199 [00:00<00:00, 1976.79it/s, Materializing param=bert.encoder.layer.4.intermediate.dense.bias]
Loading weights:  41%|████      | 81/199 [00:00<00:00, 1991.90it/s, Materializing param=bert.encoder.layer.4.intermediate.dense.weight]
Loading weights:  41%|████      | 81/199 [00:00<00:00, 1987.31it/s, Materializing param=bert.encoder.layer.4.intermediate.dense.weight]
Loading weights:  41%|████      | 82/199 [00:00<00:00, 1996.35it/s, Materializing param=bert.encoder.layer.4.output.LayerNorm.bias]    
Loading weights:  41%|████      | 82/199 [00:00<00:00, 1989.72it/s, Materializing param=bert.encoder.layer.4.output.LayerNorm.bias]
Loading weights:  42%|████▏     | 83/199 [00:00<00:00, 2002.38it/s, Materializing param=bert.encoder.layer.4.output.LayerNorm.weight]
Loading weights:  42%|████▏     | 83/199 [00:00<00:00, 1996.93it/s, Materializing param=bert.encoder.layer.4.output.LayerNorm.weight]
Loading weights:  42%|████▏     | 84/199 [00:00<00:00, 2009.25it/s, Materializing param=bert.encoder.layer.4.output.dense.bias]      
Loading weights:  42%|████▏     | 84/199 [00:00<00:00, 2004.30it/s, Materializing param=bert.encoder.layer.4.output.dense.bias]
Loading weights:  43%|████▎     | 85/199 [00:00<00:00, 2021.51it/s, Materializing param=bert.encoder.layer.4.output.dense.weight]
Loading weights:  43%|████▎     | 85/199 [00:00<00:00, 2018.06it/s, Materializing param=bert.encoder.layer.4.output.dense.weight]
Loading weights:  43%|████▎     | 86/199 [00:00<00:00, 2028.16it/s, Materializing param=bert.encoder.layer.5.attention.output.LayerNorm.bias]
Loading weights:  43%|████▎     | 86/199 [00:00<00:00, 2021.42it/s, Materializing param=bert.encoder.layer.5.attention.output.LayerNorm.bias]
Loading weights:  44%|████▎     | 87/199 [00:00<00:00, 2033.86it/s, Materializing param=bert.encoder.layer.5.attention.output.LayerNorm.weight]
Loading weights:  44%|████▎     | 87/199 [00:00<00:00, 2028.35it/s, Materializing param=bert.encoder.layer.5.attention.output.LayerNorm.weight]
Loading weights:  44%|████▍     | 88/199 [00:00<00:00, 2042.03it/s, Materializing param=bert.encoder.layer.5.attention.output.dense.bias]      
Loading weights:  44%|████▍     | 88/199 [00:00<00:00, 2036.64it/s, Materializing param=bert.encoder.layer.5.attention.output.dense.bias]
Loading weights:  45%|████▍     | 89/199 [00:00<00:00, 2049.03it/s, Materializing param=bert.encoder.layer.5.attention.output.dense.weight]
Loading weights:  45%|████▍     | 89/199 [00:00<00:00, 2043.05it/s, Materializing param=bert.encoder.layer.5.attention.output.dense.weight]
Loading weights:  45%|████▌     | 90/199 [00:00<00:00, 2057.99it/s, Materializing param=bert.encoder.layer.5.attention.self.key.bias]      
Loading weights:  45%|████▌     | 90/199 [00:00<00:00, 2054.67it/s, Materializing param=bert.encoder.layer.5.attention.self.key.bias]
Loading weights:  46%|████▌     | 91/199 [00:00<00:00, 2071.95it/s, Materializing param=bert.encoder.layer.5.attention.self.key.weight]
Loading weights:  46%|████▌     | 91/199 [00:00<00:00, 2069.17it/s, Materializing param=bert.encoder.layer.5.attention.self.key.weight]
Loading weights:  46%|████▌     | 92/199 [00:00<00:00, 2082.41it/s, Materializing param=bert.encoder.layer.5.attention.self.query.bias]
Loading weights:  46%|████▌     | 92/199 [00:00<00:00, 2077.25it/s, Materializing param=bert.encoder.layer.5.attention.self.query.bias]
Loading weights:  47%|████▋     | 93/199 [00:00<00:00, 2087.95it/s, Materializing param=bert.encoder.layer.5.attention.self.query.weight]
Loading weights:  47%|████▋     | 93/199 [00:00<00:00, 2081.47it/s, Materializing param=bert.encoder.layer.5.attention.self.query.weight]
Loading weights:  47%|████▋     | 94/199 [00:00<00:00, 2091.37it/s, Materializing param=bert.encoder.layer.5.attention.self.value.bias]  
Loading weights:  47%|████▋     | 94/199 [00:00<00:00, 2086.82it/s, Materializing param=bert.encoder.layer.5.attention.self.value.bias]
Loading weights:  48%|████▊     | 95/199 [00:00<00:00, 2099.52it/s, Materializing param=bert.encoder.layer.5.attention.self.value.weight]
Loading weights:  48%|████▊     | 95/199 [00:00<00:00, 2093.48it/s, Materializing param=bert.encoder.layer.5.attention.self.value.weight]
Loading weights:  48%|████▊     | 96/199 [00:00<00:00, 2103.56it/s, Materializing param=bert.encoder.layer.5.intermediate.dense.bias]    
Loading weights:  48%|████▊     | 96/199 [00:00<00:00, 2100.11it/s, Materializing param=bert.encoder.layer.5.intermediate.dense.bias]
Loading weights:  49%|████▊     | 97/199 [00:00<00:00, 2112.73it/s, Materializing param=bert.encoder.layer.5.intermediate.dense.weight]
Loading weights:  49%|████▊     | 97/199 [00:00<00:00, 2106.05it/s, Materializing param=bert.encoder.layer.5.intermediate.dense.weight]
Loading weights:  49%|████▉     | 98/199 [00:00<00:00, 2119.56it/s, Materializing param=bert.encoder.layer.5.output.LayerNorm.bias]    
Loading weights:  49%|████▉     | 98/199 [00:00<00:00, 2116.74it/s, Materializing param=bert.encoder.layer.5.output.LayerNorm.bias]
Loading weights:  50%|████▉     | 99/199 [00:00<00:00, 2129.13it/s, Materializing param=bert.encoder.layer.5.output.LayerNorm.weight]
Loading weights:  50%|████▉     | 99/199 [00:00<00:00, 2123.61it/s, Materializing param=bert.encoder.layer.5.output.LayerNorm.weight]
Loading weights:  50%|█████     | 100/199 [00:00<00:00, 2135.90it/s, Materializing param=bert.encoder.layer.5.output.dense.bias]     
Loading weights:  50%|█████     | 100/199 [00:00<00:00, 2132.96it/s, Materializing param=bert.encoder.layer.5.output.dense.bias]
Loading weights:  51%|█████     | 101/199 [00:00<00:00, 2145.32it/s, Materializing param=bert.encoder.layer.5.output.dense.weight]
Loading weights:  51%|█████     | 101/199 [00:00<00:00, 2138.95it/s, Materializing param=bert.encoder.layer.5.output.dense.weight]
Loading weights:  51%|█████▏    | 102/199 [00:00<00:00, 2150.04it/s, Materializing param=bert.encoder.layer.6.attention.output.LayerNorm.bias]
Loading weights:  51%|█████▏    | 102/199 [00:00<00:00, 2146.18it/s, Materializing param=bert.encoder.layer.6.attention.output.LayerNorm.bias]
Loading weights:  52%|█████▏    | 103/199 [00:00<00:00, 2161.16it/s, Materializing param=bert.encoder.layer.6.attention.output.LayerNorm.weight]
Loading weights:  52%|█████▏    | 103/199 [00:00<00:00, 2154.99it/s, Materializing param=bert.encoder.layer.6.attention.output.LayerNorm.weight]
Loading weights:  52%|█████▏    | 104/199 [00:00<00:00, 2165.07it/s, Materializing param=bert.encoder.layer.6.attention.output.dense.bias]      
Loading weights:  52%|█████▏    | 104/199 [00:00<00:00, 2159.21it/s, Materializing param=bert.encoder.layer.6.attention.output.dense.bias]
Loading weights:  53%|█████▎    | 105/199 [00:00<00:00, 2167.35it/s, Materializing param=bert.encoder.layer.6.attention.output.dense.weight]
Loading weights:  53%|█████▎    | 105/199 [00:00<00:00, 2161.76it/s, Materializing param=bert.encoder.layer.6.attention.output.dense.weight]
Loading weights:  53%|█████▎    | 106/199 [00:00<00:00, 2172.18it/s, Materializing param=bert.encoder.layer.6.attention.self.key.bias]      
Loading weights:  53%|█████▎    | 106/199 [00:00<00:00, 2165.30it/s, Materializing param=bert.encoder.layer.6.attention.self.key.bias]
Loading weights:  54%|█████▍    | 107/199 [00:00<00:00, 2177.83it/s, Materializing param=bert.encoder.layer.6.attention.self.key.weight]
Loading weights:  54%|█████▍    | 107/199 [00:00<00:00, 2169.31it/s, Materializing param=bert.encoder.layer.6.attention.self.key.weight]
Loading weights:  54%|█████▍    | 108/199 [00:00<00:00, 2177.67it/s, Materializing param=bert.encoder.layer.6.attention.self.query.bias]
Loading weights:  54%|█████▍    | 108/199 [00:00<00:00, 2171.87it/s, Materializing param=bert.encoder.layer.6.attention.self.query.bias]
Loading weights:  55%|█████▍    | 109/199 [00:00<00:00, 2180.66it/s, Materializing param=bert.encoder.layer.6.attention.self.query.weight]
Loading weights:  55%|█████▍    | 109/199 [00:00<00:00, 2174.18it/s, Materializing param=bert.encoder.layer.6.attention.self.query.weight]
Loading weights:  55%|█████▌    | 110/199 [00:00<00:00, 2181.80it/s, Materializing param=bert.encoder.layer.6.attention.self.value.bias]  
Loading weights:  55%|█████▌    | 110/199 [00:00<00:00, 2176.18it/s, Materializing param=bert.encoder.layer.6.attention.self.value.bias]
Loading weights:  56%|█████▌    | 111/199 [00:00<00:00, 2185.09it/s, Materializing param=bert.encoder.layer.6.attention.self.value.weight]
Loading weights:  56%|█████▌    | 111/199 [00:00<00:00, 2180.18it/s, Materializing param=bert.encoder.layer.6.attention.self.value.weight]
Loading weights:  56%|█████▋    | 112/199 [00:00<00:00, 2189.63it/s, Materializing param=bert.encoder.layer.6.intermediate.dense.bias]    
Loading weights:  56%|█████▋    | 112/199 [00:00<00:00, 2184.79it/s, Materializing param=bert.encoder.layer.6.intermediate.dense.bias]
Loading weights:  57%|█████▋    | 113/199 [00:00<00:00, 2195.22it/s, Materializing param=bert.encoder.layer.6.intermediate.dense.weight]
Loading weights:  57%|█████▋    | 113/199 [00:00<00:00, 2190.25it/s, Materializing param=bert.encoder.layer.6.intermediate.dense.weight]
Loading weights:  57%|█████▋    | 114/199 [00:00<00:00, 2202.00it/s, Materializing param=bert.encoder.layer.6.output.LayerNorm.bias]    
Loading weights:  57%|█████▋    | 114/199 [00:00<00:00, 2199.24it/s, Materializing param=bert.encoder.layer.6.output.LayerNorm.bias]
Loading weights:  58%|█████▊    | 115/199 [00:00<00:00, 2207.39it/s, Materializing param=bert.encoder.layer.6.output.LayerNorm.weight]
Loading weights:  58%|█████▊    | 115/199 [00:00<00:00, 2202.13it/s, Materializing param=bert.encoder.layer.6.output.LayerNorm.weight]
Loading weights:  58%|█████▊    | 116/199 [00:00<00:00, 2210.04it/s, Materializing param=bert.encoder.layer.6.output.dense.bias]      
Loading weights:  58%|█████▊    | 116/199 [00:00<00:00, 2204.38it/s, Materializing param=bert.encoder.layer.6.output.dense.bias]
Loading weights:  59%|█████▉    | 117/199 [00:00<00:00, 2213.83it/s, Materializing param=bert.encoder.layer.6.output.dense.weight]
Loading weights:  59%|█████▉    | 117/199 [00:00<00:00, 2208.64it/s, Materializing param=bert.encoder.layer.6.output.dense.weight]
Loading weights:  59%|█████▉    | 118/199 [00:00<00:00, 2220.30it/s, Materializing param=bert.encoder.layer.7.attention.output.LayerNorm.bias]
Loading weights:  59%|█████▉    | 118/199 [00:00<00:00, 2213.85it/s, Materializing param=bert.encoder.layer.7.attention.output.LayerNorm.bias]
Loading weights:  60%|█████▉    | 119/199 [00:00<00:00, 2219.50it/s, Materializing param=bert.encoder.layer.7.attention.output.LayerNorm.weight]
Loading weights:  60%|█████▉    | 119/199 [00:00<00:00, 2215.48it/s, Materializing param=bert.encoder.layer.7.attention.output.LayerNorm.weight]
Loading weights:  60%|██████    | 120/199 [00:00<00:00, 2224.04it/s, Materializing param=bert.encoder.layer.7.attention.output.dense.bias]      
Loading weights:  60%|██████    | 120/199 [00:00<00:00, 2218.92it/s, Materializing param=bert.encoder.layer.7.attention.output.dense.bias]
Loading weights:  61%|██████    | 121/199 [00:00<00:00, 2228.35it/s, Materializing param=bert.encoder.layer.7.attention.output.dense.weight]
Loading weights:  61%|██████    | 121/199 [00:00<00:00, 2223.76it/s, Materializing param=bert.encoder.layer.7.attention.output.dense.weight]
Loading weights:  61%|██████▏   | 122/199 [00:00<00:00, 2230.69it/s, Materializing param=bert.encoder.layer.7.attention.self.key.bias]      
Loading weights:  61%|██████▏   | 122/199 [00:00<00:00, 2224.86it/s, Materializing param=bert.encoder.layer.7.attention.self.key.bias]
Loading weights:  62%|██████▏   | 123/199 [00:00<00:00, 2231.38it/s, Materializing param=bert.encoder.layer.7.attention.self.key.weight]
Loading weights:  62%|██████▏   | 123/199 [00:00<00:00, 2226.42it/s, Materializing param=bert.encoder.layer.7.attention.self.key.weight]
Loading weights:  62%|██████▏   | 124/199 [00:00<00:00, 2233.95it/s, Materializing param=bert.encoder.layer.7.attention.self.query.bias]
Loading weights:  62%|██████▏   | 124/199 [00:00<00:00, 2229.33it/s, Materializing param=bert.encoder.layer.7.attention.self.query.bias]
Loading weights:  63%|██████▎   | 125/199 [00:00<00:00, 2236.40it/s, Materializing param=bert.encoder.layer.7.attention.self.query.weight]
Loading weights:  63%|██████▎   | 125/199 [00:00<00:00, 2232.19it/s, Materializing param=bert.encoder.layer.7.attention.self.query.weight]
Loading weights:  63%|██████▎   | 126/199 [00:00<00:00, 2240.40it/s, Materializing param=bert.encoder.layer.7.attention.self.value.bias]  
Loading weights:  63%|██████▎   | 126/199 [00:00<00:00, 2235.49it/s, Materializing param=bert.encoder.layer.7.attention.self.value.bias]
Loading weights:  64%|██████▍   | 127/199 [00:00<00:00, 2244.76it/s, Materializing param=bert.encoder.layer.7.attention.self.value.weight]
Loading weights:  64%|██████▍   | 127/199 [00:00<00:00, 2242.12it/s, Materializing param=bert.encoder.layer.7.attention.self.value.weight]
Loading weights:  64%|██████▍   | 128/199 [00:00<00:00, 2255.26it/s, Materializing param=bert.encoder.layer.7.intermediate.dense.bias]    
Loading weights:  64%|██████▍   | 128/199 [00:00<00:00, 2252.69it/s, Materializing param=bert.encoder.layer.7.intermediate.dense.bias]
Loading weights:  65%|██████▍   | 129/199 [00:00<00:00, 2265.95it/s, Materializing param=bert.encoder.layer.7.intermediate.dense.weight]
Loading weights:  65%|██████▍   | 129/199 [00:00<00:00, 2263.61it/s, Materializing param=bert.encoder.layer.7.intermediate.dense.weight]
Loading weights:  65%|██████▌   | 130/199 [00:00<00:00, 2276.33it/s, Materializing param=bert.encoder.layer.7.output.LayerNorm.bias]    
Loading weights:  65%|██████▌   | 130/199 [00:00<00:00, 2271.75it/s, Materializing param=bert.encoder.layer.7.output.LayerNorm.bias]
Loading weights:  66%|██████▌   | 131/199 [00:00<00:00, 2276.76it/s, Materializing param=bert.encoder.layer.7.output.LayerNorm.weight]
Loading weights:  66%|██████▌   | 131/199 [00:00<00:00, 2272.17it/s, Materializing param=bert.encoder.layer.7.output.LayerNorm.weight]
Loading weights:  66%|██████▋   | 132/199 [00:00<00:00, 2280.87it/s, Materializing param=bert.encoder.layer.7.output.dense.bias]      
Loading weights:  66%|██████▋   | 132/199 [00:00<00:00, 2276.17it/s, Materializing param=bert.encoder.layer.7.output.dense.bias]
Loading weights:  67%|██████▋   | 133/199 [00:00<00:00, 2287.22it/s, Materializing param=bert.encoder.layer.7.output.dense.weight]
Loading weights:  67%|██████▋   | 133/199 [00:00<00:00, 2284.74it/s, Materializing param=bert.encoder.layer.7.output.dense.weight]
Loading weights:  67%|██████▋   | 134/199 [00:00<00:00, 2291.23it/s, Materializing param=bert.encoder.layer.8.attention.output.LayerNorm.bias]
Loading weights:  67%|██████▋   | 134/199 [00:00<00:00, 2285.77it/s, Materializing param=bert.encoder.layer.8.attention.output.LayerNorm.bias]
Loading weights:  68%|██████▊   | 135/199 [00:00<00:00, 2292.68it/s, Materializing param=bert.encoder.layer.8.attention.output.LayerNorm.weight]
Loading weights:  68%|██████▊   | 135/199 [00:00<00:00, 2289.62it/s, Materializing param=bert.encoder.layer.8.attention.output.LayerNorm.weight]
Loading weights:  68%|██████▊   | 136/199 [00:00<00:00, 2301.78it/s, Materializing param=bert.encoder.layer.8.attention.output.dense.bias]      
Loading weights:  68%|██████▊   | 136/199 [00:00<00:00, 2296.09it/s, Materializing param=bert.encoder.layer.8.attention.output.dense.bias]
Loading weights:  69%|██████▉   | 137/199 [00:00<00:00, 2302.13it/s, Materializing param=bert.encoder.layer.8.attention.output.dense.weight]
Loading weights:  69%|██████▉   | 137/199 [00:00<00:00, 2296.90it/s, Materializing param=bert.encoder.layer.8.attention.output.dense.weight]
Loading weights:  69%|██████▉   | 138/199 [00:00<00:00, 2302.40it/s, Materializing param=bert.encoder.layer.8.attention.self.key.bias]      
Loading weights:  69%|██████▉   | 138/199 [00:00<00:00, 2297.88it/s, Materializing param=bert.encoder.layer.8.attention.self.key.bias]
Loading weights:  70%|██████▉   | 139/199 [00:00<00:00, 2306.40it/s, Materializing param=bert.encoder.layer.8.attention.self.key.weight]
Loading weights:  70%|██████▉   | 139/199 [00:00<00:00, 2301.12it/s, Materializing param=bert.encoder.layer.8.attention.self.key.weight]
Loading weights:  70%|███████   | 140/199 [00:00<00:00, 2307.07it/s, Materializing param=bert.encoder.layer.8.attention.self.query.bias]
Loading weights:  70%|███████   | 140/199 [00:00<00:00, 2301.26it/s, Materializing param=bert.encoder.layer.8.attention.self.query.bias]
Loading weights:  71%|███████   | 141/199 [00:00<00:00, 2308.95it/s, Materializing param=bert.encoder.layer.8.attention.self.query.weight]
Loading weights:  71%|███████   | 141/199 [00:00<00:00, 2304.37it/s, Materializing param=bert.encoder.layer.8.attention.self.query.weight]
Loading weights:  71%|███████▏  | 142/199 [00:00<00:00, 2311.61it/s, Materializing param=bert.encoder.layer.8.attention.self.value.bias]  
Loading weights:  71%|███████▏  | 142/199 [00:00<00:00, 2306.83it/s, Materializing param=bert.encoder.layer.8.attention.self.value.bias]
Loading weights:  72%|███████▏  | 143/199 [00:00<00:00, 2316.50it/s, Materializing param=bert.encoder.layer.8.attention.self.value.weight]
Loading weights:  72%|███████▏  | 143/199 [00:00<00:00, 2310.53it/s, Materializing param=bert.encoder.layer.8.attention.self.value.weight]
Loading weights:  72%|███████▏  | 144/199 [00:00<00:00, 2317.61it/s, Materializing param=bert.encoder.layer.8.intermediate.dense.bias]    
Loading weights:  72%|███████▏  | 144/199 [00:00<00:00, 2312.79it/s, Materializing param=bert.encoder.layer.8.intermediate.dense.bias]
Loading weights:  73%|███████▎  | 145/199 [00:00<00:00, 2319.82it/s, Materializing param=bert.encoder.layer.8.intermediate.dense.weight]
Loading weights:  73%|███████▎  | 145/199 [00:00<00:00, 2315.02it/s, Materializing param=bert.encoder.layer.8.intermediate.dense.weight]
Loading weights:  73%|███████▎  | 146/199 [00:00<00:00, 2323.65it/s, Materializing param=bert.encoder.layer.8.output.LayerNorm.bias]    
Loading weights:  73%|███████▎  | 146/199 [00:00<00:00, 2318.59it/s, Materializing param=bert.encoder.layer.8.output.LayerNorm.bias]
Loading weights:  74%|███████▍  | 147/199 [00:00<00:00, 2325.29it/s, Materializing param=bert.encoder.layer.8.output.LayerNorm.weight]
Loading weights:  74%|███████▍  | 147/199 [00:00<00:00, 2320.42it/s, Materializing param=bert.encoder.layer.8.output.LayerNorm.weight]
Loading weights:  74%|███████▍  | 148/199 [00:00<00:00, 2328.24it/s, Materializing param=bert.encoder.layer.8.output.dense.bias]      
Loading weights:  74%|███████▍  | 148/199 [00:00<00:00, 2324.49it/s, Materializing param=bert.encoder.layer.8.output.dense.bias]
Loading weights:  75%|███████▍  | 149/199 [00:00<00:00, 2330.62it/s, Materializing param=bert.encoder.layer.8.output.dense.weight]
Loading weights:  75%|███████▍  | 149/199 [00:00<00:00, 2326.03it/s, Materializing param=bert.encoder.layer.8.output.dense.weight]
Loading weights:  75%|███████▌  | 150/199 [00:00<00:00, 2335.90it/s, Materializing param=bert.encoder.layer.9.attention.output.LayerNorm.bias]
Loading weights:  75%|███████▌  | 150/199 [00:00<00:00, 2330.99it/s, Materializing param=bert.encoder.layer.9.attention.output.LayerNorm.bias]
Loading weights:  76%|███████▌  | 151/199 [00:00<00:00, 2336.53it/s, Materializing param=bert.encoder.layer.9.attention.output.LayerNorm.weight]
Loading weights:  76%|███████▌  | 151/199 [00:00<00:00, 2330.75it/s, Materializing param=bert.encoder.layer.9.attention.output.LayerNorm.weight]
Loading weights:  76%|███████▋  | 152/199 [00:00<00:00, 2340.48it/s, Materializing param=bert.encoder.layer.9.attention.output.dense.bias]      
Loading weights:  76%|███████▋  | 152/199 [00:00<00:00, 2336.78it/s, Materializing param=bert.encoder.layer.9.attention.output.dense.bias]
Loading weights:  77%|███████▋  | 153/199 [00:00<00:00, 2339.70it/s, Materializing param=bert.encoder.layer.9.attention.output.dense.weight]
Loading weights:  77%|███████▋  | 153/199 [00:00<00:00, 2334.66it/s, Materializing param=bert.encoder.layer.9.attention.output.dense.weight]
Loading weights:  77%|███████▋  | 154/199 [00:00<00:00, 2342.17it/s, Materializing param=bert.encoder.layer.9.attention.self.key.bias]      
Loading weights:  77%|███████▋  | 154/199 [00:00<00:00, 2337.29it/s, Materializing param=bert.encoder.layer.9.attention.self.key.bias]
Loading weights:  78%|███████▊  | 155/199 [00:00<00:00, 2343.81it/s, Materializing param=bert.encoder.layer.9.attention.self.key.weight]
Loading weights:  78%|███████▊  | 155/199 [00:00<00:00, 2340.50it/s, Materializing param=bert.encoder.layer.9.attention.self.key.weight]
Loading weights:  78%|███████▊  | 156/199 [00:00<00:00, 2346.92it/s, Materializing param=bert.encoder.layer.9.attention.self.query.bias]
Loading weights:  78%|███████▊  | 156/199 [00:00<00:00, 2342.80it/s, Materializing param=bert.encoder.layer.9.attention.self.query.bias]
Loading weights:  79%|███████▉  | 157/199 [00:00<00:00, 2348.17it/s, Materializing param=bert.encoder.layer.9.attention.self.query.weight]
Loading weights:  79%|███████▉  | 157/199 [00:00<00:00, 2343.60it/s, Materializing param=bert.encoder.layer.9.attention.self.query.weight]
Loading weights:  79%|███████▉  | 158/199 [00:00<00:00, 2349.42it/s, Materializing param=bert.encoder.layer.9.attention.self.value.bias]  
Loading weights:  79%|███████▉  | 158/199 [00:00<00:00, 2344.96it/s, Materializing param=bert.encoder.layer.9.attention.self.value.bias]
Loading weights:  80%|███████▉  | 159/199 [00:00<00:00, 2350.24it/s, Materializing param=bert.encoder.layer.9.attention.self.value.weight]
Loading weights:  80%|███████▉  | 159/199 [00:00<00:00, 2345.25it/s, Materializing param=bert.encoder.layer.9.attention.self.value.weight]
Loading weights:  80%|████████  | 160/199 [00:00<00:00, 2350.44it/s, Materializing param=bert.encoder.layer.9.intermediate.dense.bias]    
Loading weights:  80%|████████  | 160/199 [00:00<00:00, 2345.77it/s, Materializing param=bert.encoder.layer.9.intermediate.dense.bias]
Loading weights:  81%|████████  | 161/199 [00:00<00:00, 2351.71it/s, Materializing param=bert.encoder.layer.9.intermediate.dense.weight]
Loading weights:  81%|████████  | 161/199 [00:00<00:00, 2347.15it/s, Materializing param=bert.encoder.layer.9.intermediate.dense.weight]
Loading weights:  81%|████████▏ | 162/199 [00:00<00:00, 2355.56it/s, Materializing param=bert.encoder.layer.9.output.LayerNorm.bias]    
Loading weights:  81%|████████▏ | 162/199 [00:00<00:00, 2349.56it/s, Materializing param=bert.encoder.layer.9.output.LayerNorm.bias]
Loading weights:  82%|████████▏ | 163/199 [00:00<00:00, 2355.92it/s, Materializing param=bert.encoder.layer.9.output.LayerNorm.weight]
Loading weights:  82%|████████▏ | 163/199 [00:00<00:00, 2350.61it/s, Materializing param=bert.encoder.layer.9.output.LayerNorm.weight]
Loading weights:  82%|████████▏ | 164/199 [00:00<00:00, 2355.87it/s, Materializing param=bert.encoder.layer.9.output.dense.bias]      
Loading weights:  82%|████████▏ | 164/199 [00:00<00:00, 2351.37it/s, Materializing param=bert.encoder.layer.9.output.dense.bias]
Loading weights:  83%|████████▎ | 165/199 [00:00<00:00, 2358.93it/s, Materializing param=bert.encoder.layer.9.output.dense.weight]
Loading weights:  83%|████████▎ | 165/199 [00:00<00:00, 2353.83it/s, Materializing param=bert.encoder.layer.9.output.dense.weight]
Loading weights:  83%|████████▎ | 166/199 [00:00<00:00, 2358.30it/s, Materializing param=bert.encoder.layer.10.attention.output.LayerNorm.bias]
Loading weights:  83%|████████▎ | 166/199 [00:00<00:00, 2352.58it/s, Materializing param=bert.encoder.layer.10.attention.output.LayerNorm.bias]
Loading weights:  84%|████████▍ | 167/199 [00:00<00:00, 2357.46it/s, Materializing param=bert.encoder.layer.10.attention.output.LayerNorm.weight]
Loading weights:  84%|████████▍ | 167/199 [00:00<00:00, 2352.86it/s, Materializing param=bert.encoder.layer.10.attention.output.LayerNorm.weight]
Loading weights:  84%|████████▍ | 168/199 [00:00<00:00, 2360.44it/s, Materializing param=bert.encoder.layer.10.attention.output.dense.bias]      
Loading weights:  84%|████████▍ | 168/199 [00:00<00:00, 2354.52it/s, Materializing param=bert.encoder.layer.10.attention.output.dense.bias]
Loading weights:  85%|████████▍ | 169/199 [00:00<00:00, 2359.31it/s, Materializing param=bert.encoder.layer.10.attention.output.dense.weight]
Loading weights:  85%|████████▍ | 169/199 [00:00<00:00, 2355.11it/s, Materializing param=bert.encoder.layer.10.attention.output.dense.weight]
Loading weights:  85%|████████▌ | 170/199 [00:00<00:00, 2360.99it/s, Materializing param=bert.encoder.layer.10.attention.self.key.bias]      
Loading weights:  85%|████████▌ | 170/199 [00:00<00:00, 2357.15it/s, Materializing param=bert.encoder.layer.10.attention.self.key.bias]
Loading weights:  86%|████████▌ | 171/199 [00:00<00:00, 2364.07it/s, Materializing param=bert.encoder.layer.10.attention.self.key.weight]
Loading weights:  86%|████████▌ | 171/199 [00:00<00:00, 2359.45it/s, Materializing param=bert.encoder.layer.10.attention.self.key.weight]
Loading weights:  86%|████████▋ | 172/199 [00:00<00:00, 2365.03it/s, Materializing param=bert.encoder.layer.10.attention.self.query.bias]
Loading weights:  86%|████████▋ | 172/199 [00:00<00:00, 2360.44it/s, Materializing param=bert.encoder.layer.10.attention.self.query.bias]
Loading weights:  87%|████████▋ | 173/199 [00:00<00:00, 2366.02it/s, Materializing param=bert.encoder.layer.10.attention.self.query.weight]
Loading weights:  87%|████████▋ | 173/199 [00:00<00:00, 2361.71it/s, Materializing param=bert.encoder.layer.10.attention.self.query.weight]
Loading weights:  87%|████████▋ | 174/199 [00:00<00:00, 2366.58it/s, Materializing param=bert.encoder.layer.10.attention.self.value.bias]  
Loading weights:  87%|████████▋ | 174/199 [00:00<00:00, 2363.72it/s, Materializing param=bert.encoder.layer.10.attention.self.value.bias]
Loading weights:  88%|████████▊ | 175/199 [00:00<00:00, 2369.43it/s, Materializing param=bert.encoder.layer.10.attention.self.value.weight]
Loading weights:  88%|████████▊ | 175/199 [00:00<00:00, 2365.43it/s, Materializing param=bert.encoder.layer.10.attention.self.value.weight]
Loading weights:  88%|████████▊ | 176/199 [00:00<00:00, 2370.42it/s, Materializing param=bert.encoder.layer.10.intermediate.dense.bias]    
Loading weights:  88%|████████▊ | 176/199 [00:00<00:00, 2365.60it/s, Materializing param=bert.encoder.layer.10.intermediate.dense.bias]
Loading weights:  89%|████████▉ | 177/199 [00:00<00:00, 2371.47it/s, Materializing param=bert.encoder.layer.10.intermediate.dense.weight]
Loading weights:  89%|████████▉ | 177/199 [00:00<00:00, 2367.18it/s, Materializing param=bert.encoder.layer.10.intermediate.dense.weight]
Loading weights:  89%|████████▉ | 178/199 [00:00<00:00, 2374.49it/s, Materializing param=bert.encoder.layer.10.output.LayerNorm.bias]    
Loading weights:  89%|████████▉ | 178/199 [00:00<00:00, 2369.57it/s, Materializing param=bert.encoder.layer.10.output.LayerNorm.bias]
Loading weights:  90%|████████▉ | 179/199 [00:00<00:00, 2374.99it/s, Materializing param=bert.encoder.layer.10.output.LayerNorm.weight]
Loading weights:  90%|████████▉ | 179/199 [00:00<00:00, 2370.64it/s, Materializing param=bert.encoder.layer.10.output.LayerNorm.weight]
Loading weights:  90%|█████████ | 180/199 [00:00<00:00, 2376.65it/s, Materializing param=bert.encoder.layer.10.output.dense.bias]      
Loading weights:  90%|█████████ | 180/199 [00:00<00:00, 2372.44it/s, Materializing param=bert.encoder.layer.10.output.dense.bias]
Loading weights:  91%|█████████ | 181/199 [00:00<00:00, 2379.71it/s, Materializing param=bert.encoder.layer.10.output.dense.weight]
Loading weights:  91%|█████████ | 181/199 [00:00<00:00, 2375.29it/s, Materializing param=bert.encoder.layer.10.output.dense.weight]
Loading weights:  91%|█████████▏| 182/199 [00:00<00:00, 2379.60it/s, Materializing param=bert.encoder.layer.11.attention.output.LayerNorm.bias]
Loading weights:  91%|█████████▏| 182/199 [00:00<00:00, 2375.37it/s, Materializing param=bert.encoder.layer.11.attention.output.LayerNorm.bias]
Loading weights:  92%|█████████▏| 183/199 [00:00<00:00, 2380.92it/s, Materializing param=bert.encoder.layer.11.attention.output.LayerNorm.weight]
Loading weights:  92%|█████████▏| 183/199 [00:00<00:00, 2377.33it/s, Materializing param=bert.encoder.layer.11.attention.output.LayerNorm.weight]
Loading weights:  92%|█████████▏| 184/199 [00:00<00:00, 2384.24it/s, Materializing param=bert.encoder.layer.11.attention.output.dense.bias]      
Loading weights:  92%|█████████▏| 184/199 [00:00<00:00, 2380.86it/s, Materializing param=bert.encoder.layer.11.attention.output.dense.bias]
Loading weights:  93%|█████████▎| 185/199 [00:00<00:00, 2385.44it/s, Materializing param=bert.encoder.layer.11.attention.output.dense.weight]
Loading weights:  93%|█████████▎| 185/199 [00:00<00:00, 2380.81it/s, Materializing param=bert.encoder.layer.11.attention.output.dense.weight]
Loading weights:  93%|█████████▎| 186/199 [00:00<00:00, 2386.55it/s, Materializing param=bert.encoder.layer.11.attention.self.key.bias]      
Loading weights:  93%|█████████▎| 186/199 [00:00<00:00, 2382.97it/s, Materializing param=bert.encoder.layer.11.attention.self.key.bias]
Loading weights:  94%|█████████▍| 187/199 [00:00<00:00, 2389.52it/s, Materializing param=bert.encoder.layer.11.attention.self.key.weight]
Loading weights:  94%|█████████▍| 187/199 [00:00<00:00, 2385.54it/s, Materializing param=bert.encoder.layer.11.attention.self.key.weight]
Loading weights:  94%|█████████▍| 188/199 [00:00<00:00, 2391.48it/s, Materializing param=bert.encoder.layer.11.attention.self.query.bias]
Loading weights:  94%|█████████▍| 188/199 [00:00<00:00, 2387.35it/s, Materializing param=bert.encoder.layer.11.attention.self.query.bias]
Loading weights:  95%|█████████▍| 189/199 [00:00<00:00, 2392.49it/s, Materializing param=bert.encoder.layer.11.attention.self.query.weight]
Loading weights:  95%|█████████▍| 189/199 [00:00<00:00, 2388.51it/s, Materializing param=bert.encoder.layer.11.attention.self.query.weight]
Loading weights:  95%|█████████▌| 190/199 [00:00<00:00, 2394.61it/s, Materializing param=bert.encoder.layer.11.attention.self.value.bias]  
Loading weights:  95%|█████████▌| 190/199 [00:00<00:00, 2390.62it/s, Materializing param=bert.encoder.layer.11.attention.self.value.bias]
Loading weights:  96%|█████████▌| 191/199 [00:00<00:00, 2396.85it/s, Materializing param=bert.encoder.layer.11.attention.self.value.weight]
Loading weights:  96%|█████████▌| 191/199 [00:00<00:00, 2392.14it/s, Materializing param=bert.encoder.layer.11.attention.self.value.weight]
Loading weights:  96%|█████████▋| 192/199 [00:00<00:00, 2397.22it/s, Materializing param=bert.encoder.layer.11.intermediate.dense.bias]    
Loading weights:  96%|█████████▋| 192/199 [00:00<00:00, 2393.59it/s, Materializing param=bert.encoder.layer.11.intermediate.dense.bias]
Loading weights:  97%|█████████▋| 193/199 [00:00<00:00, 2397.61it/s, Materializing param=bert.encoder.layer.11.intermediate.dense.weight]
Loading weights:  97%|█████████▋| 193/199 [00:00<00:00, 2395.19it/s, Materializing param=bert.encoder.layer.11.intermediate.dense.weight]
Loading weights:  97%|█████████▋| 194/199 [00:00<00:00, 2399.73it/s, Materializing param=bert.encoder.layer.11.output.LayerNorm.bias]    
Loading weights:  97%|█████████▋| 194/199 [00:00<00:00, 2395.59it/s, Materializing param=bert.encoder.layer.11.output.LayerNorm.bias]
Loading weights:  98%|█████████▊| 195/199 [00:00<00:00, 2400.64it/s, Materializing param=bert.encoder.layer.11.output.LayerNorm.weight]
Loading weights:  98%|█████████▊| 195/199 [00:00<00:00, 2396.80it/s, Materializing param=bert.encoder.layer.11.output.LayerNorm.weight]
Loading weights:  98%|█████████▊| 196/199 [00:00<00:00, 2401.50it/s, Materializing param=bert.encoder.layer.11.output.dense.bias]      
Loading weights:  98%|█████████▊| 196/199 [00:00<00:00, 2398.60it/s, Materializing param=bert.encoder.layer.11.output.dense.bias]
Loading weights:  99%|█████████▉| 197/199 [00:00<00:00, 2404.91it/s, Materializing param=bert.encoder.layer.11.output.dense.weight]
Loading weights:  99%|█████████▉| 197/199 [00:00<00:00, 2400.39it/s, Materializing param=bert.encoder.layer.11.output.dense.weight]
Loading weights:  99%|█████████▉| 198/199 [00:00<00:00, 2405.15it/s, Materializing param=bert.pooler.dense.bias]                   
Loading weights:  99%|█████████▉| 198/199 [00:00<00:00, 2399.73it/s, Materializing param=bert.pooler.dense.bias]
Loading weights: 100%|██████████| 199/199 [00:00<00:00, 2405.07it/s, Materializing param=bert.pooler.dense.weight]
Loading weights: 100%|██████████| 199/199 [00:00<00:00, 2401.19it/s, Materializing param=bert.pooler.dense.weight]
Loading weights: 100%|██████████| 199/199 [00:00<00:00, 2395.86it/s, Materializing param=bert.pooler.dense.weight]
BertForSequenceClassification LOAD REPORT from: neuralmind/bert-base-portuguese-cased
Key                                        | Status     | 
-------------------------------------------+------------+-
cls.predictions.transform.dense.bias       | UNEXPECTED | 
cls.seq_relationship.weight                | UNEXPECTED | 
cls.seq_relationship.bias                  | UNEXPECTED | 
cls.predictions.transform.LayerNorm.bias   | UNEXPECTED | 
cls.predictions.bias                       | UNEXPECTED | 
cls.predictions.decoder.weight             | UNEXPECTED | 
cls.predictions.transform.LayerNorm.weight | UNEXPECTED | 
cls.predictions.transform.dense.weight     | UNEXPECTED | 
classifier.weight                          | MISSING    | 
classifier.bias                            | MISSING    | 

Notes:
- UNEXPECTED	:can be ignored when loading from different task/architecture; not ok if you expect identical arch.
- MISSING	:those params were newly initialized because missing from the checkpoint. Consider training on your downstream task.
  época 1/3 passo 1/235 loss=6.5152
  época 1/3 passo 11/235 loss=6.3539
  época 1/3 passo 21/235 loss=6.2192
  época 1/3 passo 31/235 loss=6.0511
  época 1/3 passo 41/235 loss=5.9509
  época 1/3 passo 51/235 loss=5.7920
  época 1/3 passo 61/235 loss=5.6451
  época 1/3 passo 71/235 loss=5.4994
  época 1/3 passo 81/235 loss=5.4437
  época 1/3 passo 91/235 loss=5.1975
  época 1/3 passo 101/235 loss=5.0764
  época 1/3 passo 111/235 loss=4.9091
  época 1/3 passo 121/235 loss=4.9573
  época 1/3 passo 131/235 loss=4.6719
  época 1/3 passo 141/235 loss=4.5430
  época 1/3 passo 151/235 loss=4.1934
  época 1/3 passo 161/235 loss=4.6738
  época 1/3 passo 171/235 loss=4.2479
  época 1/3 passo 181/235 loss=3.8139
  época 1/3 passo 191/235 loss=3.7307
  época 1/3 passo 201/235 loss=3.9514
  época 1/3 passo 211/235 loss=3.3241
  época 1/3 passo 221/235 loss=3.6771
  época 1/3 passo 231/235 loss=3.4255
  época 1: loss médio 4.8697
  época 2/3 passo 1/235 loss=3.2401
  época 2/3 passo 11/235 loss=3.2962
  época 2/3 passo 21/235 loss=3.3853
  época 2/3 passo 31/235 loss=2.9843
  época 2/3 passo 41/235 loss=3.3124
  época 2/3 passo 51/235 loss=2.8667
  época 2/3 passo 61/235 loss=2.9073
  época 2/3 passo 71/235 loss=2.6991
  época 2/3 passo 81/235 loss=2.8016
  época 2/3 passo 91/235 loss=2.8082
  época 2/3 passo 101/235 loss=3.0544
  época 2/3 passo 111/235 loss=2.6659
  época 2/3 passo 121/235 loss=2.7974
  época 2/3 passo 131/235 loss=2.3926
  época 2/3 passo 141/235 loss=2.4639
  época 2/3 passo 151/235 loss=2.3347
  época 2/3 passo 161/235 loss=2.4125
  época 2/3 passo 171/235 loss=2.1850
  época 2/3 passo 181/235 loss=1.9343
  época 2/3 passo 191/235 loss=1.7118
  época 2/3 passo 201/235 loss=2.0367
  época 2/3 passo 211/235 loss=2.0626
  época 2/3 passo 221/235 loss=2.4108
  época 2/3 passo 231/235 loss=1.9277
  época 2: loss médio 2.5702
  época 3/3 passo 1/235 loss=1.6511
  época 3/3 passo 11/235 loss=1.9810
  época 3/3 passo 21/235 loss=1.9320
  época 3/3 passo 31/235 loss=1.7865
  época 3/3 passo 41/235 loss=1.4050
  época 3/3 passo 51/235 loss=1.8858
  época 3/3 passo 61/235 loss=1.4948
  época 3/3 passo 71/235 loss=1.6724
  época 3/3 passo 81/235 loss=1.5330
  época 3/3 passo 91/235 loss=1.3583
  época 3/3 passo 101/235 loss=1.3276
  época 3/3 passo 111/235 loss=1.5745
  época 3/3 passo 121/235 loss=1.3977
  época 3/3 passo 131/235 loss=1.3773
  época 3/3 passo 141/235 loss=1.7037
  época 3/3 passo 151/235 loss=1.4805
  época 3/3 passo 161/235 loss=1.3874
  época 3/3 passo 171/235 loss=1.4174
  época 3/3 passo 181/235 loss=1.3208
  época 3/3 passo 191/235 loss=1.5412
  época 3/3 passo 201/235 loss=1.4811
  época 3/3 passo 211/235 loss=1.5953
  época 3/3 passo 221/235 loss=1.9848
  época 3/3 passo 231/235 loss=1.5561
  época 3: loss médio 1.6014
  avaliação: 5000/177490
  avaliação: 10000/177490
  avaliação: 15000/177490
  avaliação: 20000/177490
  avaliação: 25000/177490
  avaliação: 30000/177490
  avaliação: 35000/177490
  avaliação: 40000/177490
  avaliação: 45000/177490
  avaliação: 50000/177490
  avaliação: 55000/177490
  avaliação: 60000/177490
  avaliação: 65000/177490
  avaliação: 70000/177490
  avaliação: 75000/177490
  avaliação: 80000/177490
  avaliação: 85000/177490
  avaliação: 90000/177490
  avaliação: 95000/177490
  avaliação: 100000/177490
  avaliação: 105000/177490
  avaliação: 110000/177490
  avaliação: 115000/177490
  avaliação: 120000/177490
  avaliação: 125000/177490
  avaliação: 130000/177490
  avaliação: 135000/177490
  avaliação: 140000/177490
  avaliação: 145000/177490
  avaliação: 150000/177490
  avaliação: 155000/177490
  avaliação: 160000/177490
  avaliação: 165000/177490
  avaliação: 170000/177490
  avaliação: 175000/177490
  avaliação: 177490/177490
{"arm": "E30", "fonte": "prefixo 30000 da trajetória de entropia do E6 (SGD), gold", "n_train": 30000, "n_train_classes": 648, "epochs": 3, "batch_size": 128, "max_length": 32, "seed": 7, "data_seed": 42, "eval_n": 177490, "eval_limit": 0, "accuracy": 0.8443, "accuracy_wilson95": [0.8426, 0.846], "macro_f1": 0.3239, "fit_seconds": 477.6, "predict_seconds": 305.2}

=== braço E35: prefixo 35000 da trajetória de entropia do E6 (SGD), gold · n=35000 classes=648 ===

Loading weights:   0%|          | 0/199 [00:00<?, ?it/s]
Loading weights:   1%|          | 1/199 [00:00<00:00, 37786.52it/s, Materializing param=bert.embeddings.LayerNorm.bias]
Loading weights:   1%|          | 1/199 [00:00<00:00, 7503.23it/s, Materializing param=bert.embeddings.LayerNorm.bias] 
Loading weights:   1%|          | 2/199 [00:00<00:00, 5065.58it/s, Materializing param=bert.embeddings.LayerNorm.weight]
Loading weights:   1%|          | 2/199 [00:00<00:00, 4019.46it/s, Materializing param=bert.embeddings.LayerNorm.weight]
Loading weights:   2%|▏         | 3/199 [00:00<00:00, 3647.22it/s, Materializing param=bert.embeddings.position_embeddings.weight]
Loading weights:   2%|▏         | 3/199 [00:00<00:00, 3131.64it/s, Materializing param=bert.embeddings.position_embeddings.weight]
Loading weights:   2%|▏         | 4/199 [00:00<00:00, 3313.69it/s, Materializing param=bert.embeddings.token_type_embeddings.weight]
Loading weights:   2%|▏         | 4/199 [00:00<00:00, 3063.77it/s, Materializing param=bert.embeddings.token_type_embeddings.weight]
Loading weights:   3%|▎         | 5/199 [00:00<00:00, 3306.25it/s, Materializing param=bert.embeddings.word_embeddings.weight]      
Loading weights:   3%|▎         | 5/199 [00:00<00:00, 3030.57it/s, Materializing param=bert.embeddings.word_embeddings.weight]
Loading weights:   3%|▎         | 6/199 [00:00<00:00, 3100.77it/s, Materializing param=bert.encoder.layer.0.attention.output.LayerNorm.bias]
Loading weights:   3%|▎         | 6/199 [00:00<00:00, 2945.78it/s, Materializing param=bert.encoder.layer.0.attention.output.LayerNorm.bias]
Loading weights:   4%|▎         | 7/199 [00:00<00:00, 3055.48it/s, Materializing param=bert.encoder.layer.0.attention.output.LayerNorm.weight]
Loading weights:   4%|▎         | 7/199 [00:00<00:00, 2905.22it/s, Materializing param=bert.encoder.layer.0.attention.output.LayerNorm.weight]
Loading weights:   4%|▍         | 8/199 [00:00<00:00, 3031.11it/s, Materializing param=bert.encoder.layer.0.attention.output.dense.bias]      
Loading weights:   4%|▍         | 8/199 [00:00<00:00, 2912.71it/s, Materializing param=bert.encoder.layer.0.attention.output.dense.bias]
Loading weights:   5%|▍         | 9/199 [00:00<00:00, 2978.20it/s, Materializing param=bert.encoder.layer.0.attention.output.dense.weight]
Loading weights:   5%|▍         | 9/199 [00:00<00:00, 2848.32it/s, Materializing param=bert.encoder.layer.0.attention.output.dense.weight]
Loading weights:   5%|▌         | 10/199 [00:00<00:00, 2842.82it/s, Materializing param=bert.encoder.layer.0.attention.self.key.bias]     
Loading weights:   5%|▌         | 10/199 [00:00<00:00, 2741.38it/s, Materializing param=bert.encoder.layer.0.attention.self.key.bias]
Loading weights:   6%|▌         | 11/199 [00:00<00:00, 2646.86it/s, Materializing param=bert.encoder.layer.0.attention.self.key.weight]
Loading weights:   6%|▌         | 11/199 [00:00<00:00, 2536.69it/s, Materializing param=bert.encoder.layer.0.attention.self.key.weight]
Loading weights:   6%|▌         | 12/199 [00:00<00:00, 2589.88it/s, Materializing param=bert.encoder.layer.0.attention.self.query.bias]
Loading weights:   6%|▌         | 12/199 [00:00<00:00, 2522.00it/s, Materializing param=bert.encoder.layer.0.attention.self.query.bias]
Loading weights:   7%|▋         | 13/199 [00:00<00:00, 2567.50it/s, Materializing param=bert.encoder.layer.0.attention.self.query.weight]
Loading weights:   7%|▋         | 13/199 [00:00<00:00, 2470.70it/s, Materializing param=bert.encoder.layer.0.attention.self.query.weight]
Loading weights:   7%|▋         | 14/199 [00:00<00:00, 2477.23it/s, Materializing param=bert.encoder.layer.0.attention.self.value.bias]  
Loading weights:   7%|▋         | 14/199 [00:00<00:00, 2422.65it/s, Materializing param=bert.encoder.layer.0.attention.self.value.bias]
Loading weights:   8%|▊         | 15/199 [00:00<00:00, 1972.31it/s, Materializing param=bert.encoder.layer.0.attention.self.value.weight]
Loading weights:   8%|▊         | 15/199 [00:00<00:00, 1614.81it/s, Materializing param=bert.encoder.layer.0.attention.self.value.weight]
Loading weights:   8%|▊         | 16/199 [00:00<00:00, 1572.59it/s, Materializing param=bert.encoder.layer.0.intermediate.dense.bias]    
Loading weights:   8%|▊         | 16/199 [00:00<00:00, 1551.08it/s, Materializing param=bert.encoder.layer.0.intermediate.dense.bias]
Loading weights:   9%|▊         | 17/199 [00:00<00:00, 1538.60it/s, Materializing param=bert.encoder.layer.0.intermediate.dense.weight]
Loading weights:   9%|▊         | 17/199 [00:00<00:00, 1519.35it/s, Materializing param=bert.encoder.layer.0.intermediate.dense.weight]
Loading weights:   9%|▉         | 18/199 [00:00<00:00, 1466.60it/s, Materializing param=bert.encoder.layer.0.output.LayerNorm.bias]    
Loading weights:   9%|▉         | 18/199 [00:00<00:00, 1446.92it/s, Materializing param=bert.encoder.layer.0.output.LayerNorm.bias]
Loading weights:  10%|▉         | 19/199 [00:00<00:00, 1466.27it/s, Materializing param=bert.encoder.layer.0.output.LayerNorm.weight]
Loading weights:  10%|▉         | 19/199 [00:00<00:00, 1375.21it/s, Materializing param=bert.encoder.layer.0.output.LayerNorm.weight]
Loading weights:  10%|█         | 20/199 [00:00<00:00, 1386.84it/s, Materializing param=bert.encoder.layer.0.output.dense.bias]      
Loading weights:  10%|█         | 20/199 [00:00<00:00, 1373.63it/s, Materializing param=bert.encoder.layer.0.output.dense.bias]
Loading weights:  11%|█         | 21/199 [00:00<00:00, 1416.84it/s, Materializing param=bert.encoder.layer.0.output.dense.weight]
Loading weights:  11%|█         | 21/199 [00:00<00:00, 1404.79it/s, Materializing param=bert.encoder.layer.0.output.dense.weight]
Loading weights:  11%|█         | 22/199 [00:00<00:00, 1445.54it/s, Materializing param=bert.encoder.layer.1.attention.output.LayerNorm.bias]
Loading weights:  11%|█         | 22/199 [00:00<00:00, 1433.82it/s, Materializing param=bert.encoder.layer.1.attention.output.LayerNorm.bias]
Loading weights:  12%|█▏        | 23/199 [00:00<00:00, 1458.56it/s, Materializing param=bert.encoder.layer.1.attention.output.LayerNorm.weight]
Loading weights:  12%|█▏        | 23/199 [00:00<00:00, 1444.10it/s, Materializing param=bert.encoder.layer.1.attention.output.LayerNorm.weight]
Loading weights:  12%|█▏        | 24/199 [00:00<00:00, 1481.32it/s, Materializing param=bert.encoder.layer.1.attention.output.dense.bias]      
Loading weights:  12%|█▏        | 24/199 [00:00<00:00, 1470.10it/s, Materializing param=bert.encoder.layer.1.attention.output.dense.bias]
Loading weights:  13%|█▎        | 25/199 [00:00<00:00, 1418.53it/s, Materializing param=bert.encoder.layer.1.attention.output.dense.weight]
Loading weights:  13%|█▎        | 25/199 [00:00<00:00, 1408.03it/s, Materializing param=bert.encoder.layer.1.attention.output.dense.weight]
Loading weights:  13%|█▎        | 26/199 [00:00<00:00, 1439.04it/s, Materializing param=bert.encoder.layer.1.attention.self.key.bias]      
Loading weights:  13%|█▎        | 26/199 [00:00<00:00, 1416.70it/s, Materializing param=bert.encoder.layer.1.attention.self.key.bias]
Loading weights:  14%|█▎        | 27/199 [00:00<00:00, 1444.08it/s, Materializing param=bert.encoder.layer.1.attention.self.key.weight]
Loading weights:  14%|█▎        | 27/199 [00:00<00:00, 1369.21it/s, Materializing param=bert.encoder.layer.1.attention.self.key.weight]
Loading weights:  14%|█▍        | 28/199 [00:00<00:00, 1333.78it/s, Materializing param=bert.encoder.layer.1.attention.self.query.bias]
Loading weights:  14%|█▍        | 28/199 [00:00<00:00, 1323.27it/s, Materializing param=bert.encoder.layer.1.attention.self.query.bias]
Loading weights:  15%|█▍        | 29/199 [00:00<00:00, 1340.70it/s, Materializing param=bert.encoder.layer.1.attention.self.query.weight]
Loading weights:  15%|█▍        | 29/199 [00:00<00:00, 1332.75it/s, Materializing param=bert.encoder.layer.1.attention.self.query.weight]
Loading weights:  15%|█▌        | 30/199 [00:00<00:00, 1347.13it/s, Materializing param=bert.encoder.layer.1.attention.self.value.bias]  
Loading weights:  15%|█▌        | 30/199 [00:00<00:00, 1338.42it/s, Materializing param=bert.encoder.layer.1.attention.self.value.bias]
Loading weights:  16%|█▌        | 31/199 [00:00<00:00, 1365.38it/s, Materializing param=bert.encoder.layer.1.attention.self.value.weight]
Loading weights:  16%|█▌        | 31/199 [00:00<00:00, 1356.28it/s, Materializing param=bert.encoder.layer.1.attention.self.value.weight]
Loading weights:  16%|█▌        | 32/199 [00:00<00:00, 1376.31it/s, Materializing param=bert.encoder.layer.1.intermediate.dense.bias]    
Loading weights:  16%|█▌        | 32/199 [00:00<00:00, 1368.30it/s, Materializing param=bert.encoder.layer.1.intermediate.dense.bias]
Loading weights:  17%|█▋        | 33/199 [00:00<00:00, 1390.64it/s, Materializing param=bert.encoder.layer.1.intermediate.dense.weight]
Loading weights:  17%|█▋        | 33/199 [00:00<00:00, 1380.30it/s, Materializing param=bert.encoder.layer.1.intermediate.dense.weight]
Loading weights:  17%|█▋        | 34/199 [00:00<00:00, 1405.93it/s, Materializing param=bert.encoder.layer.1.output.LayerNorm.bias]    
Loading weights:  17%|█▋        | 34/199 [00:00<00:00, 1397.20it/s, Materializing param=bert.encoder.layer.1.output.LayerNorm.bias]
Loading weights:  18%|█▊        | 35/199 [00:00<00:00, 1423.71it/s, Materializing param=bert.encoder.layer.1.output.LayerNorm.weight]
Loading weights:  18%|█▊        | 35/199 [00:00<00:00, 1416.54it/s, Materializing param=bert.encoder.layer.1.output.LayerNorm.weight]
Loading weights:  18%|█▊        | 36/199 [00:00<00:00, 1351.23it/s, Materializing param=bert.encoder.layer.1.output.dense.bias]      
Loading weights:  18%|█▊        | 36/199 [00:00<00:00, 1344.71it/s, Materializing param=bert.encoder.layer.1.output.dense.bias]
Loading weights:  19%|█▊        | 37/199 [00:00<00:00, 1366.81it/s, Materializing param=bert.encoder.layer.1.output.dense.weight]
Loading weights:  19%|█▊        | 37/199 [00:00<00:00, 1360.59it/s, Materializing param=bert.encoder.layer.1.output.dense.weight]
Loading weights:  19%|█▉        | 38/199 [00:00<00:00, 1378.23it/s, Materializing param=bert.encoder.layer.2.attention.output.LayerNorm.bias]
Loading weights:  19%|█▉        | 38/199 [00:00<00:00, 1370.88it/s, Materializing param=bert.encoder.layer.2.attention.output.LayerNorm.bias]
Loading weights:  20%|█▉        | 39/199 [00:00<00:00, 1391.04it/s, Materializing param=bert.encoder.layer.2.attention.output.LayerNorm.weight]
Loading weights:  20%|█▉        | 39/199 [00:00<00:00, 1382.33it/s, Materializing param=bert.encoder.layer.2.attention.output.LayerNorm.weight]
Loading weights:  20%|██        | 40/199 [00:00<00:00, 1398.21it/s, Materializing param=bert.encoder.layer.2.attention.output.dense.bias]      
Loading weights:  20%|██        | 40/199 [00:00<00:00, 1391.99it/s, Materializing param=bert.encoder.layer.2.attention.output.dense.bias]
Loading weights:  21%|██        | 41/199 [00:00<00:00, 1413.42it/s, Materializing param=bert.encoder.layer.2.attention.output.dense.weight]
Loading weights:  21%|██        | 41/199 [00:00<00:00, 1407.73it/s, Materializing param=bert.encoder.layer.2.attention.output.dense.weight]
Loading weights:  21%|██        | 42/199 [00:00<00:00, 1430.21it/s, Materializing param=bert.encoder.layer.2.attention.self.key.bias]      
Loading weights:  21%|██        | 42/199 [00:00<00:00, 1423.91it/s, Materializing param=bert.encoder.layer.2.attention.self.key.bias]
Loading weights:  22%|██▏       | 43/199 [00:00<00:00, 1445.82it/s, Materializing param=bert.encoder.layer.2.attention.self.key.weight]
Loading weights:  22%|██▏       | 43/199 [00:00<00:00, 1439.51it/s, Materializing param=bert.encoder.layer.2.attention.self.key.weight]
Loading weights:  22%|██▏       | 44/199 [00:00<00:00, 1459.47it/s, Materializing param=bert.encoder.layer.2.attention.self.query.bias]
Loading weights:  22%|██▏       | 44/199 [00:00<00:00, 1453.66it/s, Materializing param=bert.encoder.layer.2.attention.self.query.bias]
Loading weights:  23%|██▎       | 45/199 [00:00<00:00, 1473.56it/s, Materializing param=bert.encoder.layer.2.attention.self.query.weight]
Loading weights:  23%|██▎       | 45/199 [00:00<00:00, 1466.56it/s, Materializing param=bert.encoder.layer.2.attention.self.query.weight]
Loading weights:  23%|██▎       | 46/199 [00:00<00:00, 1485.66it/s, Materializing param=bert.encoder.layer.2.attention.self.value.bias]  
Loading weights:  23%|██▎       | 46/199 [00:00<00:00, 1479.56it/s, Materializing param=bert.encoder.layer.2.attention.self.value.bias]
Loading weights:  24%|██▎       | 47/199 [00:00<00:00, 1497.78it/s, Materializing param=bert.encoder.layer.2.attention.self.value.weight]
Loading weights:  24%|██▎       | 47/199 [00:00<00:00, 1491.74it/s, Materializing param=bert.encoder.layer.2.attention.self.value.weight]
Loading weights:  24%|██▍       | 48/199 [00:00<00:00, 1510.20it/s, Materializing param=bert.encoder.layer.2.intermediate.dense.bias]    
Loading weights:  24%|██▍       | 48/199 [00:00<00:00, 1496.84it/s, Materializing param=bert.encoder.layer.2.intermediate.dense.bias]
Loading weights:  25%|██▍       | 49/199 [00:00<00:00, 1513.24it/s, Materializing param=bert.encoder.layer.2.intermediate.dense.weight]
Loading weights:  25%|██▍       | 49/199 [00:00<00:00, 1507.61it/s, Materializing param=bert.encoder.layer.2.intermediate.dense.weight]
Loading weights:  25%|██▌       | 50/199 [00:00<00:00, 1526.58it/s, Materializing param=bert.encoder.layer.2.output.LayerNorm.bias]    
Loading weights:  25%|██▌       | 50/199 [00:00<00:00, 1514.67it/s, Materializing param=bert.encoder.layer.2.output.LayerNorm.bias]
Loading weights:  26%|██▌       | 51/199 [00:00<00:00, 1531.52it/s, Materializing param=bert.encoder.layer.2.output.LayerNorm.weight]
Loading weights:  26%|██▌       | 51/199 [00:00<00:00, 1524.72it/s, Materializing param=bert.encoder.layer.2.output.LayerNorm.weight]
Loading weights:  26%|██▌       | 52/199 [00:00<00:00, 1543.38it/s, Materializing param=bert.encoder.layer.2.output.dense.bias]      
Loading weights:  26%|██▌       | 52/199 [00:00<00:00, 1536.73it/s, Materializing param=bert.encoder.layer.2.output.dense.bias]
Loading weights:  27%|██▋       | 53/199 [00:00<00:00, 1555.35it/s, Materializing param=bert.encoder.layer.2.output.dense.weight]
Loading weights:  27%|██▋       | 53/199 [00:00<00:00, 1550.07it/s, Materializing param=bert.encoder.layer.2.output.dense.weight]
Loading weights:  27%|██▋       | 54/199 [00:00<00:00, 1568.85it/s, Materializing param=bert.encoder.layer.3.attention.output.LayerNorm.bias]
Loading weights:  27%|██▋       | 54/199 [00:00<00:00, 1563.59it/s, Materializing param=bert.encoder.layer.3.attention.output.LayerNorm.bias]
Loading weights:  28%|██▊       | 55/199 [00:00<00:00, 1579.82it/s, Materializing param=bert.encoder.layer.3.attention.output.LayerNorm.weight]
Loading weights:  28%|██▊       | 55/199 [00:00<00:00, 1573.61it/s, Materializing param=bert.encoder.layer.3.attention.output.LayerNorm.weight]
Loading weights:  28%|██▊       | 56/199 [00:00<00:00, 1591.35it/s, Materializing param=bert.encoder.layer.3.attention.output.dense.bias]      
Loading weights:  28%|██▊       | 56/199 [00:00<00:00, 1585.57it/s, Materializing param=bert.encoder.layer.3.attention.output.dense.bias]
Loading weights:  29%|██▊       | 57/199 [00:00<00:00, 1601.21it/s, Materializing param=bert.encoder.layer.3.attention.output.dense.weight]
Loading weights:  29%|██▊       | 57/199 [00:00<00:00, 1595.71it/s, Materializing param=bert.encoder.layer.3.attention.output.dense.weight]
Loading weights:  29%|██▉       | 58/199 [00:00<00:00, 1610.30it/s, Materializing param=bert.encoder.layer.3.attention.self.key.bias]      
Loading weights:  29%|██▉       | 58/199 [00:00<00:00, 1604.60it/s, Materializing param=bert.encoder.layer.3.attention.self.key.bias]
Loading weights:  30%|██▉       | 59/199 [00:00<00:00, 1620.70it/s, Materializing param=bert.encoder.layer.3.attention.self.key.weight]
Loading weights:  30%|██▉       | 59/199 [00:00<00:00, 1614.96it/s, Materializing param=bert.encoder.layer.3.attention.self.key.weight]
Loading weights:  30%|███       | 60/199 [00:00<00:00, 1631.62it/s, Materializing param=bert.encoder.layer.3.attention.self.query.bias]
Loading weights:  30%|███       | 60/199 [00:00<00:00, 1624.95it/s, Materializing param=bert.encoder.layer.3.attention.self.query.bias]
Loading weights:  31%|███       | 61/199 [00:00<00:00, 1639.61it/s, Materializing param=bert.encoder.layer.3.attention.self.query.weight]
Loading weights:  31%|███       | 61/199 [00:00<00:00, 1634.44it/s, Materializing param=bert.encoder.layer.3.attention.self.query.weight]
Loading weights:  31%|███       | 62/199 [00:00<00:00, 1650.46it/s, Materializing param=bert.encoder.layer.3.attention.self.value.bias]  
Loading weights:  31%|███       | 62/199 [00:00<00:00, 1645.55it/s, Materializing param=bert.encoder.layer.3.attention.self.value.bias]
Loading weights:  32%|███▏      | 63/199 [00:00<00:00, 1659.34it/s, Materializing param=bert.encoder.layer.3.attention.self.value.weight]
Loading weights:  32%|███▏      | 63/199 [00:00<00:00, 1653.99it/s, Materializing param=bert.encoder.layer.3.attention.self.value.weight]
Loading weights:  32%|███▏      | 64/199 [00:00<00:00, 1669.55it/s, Materializing param=bert.encoder.layer.3.intermediate.dense.bias]    
Loading weights:  32%|███▏      | 64/199 [00:00<00:00, 1664.65it/s, Materializing param=bert.encoder.layer.3.intermediate.dense.bias]
Loading weights:  33%|███▎      | 65/199 [00:00<00:00, 1680.68it/s, Materializing param=bert.encoder.layer.3.intermediate.dense.weight]
Loading weights:  33%|███▎      | 65/199 [00:00<00:00, 1674.77it/s, Materializing param=bert.encoder.layer.3.intermediate.dense.weight]
Loading weights:  33%|███▎      | 66/199 [00:00<00:00, 1688.25it/s, Materializing param=bert.encoder.layer.3.output.LayerNorm.bias]    
Loading weights:  33%|███▎      | 66/199 [00:00<00:00, 1682.50it/s, Materializing param=bert.encoder.layer.3.output.LayerNorm.bias]
Loading weights:  34%|███▎      | 67/199 [00:00<00:00, 1692.94it/s, Materializing param=bert.encoder.layer.3.output.LayerNorm.weight]
Loading weights:  34%|███▎      | 67/199 [00:00<00:00, 1687.46it/s, Materializing param=bert.encoder.layer.3.output.LayerNorm.weight]
Loading weights:  34%|███▍      | 68/199 [00:00<00:00, 1701.25it/s, Materializing param=bert.encoder.layer.3.output.dense.bias]      
Loading weights:  34%|███▍      | 68/199 [00:00<00:00, 1696.02it/s, Materializing param=bert.encoder.layer.3.output.dense.bias]
Loading weights:  35%|███▍      | 69/199 [00:00<00:00, 1711.04it/s, Materializing param=bert.encoder.layer.3.output.dense.weight]
Loading weights:  35%|███▍      | 69/199 [00:00<00:00, 1705.84it/s, Materializing param=bert.encoder.layer.3.output.dense.weight]
Loading weights:  35%|███▌      | 70/199 [00:00<00:00, 1720.80it/s, Materializing param=bert.encoder.layer.4.attention.output.LayerNorm.bias]
Loading weights:  35%|███▌      | 70/199 [00:00<00:00, 1714.81it/s, Materializing param=bert.encoder.layer.4.attention.output.LayerNorm.bias]
Loading weights:  36%|███▌      | 71/199 [00:00<00:00, 1723.03it/s, Materializing param=bert.encoder.layer.4.attention.output.LayerNorm.weight]
Loading weights:  36%|███▌      | 71/199 [00:00<00:00, 1716.48it/s, Materializing param=bert.encoder.layer.4.attention.output.LayerNorm.weight]
Loading weights:  36%|███▌      | 72/199 [00:00<00:00, 1731.85it/s, Materializing param=bert.encoder.layer.4.attention.output.dense.bias]      
Loading weights:  36%|███▌      | 72/199 [00:00<00:00, 1728.70it/s, Materializing param=bert.encoder.layer.4.attention.output.dense.bias]
Loading weights:  37%|███▋      | 73/199 [00:00<00:00, 1747.54it/s, Materializing param=bert.encoder.layer.4.attention.output.dense.weight]
Loading weights:  37%|███▋      | 73/199 [00:00<00:00, 1741.72it/s, Materializing param=bert.encoder.layer.4.attention.output.dense.weight]
Loading weights:  37%|███▋      | 74/199 [00:00<00:00, 1759.74it/s, Materializing param=bert.encoder.layer.4.attention.self.key.bias]      
Loading weights:  37%|███▋      | 74/199 [00:00<00:00, 1757.21it/s, Materializing param=bert.encoder.layer.4.attention.self.key.bias]
Loading weights:  38%|███▊      | 75/199 [00:00<00:00, 1775.93it/s, Materializing param=bert.encoder.layer.4.attention.self.key.weight]
Loading weights:  38%|███▊      | 75/199 [00:00<00:00, 1773.53it/s, Materializing param=bert.encoder.layer.4.attention.self.key.weight]
Loading weights:  38%|███▊      | 76/199 [00:00<00:00, 1791.36it/s, Materializing param=bert.encoder.layer.4.attention.self.query.bias]
Loading weights:  38%|███▊      | 76/199 [00:00<00:00, 1785.26it/s, Materializing param=bert.encoder.layer.4.attention.self.query.bias]
Loading weights:  39%|███▊      | 77/199 [00:00<00:00, 1797.45it/s, Materializing param=bert.encoder.layer.4.attention.self.query.weight]
Loading weights:  39%|███▊      | 77/199 [00:00<00:00, 1793.67it/s, Materializing param=bert.encoder.layer.4.attention.self.query.weight]
Loading weights:  39%|███▉      | 78/199 [00:00<00:00, 1808.94it/s, Materializing param=bert.encoder.layer.4.attention.self.value.bias]  
Loading weights:  39%|███▉      | 78/199 [00:00<00:00, 1804.74it/s, Materializing param=bert.encoder.layer.4.attention.self.value.bias]
Loading weights:  40%|███▉      | 79/199 [00:00<00:00, 1822.14it/s, Materializing param=bert.encoder.layer.4.attention.self.value.weight]
Loading weights:  40%|███▉      | 79/199 [00:00<00:00, 1819.69it/s, Materializing param=bert.encoder.layer.4.attention.self.value.weight]
Loading weights:  40%|████      | 80/199 [00:00<00:00, 1834.45it/s, Materializing param=bert.encoder.layer.4.intermediate.dense.bias]    
Loading weights:  40%|████      | 80/199 [00:00<00:00, 1828.32it/s, Materializing param=bert.encoder.layer.4.intermediate.dense.bias]
Loading weights:  41%|████      | 81/199 [00:00<00:00, 1841.25it/s, Materializing param=bert.encoder.layer.4.intermediate.dense.weight]
Loading weights:  41%|████      | 81/199 [00:00<00:00, 1835.98it/s, Materializing param=bert.encoder.layer.4.intermediate.dense.weight]
Loading weights:  41%|████      | 82/199 [00:00<00:00, 1851.92it/s, Materializing param=bert.encoder.layer.4.output.LayerNorm.bias]    
Loading weights:  41%|████      | 82/199 [00:00<00:00, 1849.39it/s, Materializing param=bert.encoder.layer.4.output.LayerNorm.bias]
Loading weights:  42%|████▏     | 83/199 [00:00<00:00, 1865.38it/s, Materializing param=bert.encoder.layer.4.output.LayerNorm.weight]
Loading weights:  42%|████▏     | 83/199 [00:00<00:00, 1861.10it/s, Materializing param=bert.encoder.layer.4.output.LayerNorm.weight]
Loading weights:  42%|████▏     | 84/199 [00:00<00:00, 1877.87it/s, Materializing param=bert.encoder.layer.4.output.dense.bias]      
Loading weights:  42%|████▏     | 84/199 [00:00<00:00, 1871.32it/s, Materializing param=bert.encoder.layer.4.output.dense.bias]
Loading weights:  43%|████▎     | 85/199 [00:00<00:00, 1883.97it/s, Materializing param=bert.encoder.layer.4.output.dense.weight]
Loading weights:  43%|████▎     | 85/199 [00:00<00:00, 1881.17it/s, Materializing param=bert.encoder.layer.4.output.dense.weight]
Loading weights:  43%|████▎     | 86/199 [00:00<00:00, 1898.66it/s, Materializing param=bert.encoder.layer.5.attention.output.LayerNorm.bias]
Loading weights:  43%|████▎     | 86/199 [00:00<00:00, 1896.36it/s, Materializing param=bert.encoder.layer.5.attention.output.LayerNorm.bias]
Loading weights:  44%|████▎     | 87/199 [00:00<00:00, 1910.98it/s, Materializing param=bert.encoder.layer.5.attention.output.LayerNorm.weight]
Loading weights:  44%|████▎     | 87/199 [00:00<00:00, 1907.58it/s, Materializing param=bert.encoder.layer.5.attention.output.LayerNorm.weight]
Loading weights:  44%|████▍     | 88/199 [00:00<00:00, 1924.42it/s, Materializing param=bert.encoder.layer.5.attention.output.dense.bias]      
Loading weights:  44%|████▍     | 88/199 [00:00<00:00, 1922.19it/s, Materializing param=bert.encoder.layer.5.attention.output.dense.bias]
Loading weights:  45%|████▍     | 89/199 [00:00<00:00, 1932.58it/s, Materializing param=bert.encoder.layer.5.attention.output.dense.weight]
Loading weights:  45%|████▍     | 89/199 [00:00<00:00, 1929.13it/s, Materializing param=bert.encoder.layer.5.attention.output.dense.weight]
Loading weights:  45%|████▌     | 90/199 [00:00<00:00, 1945.52it/s, Materializing param=bert.encoder.layer.5.attention.self.key.bias]      
Loading weights:  45%|████▌     | 90/199 [00:00<00:00, 1941.31it/s, Materializing param=bert.encoder.layer.5.attention.self.key.bias]
Loading weights:  46%|████▌     | 91/199 [00:00<00:00, 1955.40it/s, Materializing param=bert.encoder.layer.5.attention.self.key.weight]
Loading weights:  46%|████▌     | 91/199 [00:00<00:00, 1952.90it/s, Materializing param=bert.encoder.layer.5.attention.self.key.weight]
Loading weights:  46%|████▌     | 92/199 [00:00<00:00, 1969.97it/s, Materializing param=bert.encoder.layer.5.attention.self.query.bias]
Loading weights:  46%|████▌     | 92/199 [00:00<00:00, 1966.07it/s, Materializing param=bert.encoder.layer.5.attention.self.query.bias]
Loading weights:  47%|████▋     | 93/199 [00:00<00:00, 1976.29it/s, Materializing param=bert.encoder.layer.5.attention.self.query.weight]
Loading weights:  47%|████▋     | 93/199 [00:00<00:00, 1970.45it/s, Materializing param=bert.encoder.layer.5.attention.self.query.weight]
Loading weights:  47%|████▋     | 94/199 [00:00<00:00, 1980.01it/s, Materializing param=bert.encoder.layer.5.attention.self.value.bias]  
Loading weights:  47%|████▋     | 94/199 [00:00<00:00, 1977.05it/s, Materializing param=bert.encoder.layer.5.attention.self.value.bias]
Loading weights:  48%|████▊     | 95/199 [00:00<00:00, 1993.15it/s, Materializing param=bert.encoder.layer.5.attention.self.value.weight]
Loading weights:  48%|████▊     | 95/199 [00:00<00:00, 1990.75it/s, Materializing param=bert.encoder.layer.5.attention.self.value.weight]
Loading weights:  48%|████▊     | 96/199 [00:00<00:00, 2001.02it/s, Materializing param=bert.encoder.layer.5.intermediate.dense.bias]    
Loading weights:  48%|████▊     | 96/199 [00:00<00:00, 1998.14it/s, Materializing param=bert.encoder.layer.5.intermediate.dense.bias]
Loading weights:  49%|████▊     | 97/199 [00:00<00:00, 2014.18it/s, Materializing param=bert.encoder.layer.5.intermediate.dense.weight]
Loading weights:  49%|████▊     | 97/199 [00:00<00:00, 2008.41it/s, Materializing param=bert.encoder.layer.5.intermediate.dense.weight]
Loading weights:  49%|████▉     | 98/199 [00:00<00:00, 2019.55it/s, Materializing param=bert.encoder.layer.5.output.LayerNorm.bias]    
Loading weights:  49%|████▉     | 98/199 [00:00<00:00, 2016.07it/s, Materializing param=bert.encoder.layer.5.output.LayerNorm.bias]
Loading weights:  50%|████▉     | 99/199 [00:00<00:00, 2030.19it/s, Materializing param=bert.encoder.layer.5.output.LayerNorm.weight]
Loading weights:  50%|████▉     | 99/199 [00:00<00:00, 2025.31it/s, Materializing param=bert.encoder.layer.5.output.LayerNorm.weight]
Loading weights:  50%|█████     | 100/199 [00:00<00:00, 2039.52it/s, Materializing param=bert.encoder.layer.5.output.dense.bias]     
Loading weights:  50%|█████     | 100/199 [00:00<00:00, 2037.24it/s, Materializing param=bert.encoder.layer.5.output.dense.bias]
Loading weights:  51%|█████     | 101/199 [00:00<00:00, 2051.59it/s, Materializing param=bert.encoder.layer.5.output.dense.weight]
Loading weights:  51%|█████     | 101/199 [00:00<00:00, 2047.11it/s, Materializing param=bert.encoder.layer.5.output.dense.weight]
Loading weights:  51%|█████▏    | 102/199 [00:00<00:00, 2057.95it/s, Materializing param=bert.encoder.layer.6.attention.output.LayerNorm.bias]
Loading weights:  51%|█████▏    | 102/199 [00:00<00:00, 2052.79it/s, Materializing param=bert.encoder.layer.6.attention.output.LayerNorm.bias]
Loading weights:  52%|█████▏    | 103/199 [00:00<00:00, 2063.15it/s, Materializing param=bert.encoder.layer.6.attention.output.LayerNorm.weight]
Loading weights:  52%|█████▏    | 103/199 [00:00<00:00, 2060.38it/s, Materializing param=bert.encoder.layer.6.attention.output.LayerNorm.weight]
Loading weights:  52%|█████▏    | 104/199 [00:00<00:00, 2072.79it/s, Materializing param=bert.encoder.layer.6.attention.output.dense.bias]      
Loading weights:  52%|█████▏    | 104/199 [00:00<00:00, 2069.62it/s, Materializing param=bert.encoder.layer.6.attention.output.dense.bias]
Loading weights:  53%|█████▎    | 105/199 [00:00<00:00, 2079.83it/s, Materializing param=bert.encoder.layer.6.attention.output.dense.weight]
Loading weights:  53%|█████▎    | 105/199 [00:00<00:00, 2073.98it/s, Materializing param=bert.encoder.layer.6.attention.output.dense.weight]
Loading weights:  53%|█████▎    | 106/199 [00:00<00:00, 2087.73it/s, Materializing param=bert.encoder.layer.6.attention.self.key.bias]      
Loading weights:  53%|█████▎    | 106/199 [00:00<00:00, 2083.01it/s, Materializing param=bert.encoder.layer.6.attention.self.key.bias]
Loading weights:  54%|█████▍    | 107/199 [00:00<00:00, 2094.94it/s, Materializing param=bert.encoder.layer.6.attention.self.key.weight]
Loading weights:  54%|█████▍    | 107/199 [00:00<00:00, 2090.95it/s, Materializing param=bert.encoder.layer.6.attention.self.key.weight]
Loading weights:  54%|█████▍    | 108/199 [00:00<00:00, 2104.93it/s, Materializing param=bert.encoder.layer.6.attention.self.query.bias]
Loading weights:  54%|█████▍    | 108/199 [00:00<00:00, 2102.54it/s, Materializing param=bert.encoder.layer.6.attention.self.query.bias]
Loading weights:  55%|█████▍    | 109/199 [00:00<00:00, 2113.48it/s, Materializing param=bert.encoder.layer.6.attention.self.query.weight]
Loading weights:  55%|█████▍    | 109/199 [00:00<00:00, 2108.24it/s, Materializing param=bert.encoder.layer.6.attention.self.query.weight]
Loading weights:  55%|█████▌    | 110/199 [00:00<00:00, 2116.54it/s, Materializing param=bert.encoder.layer.6.attention.self.value.bias]  
Loading weights:  55%|█████▌    | 110/199 [00:00<00:00, 2111.64it/s, Materializing param=bert.encoder.layer.6.attention.self.value.bias]
Loading weights:  56%|█████▌    | 111/199 [00:00<00:00, 2124.73it/s, Materializing param=bert.encoder.layer.6.attention.self.value.weight]
Loading weights:  56%|█████▌    | 111/199 [00:00<00:00, 2122.25it/s, Materializing param=bert.encoder.layer.6.attention.self.value.weight]
Loading weights:  56%|█████▋    | 112/199 [00:00<00:00, 2134.30it/s, Materializing param=bert.encoder.layer.6.intermediate.dense.bias]    
Loading weights:  56%|█████▋    | 112/199 [00:00<00:00, 2128.05it/s, Materializing param=bert.encoder.layer.6.intermediate.dense.bias]
Loading weights:  57%|█████▋    | 113/199 [00:00<00:00, 2140.68it/s, Materializing param=bert.encoder.layer.6.intermediate.dense.weight]
Loading weights:  57%|█████▋    | 113/199 [00:00<00:00, 2134.29it/s, Materializing param=bert.encoder.layer.6.intermediate.dense.weight]
Loading weights:  57%|█████▋    | 114/199 [00:00<00:00, 2146.32it/s, Materializing param=bert.encoder.layer.6.output.LayerNorm.bias]    
Loading weights:  57%|█████▋    | 114/199 [00:00<00:00, 2143.87it/s, Materializing param=bert.encoder.layer.6.output.LayerNorm.bias]
Loading weights:  58%|█████▊    | 115/199 [00:00<00:00, 2158.29it/s, Materializing param=bert.encoder.layer.6.output.LayerNorm.weight]
Loading weights:  58%|█████▊    | 115/199 [00:00<00:00, 2153.35it/s, Materializing param=bert.encoder.layer.6.output.LayerNorm.weight]
Loading weights:  58%|█████▊    | 116/199 [00:00<00:00, 2166.01it/s, Materializing param=bert.encoder.layer.6.output.dense.bias]      
Loading weights:  58%|█████▊    | 116/199 [00:00<00:00, 2161.09it/s, Materializing param=bert.encoder.layer.6.output.dense.bias]
Loading weights:  59%|█████▉    | 117/199 [00:00<00:00, 2168.59it/s, Materializing param=bert.encoder.layer.6.output.dense.weight]
Loading weights:  59%|█████▉    | 117/199 [00:00<00:00, 2165.81it/s, Materializing param=bert.encoder.layer.6.output.dense.weight]
Loading weights:  59%|█████▉    | 118/199 [00:00<00:00, 2179.74it/s, Materializing param=bert.encoder.layer.7.attention.output.LayerNorm.bias]
Loading weights:  59%|█████▉    | 118/199 [00:00<00:00, 2176.58it/s, Materializing param=bert.encoder.layer.7.attention.output.LayerNorm.bias]
Loading weights:  60%|█████▉    | 119/199 [00:00<00:00, 2186.95it/s, Materializing param=bert.encoder.layer.7.attention.output.LayerNorm.weight]
Loading weights:  60%|█████▉    | 119/199 [00:00<00:00, 2184.34it/s, Materializing param=bert.encoder.layer.7.attention.output.LayerNorm.weight]
Loading weights:  60%|██████    | 120/199 [00:00<00:00, 2195.75it/s, Materializing param=bert.encoder.layer.7.attention.output.dense.bias]      
Loading weights:  60%|██████    | 120/199 [00:00<00:00, 2191.04it/s, Materializing param=bert.encoder.layer.7.attention.output.dense.bias]
Loading weights:  61%|██████    | 121/199 [00:00<00:00, 2200.86it/s, Materializing param=bert.encoder.layer.7.attention.output.dense.weight]
Loading weights:  61%|██████    | 121/199 [00:00<00:00, 2198.46it/s, Materializing param=bert.encoder.layer.7.attention.output.dense.weight]
Loading weights:  61%|██████▏   | 122/199 [00:00<00:00, 2209.73it/s, Materializing param=bert.encoder.layer.7.attention.self.key.bias]      
Loading weights:  61%|██████▏   | 122/199 [00:00<00:00, 2206.32it/s, Materializing param=bert.encoder.layer.7.attention.self.key.bias]
Loading weights:  62%|██████▏   | 123/199 [00:00<00:00, 2219.49it/s, Materializing param=bert.encoder.layer.7.attention.self.key.weight]
Loading weights:  62%|██████▏   | 123/199 [00:00<00:00, 2217.32it/s, Materializing param=bert.encoder.layer.7.attention.self.key.weight]
Loading weights:  62%|██████▏   | 124/199 [00:00<00:00, 2227.88it/s, Materializing param=bert.encoder.layer.7.attention.self.query.bias]
Loading weights:  62%|██████▏   | 124/199 [00:00<00:00, 2223.17it/s, Materializing param=bert.encoder.layer.7.attention.self.query.bias]
Loading weights:  63%|██████▎   | 125/199 [00:00<00:00, 2231.30it/s, Materializing param=bert.encoder.layer.7.attention.self.query.weight]
Loading weights:  63%|██████▎   | 125/199 [00:00<00:00, 2226.56it/s, Materializing param=bert.encoder.layer.7.attention.self.query.weight]
Loading weights:  63%|██████▎   | 126/199 [00:00<00:00, 2238.16it/s, Materializing param=bert.encoder.layer.7.attention.self.value.bias]  
Loading weights:  63%|██████▎   | 126/199 [00:00<00:00, 2235.83it/s, Materializing param=bert.encoder.layer.7.attention.self.value.bias]
Loading weights:  64%|██████▍   | 127/199 [00:00<00:00, 2246.25it/s, Materializing param=bert.encoder.layer.7.attention.self.value.weight]
Loading weights:  64%|██████▍   | 127/199 [00:00<00:00, 2243.08it/s, Materializing param=bert.encoder.layer.7.attention.self.value.weight]
Loading weights:  64%|██████▍   | 128/199 [00:00<00:00, 2252.48it/s, Materializing param=bert.encoder.layer.7.intermediate.dense.bias]    
Loading weights:  64%|██████▍   | 128/199 [00:00<00:00, 2247.22it/s, Materializing param=bert.encoder.layer.7.intermediate.dense.bias]
Loading weights:  65%|██████▍   | 129/199 [00:00<00:00, 2256.24it/s, Materializing param=bert.encoder.layer.7.intermediate.dense.weight]
Loading weights:  65%|██████▍   | 129/199 [00:00<00:00, 2253.66it/s, Materializing param=bert.encoder.layer.7.intermediate.dense.weight]
Loading weights:  65%|██████▌   | 130/199 [00:00<00:00, 2266.31it/s, Materializing param=bert.encoder.layer.7.output.LayerNorm.bias]    
Loading weights:  65%|██████▌   | 130/199 [00:00<00:00, 2261.66it/s, Materializing param=bert.encoder.layer.7.output.LayerNorm.bias]
Loading weights:  66%|██████▌   | 131/199 [00:00<00:00, 2271.92it/s, Materializing param=bert.encoder.layer.7.output.LayerNorm.weight]
Loading weights:  66%|██████▌   | 131/199 [00:00<00:00, 2269.42it/s, Materializing param=bert.encoder.layer.7.output.LayerNorm.weight]
Loading weights:  66%|██████▋   | 132/199 [00:00<00:00, 2277.79it/s, Materializing param=bert.encoder.layer.7.output.dense.bias]      
Loading weights:  66%|██████▋   | 132/199 [00:00<00:00, 2270.15it/s, Materializing param=bert.encoder.layer.7.output.dense.bias]
Loading weights:  67%|██████▋   | 133/199 [00:00<00:00, 2279.44it/s, Materializing param=bert.encoder.layer.7.output.dense.weight]
Loading weights:  67%|██████▋   | 133/199 [00:00<00:00, 2272.41it/s, Materializing param=bert.encoder.layer.7.output.dense.weight]
Loading weights:  67%|██████▋   | 134/199 [00:00<00:00, 2282.94it/s, Materializing param=bert.encoder.layer.8.attention.output.LayerNorm.bias]
Loading weights:  67%|██████▋   | 134/199 [00:00<00:00, 2280.47it/s, Materializing param=bert.encoder.layer.8.attention.output.LayerNorm.bias]
Loading weights:  68%|██████▊   | 135/199 [00:00<00:00, 2287.14it/s, Materializing param=bert.encoder.layer.8.attention.output.LayerNorm.weight]
Loading weights:  68%|██████▊   | 135/199 [00:00<00:00, 2282.23it/s, Materializing param=bert.encoder.layer.8.attention.output.LayerNorm.weight]
Loading weights:  68%|██████▊   | 136/199 [00:00<00:00, 2290.42it/s, Materializing param=bert.encoder.layer.8.attention.output.dense.bias]      
Loading weights:  68%|██████▊   | 136/199 [00:00<00:00, 2286.92it/s, Materializing param=bert.encoder.layer.8.attention.output.dense.bias]
Loading weights:  69%|██████▉   | 137/199 [00:00<00:00, 2298.66it/s, Materializing param=bert.encoder.layer.8.attention.output.dense.weight]
Loading weights:  69%|██████▉   | 137/199 [00:00<00:00, 2296.48it/s, Materializing param=bert.encoder.layer.8.attention.output.dense.weight]
Loading weights:  69%|██████▉   | 138/199 [00:00<00:00, 2303.45it/s, Materializing param=bert.encoder.layer.8.attention.self.key.bias]      
Loading weights:  69%|██████▉   | 138/199 [00:00<00:00, 2298.65it/s, Materializing param=bert.encoder.layer.8.attention.self.key.bias]
Loading weights:  70%|██████▉   | 139/199 [00:00<00:00, 2305.14it/s, Materializing param=bert.encoder.layer.8.attention.self.key.weight]
Loading weights:  70%|██████▉   | 139/199 [00:00<00:00, 2302.31it/s, Materializing param=bert.encoder.layer.8.attention.self.key.weight]
Loading weights:  70%|███████   | 140/199 [00:00<00:00, 2314.10it/s, Materializing param=bert.encoder.layer.8.attention.self.query.bias]
Loading weights:  70%|███████   | 140/199 [00:00<00:00, 2311.99it/s, Materializing param=bert.encoder.layer.8.attention.self.query.bias]
Loading weights:  71%|███████   | 141/199 [00:00<00:00, 2320.43it/s, Materializing param=bert.encoder.layer.8.attention.self.query.weight]
Loading weights:  71%|███████   | 141/199 [00:00<00:00, 2315.59it/s, Materializing param=bert.encoder.layer.8.attention.self.query.weight]
Loading weights:  71%|███████▏  | 142/199 [00:00<00:00, 2325.95it/s, Materializing param=bert.encoder.layer.8.attention.self.value.bias]  
Loading weights:  71%|███████▏  | 142/199 [00:00<00:00, 2321.62it/s, Materializing param=bert.encoder.layer.8.attention.self.value.bias]
Loading weights:  72%|███████▏  | 143/199 [00:00<00:00, 2329.30it/s, Materializing param=bert.encoder.layer.8.attention.self.value.weight]
Loading weights:  72%|███████▏  | 143/199 [00:00<00:00, 2325.82it/s, Materializing param=bert.encoder.layer.8.attention.self.value.weight]
Loading weights:  72%|███████▏  | 144/199 [00:00<00:00, 2334.23it/s, Materializing param=bert.encoder.layer.8.intermediate.dense.bias]    
Loading weights:  72%|███████▏  | 144/199 [00:00<00:00, 2331.73it/s, Materializing param=bert.encoder.layer.8.intermediate.dense.bias]
Loading weights:  73%|███████▎  | 145/199 [00:00<00:00, 2338.70it/s, Materializing param=bert.encoder.layer.8.intermediate.dense.weight]
Loading weights:  73%|███████▎  | 145/199 [00:00<00:00, 2333.34it/s, Materializing param=bert.encoder.layer.8.intermediate.dense.weight]
Loading weights:  73%|███████▎  | 146/199 [00:00<00:00, 2343.37it/s, Materializing param=bert.encoder.layer.8.output.LayerNorm.bias]    
Loading weights:  73%|███████▎  | 146/199 [00:00<00:00, 2339.27it/s, Materializing param=bert.encoder.layer.8.output.LayerNorm.bias]
Loading weights:  74%|███████▍  | 147/199 [00:00<00:00, 2348.17it/s, Materializing param=bert.encoder.layer.8.output.LayerNorm.weight]
Loading weights:  74%|███████▍  | 147/199 [00:00<00:00, 2345.85it/s, Materializing param=bert.encoder.layer.8.output.LayerNorm.weight]
Loading weights:  74%|███████▍  | 148/199 [00:00<00:00, 2356.78it/s, Materializing param=bert.encoder.layer.8.output.dense.bias]      
Loading weights:  74%|███████▍  | 148/199 [00:00<00:00, 2351.66it/s, Materializing param=bert.encoder.layer.8.output.dense.bias]
Loading weights:  75%|███████▍  | 149/199 [00:00<00:00, 2361.17it/s, Materializing param=bert.encoder.layer.8.output.dense.weight]
Loading weights:  75%|███████▍  | 149/199 [00:00<00:00, 2356.95it/s, Materializing param=bert.encoder.layer.8.output.dense.weight]
Loading weights:  75%|███████▌  | 150/199 [00:00<00:00, 2363.06it/s, Materializing param=bert.encoder.layer.9.attention.output.LayerNorm.bias]
Loading weights:  75%|███████▌  | 150/199 [00:00<00:00, 2360.34it/s, Materializing param=bert.encoder.layer.9.attention.output.LayerNorm.bias]
Loading weights:  76%|███████▌  | 151/199 [00:00<00:00, 2371.46it/s, Materializing param=bert.encoder.layer.9.attention.output.LayerNorm.weight]
Loading weights:  76%|███████▌  | 151/199 [00:00<00:00, 2365.71it/s, Materializing param=bert.encoder.layer.9.attention.output.LayerNorm.weight]
Loading weights:  76%|███████▋  | 152/199 [00:00<00:00, 2374.65it/s, Materializing param=bert.encoder.layer.9.attention.output.dense.bias]      
Loading weights:  76%|███████▋  | 152/199 [00:00<00:00, 2372.34it/s, Materializing param=bert.encoder.layer.9.attention.output.dense.bias]
Loading weights:  77%|███████▋  | 153/199 [00:00<00:00, 2380.90it/s, Materializing param=bert.encoder.layer.9.attention.output.dense.weight]
Loading weights:  77%|███████▋  | 153/199 [00:00<00:00, 2375.82it/s, Materializing param=bert.encoder.layer.9.attention.output.dense.weight]
Loading weights:  77%|███████▋  | 154/199 [00:00<00:00, 2384.65it/s, Materializing param=bert.encoder.layer.9.attention.self.key.bias]      
Loading weights:  77%|███████▋  | 154/199 [00:00<00:00, 2382.43it/s, Materializing param=bert.encoder.layer.9.attention.self.key.bias]
Loading weights:  78%|███████▊  | 155/199 [00:00<00:00, 2387.20it/s, Materializing param=bert.encoder.layer.9.attention.self.key.weight]
Loading weights:  78%|███████▊  | 155/199 [00:00<00:00, 2384.52it/s, Materializing param=bert.encoder.layer.9.attention.self.key.weight]
Loading weights:  78%|███████▊  | 156/199 [00:00<00:00, 2395.17it/s, Materializing param=bert.encoder.layer.9.attention.self.query.bias]
Loading weights:  78%|███████▊  | 156/199 [00:00<00:00, 2389.66it/s, Materializing param=bert.encoder.layer.9.attention.self.query.bias]
Loading weights:  79%|███████▉  | 157/199 [00:00<00:00, 2394.31it/s, Materializing param=bert.encoder.layer.9.attention.self.query.weight]
Loading weights:  79%|███████▉  | 157/199 [00:00<00:00, 2390.84it/s, Materializing param=bert.encoder.layer.9.attention.self.query.weight]
Loading weights:  79%|███████▉  | 158/199 [00:00<00:00, 2396.65it/s, Materializing param=bert.encoder.layer.9.attention.self.value.bias]  
Loading weights:  79%|███████▉  | 158/199 [00:00<00:00, 2394.10it/s, Materializing param=bert.encoder.layer.9.attention.self.value.bias]
Loading weights:  80%|███████▉  | 159/199 [00:00<00:00, 2403.63it/s, Materializing param=bert.encoder.layer.9.attention.self.value.weight]
Loading weights:  80%|███████▉  | 159/199 [00:00<00:00, 2399.69it/s, Materializing param=bert.encoder.layer.9.attention.self.value.weight]
Loading weights:  80%|████████  | 160/199 [00:00<00:00, 2409.94it/s, Materializing param=bert.encoder.layer.9.intermediate.dense.bias]    
Loading weights:  80%|████████  | 160/199 [00:00<00:00, 2405.37it/s, Materializing param=bert.encoder.layer.9.intermediate.dense.bias]
Loading weights:  81%|████████  | 161/199 [00:00<00:00, 2411.50it/s, Materializing param=bert.encoder.layer.9.intermediate.dense.weight]
Loading weights:  81%|████████  | 161/199 [00:00<00:00, 2406.63it/s, Materializing param=bert.encoder.layer.9.intermediate.dense.weight]
Loading weights:  81%|████████▏ | 162/199 [00:00<00:00, 2414.79it/s, Materializing param=bert.encoder.layer.9.output.LayerNorm.bias]    
Loading weights:  81%|████████▏ | 162/199 [00:00<00:00, 2410.87it/s, Materializing param=bert.encoder.layer.9.output.LayerNorm.bias]
Loading weights:  82%|████████▏ | 163/199 [00:00<00:00, 2420.32it/s, Materializing param=bert.encoder.layer.9.output.LayerNorm.weight]
Loading weights:  82%|████████▏ | 163/199 [00:00<00:00, 2417.14it/s, Materializing param=bert.encoder.layer.9.output.LayerNorm.weight]
Loading weights:  82%|████████▏ | 164/199 [00:00<00:00, 2423.21it/s, Materializing param=bert.encoder.layer.9.output.dense.bias]      
Loading weights:  82%|████████▏ | 164/199 [00:00<00:00, 2420.35it/s, Materializing param=bert.encoder.layer.9.output.dense.bias]
Loading weights:  83%|████████▎ | 165/199 [00:00<00:00, 2425.57it/s, Materializing param=bert.encoder.layer.9.output.dense.weight]
Loading weights:  83%|████████▎ | 165/199 [00:00<00:00, 2422.19it/s, Materializing param=bert.encoder.layer.9.output.dense.weight]
Loading weights:  83%|████████▎ | 166/199 [00:00<00:00, 2432.39it/s, Materializing param=bert.encoder.layer.10.attention.output.LayerNorm.bias]
Loading weights:  83%|████████▎ | 166/199 [00:00<00:00, 2430.42it/s, Materializing param=bert.encoder.layer.10.attention.output.LayerNorm.bias]
Loading weights:  84%|████████▍ | 167/199 [00:00<00:00, 2436.59it/s, Materializing param=bert.encoder.layer.10.attention.output.LayerNorm.weight]
Loading weights:  84%|████████▍ | 167/199 [00:00<00:00, 2431.58it/s, Materializing param=bert.encoder.layer.10.attention.output.LayerNorm.weight]
Loading weights:  84%|████████▍ | 168/199 [00:00<00:00, 2437.07it/s, Materializing param=bert.encoder.layer.10.attention.output.dense.bias]      
Loading weights:  84%|████████▍ | 168/199 [00:00<00:00, 2434.07it/s, Materializing param=bert.encoder.layer.10.attention.output.dense.bias]
Loading weights:  85%|████████▍ | 169/199 [00:00<00:00, 2444.01it/s, Materializing param=bert.encoder.layer.10.attention.output.dense.weight]
Loading weights:  85%|████████▍ | 169/199 [00:00<00:00, 2441.99it/s, Materializing param=bert.encoder.layer.10.attention.output.dense.weight]
Loading weights:  85%|████████▌ | 170/199 [00:00<00:00, 2452.75it/s, Materializing param=bert.encoder.layer.10.attention.self.key.bias]      
Loading weights:  85%|████████▌ | 170/199 [00:00<00:00, 2448.10it/s, Materializing param=bert.encoder.layer.10.attention.self.key.bias]
Loading weights:  86%|████████▌ | 171/199 [00:00<00:00, 2455.09it/s, Materializing param=bert.encoder.layer.10.attention.self.key.weight]
Loading weights:  86%|████████▌ | 171/199 [00:00<00:00, 2450.70it/s, Materializing param=bert.encoder.layer.10.attention.self.key.weight]
Loading weights:  86%|████████▋ | 172/199 [00:00<00:00, 2456.55it/s, Materializing param=bert.encoder.layer.10.attention.self.query.bias]
Loading weights:  86%|████████▋ | 172/199 [00:00<00:00, 2454.30it/s, Materializing param=bert.encoder.layer.10.attention.self.query.bias]
Loading weights:  87%|████████▋ | 173/199 [00:00<00:00, 2464.74it/s, Materializing param=bert.encoder.layer.10.attention.self.query.weight]
Loading weights:  87%|████████▋ | 173/199 [00:00<00:00, 2459.87it/s, Materializing param=bert.encoder.layer.10.attention.self.query.weight]
Loading weights:  87%|████████▋ | 174/199 [00:00<00:00, 2467.78it/s, Materializing param=bert.encoder.layer.10.attention.self.value.bias]  
Loading weights:  87%|████████▋ | 174/199 [00:00<00:00, 2463.82it/s, Materializing param=bert.encoder.layer.10.attention.self.value.bias]
Loading weights:  88%|████████▊ | 175/199 [00:00<00:00, 2468.05it/s, Materializing param=bert.encoder.layer.10.attention.self.value.weight]
Loading weights:  88%|████████▊ | 175/199 [00:00<00:00, 2465.44it/s, Materializing param=bert.encoder.layer.10.attention.self.value.weight]
Loading weights:  88%|████████▊ | 176/199 [00:00<00:00, 2475.13it/s, Materializing param=bert.encoder.layer.10.intermediate.dense.bias]    
Loading weights:  88%|████████▊ | 176/199 [00:00<00:00, 2470.21it/s, Materializing param=bert.encoder.layer.10.intermediate.dense.bias]
Loading weights:  89%|████████▉ | 177/199 [00:00<00:00, 2478.69it/s, Materializing param=bert.encoder.layer.10.intermediate.dense.weight]
Loading weights:  89%|████████▉ | 177/199 [00:00<00:00, 2476.62it/s, Materializing param=bert.encoder.layer.10.intermediate.dense.weight]
Loading weights:  89%|████████▉ | 178/199 [00:00<00:00, 2482.34it/s, Materializing param=bert.encoder.layer.10.output.LayerNorm.bias]    
Loading weights:  89%|████████▉ | 178/199 [00:00<00:00, 2477.08it/s, Materializing param=bert.encoder.layer.10.output.LayerNorm.bias]
Loading weights:  90%|████████▉ | 179/199 [00:00<00:00, 2485.11it/s, Materializing param=bert.encoder.layer.10.output.LayerNorm.weight]
Loading weights:  90%|████████▉ | 179/199 [00:00<00:00, 2483.04it/s, Materializing param=bert.encoder.layer.10.output.LayerNorm.weight]
Loading weights:  90%|█████████ | 180/199 [00:00<00:00, 2488.86it/s, Materializing param=bert.encoder.layer.10.output.dense.bias]      
Loading weights:  90%|█████████ | 180/199 [00:00<00:00, 2486.59it/s, Materializing param=bert.encoder.layer.10.output.dense.bias]
Loading weights:  91%|█████████ | 181/199 [00:00<00:00, 2496.54it/s, Materializing param=bert.encoder.layer.10.output.dense.weight]
Loading weights:  91%|█████████ | 181/199 [00:00<00:00, 2492.30it/s, Materializing param=bert.encoder.layer.10.output.dense.weight]
Loading weights:  91%|█████████▏| 182/199 [00:00<00:00, 2496.59it/s, Materializing param=bert.encoder.layer.11.attention.output.LayerNorm.bias]
Loading weights:  91%|█████████▏| 182/199 [00:00<00:00, 2494.04it/s, Materializing param=bert.encoder.layer.11.attention.output.LayerNorm.bias]
Loading weights:  92%|█████████▏| 183/199 [00:00<00:00, 2500.15it/s, Materializing param=bert.encoder.layer.11.attention.output.LayerNorm.weight]
Loading weights:  92%|█████████▏| 183/199 [00:00<00:00, 2497.65it/s, Materializing param=bert.encoder.layer.11.attention.output.LayerNorm.weight]
Loading weights:  92%|█████████▏| 184/199 [00:00<00:00, 2507.15it/s, Materializing param=bert.encoder.layer.11.attention.output.dense.bias]      
Loading weights:  92%|█████████▏| 184/199 [00:00<00:00, 2505.29it/s, Materializing param=bert.encoder.layer.11.attention.output.dense.bias]
Loading weights:  93%|█████████▎| 185/199 [00:00<00:00, 2510.05it/s, Materializing param=bert.encoder.layer.11.attention.output.dense.weight]
Loading weights:  93%|█████████▎| 185/199 [00:00<00:00, 2504.56it/s, Materializing param=bert.encoder.layer.11.attention.output.dense.weight]
Loading weights:  93%|█████████▎| 186/199 [00:00<00:00, 2510.26it/s, Materializing param=bert.encoder.layer.11.attention.self.key.bias]      
Loading weights:  93%|█████████▎| 186/199 [00:00<00:00, 2507.32it/s, Materializing param=bert.encoder.layer.11.attention.self.key.bias]
Loading weights:  94%|█████████▍| 187/199 [00:00<00:00, 2516.37it/s, Materializing param=bert.encoder.layer.11.attention.self.key.weight]
Loading weights:  94%|█████████▍| 187/199 [00:00<00:00, 2514.45it/s, Materializing param=bert.encoder.layer.11.attention.self.key.weight]
Loading weights:  94%|█████████▍| 188/199 [00:00<00:00, 2519.55it/s, Materializing param=bert.encoder.layer.11.attention.self.query.bias]
Loading weights:  94%|█████████▍| 188/199 [00:00<00:00, 2515.24it/s, Materializing param=bert.encoder.layer.11.attention.self.query.bias]
Loading weights:  95%|█████████▍| 189/199 [00:00<00:00, 2518.61it/s, Materializing param=bert.encoder.layer.11.attention.self.query.weight]
Loading weights:  95%|█████████▍| 189/199 [00:00<00:00, 2515.63it/s, Materializing param=bert.encoder.layer.11.attention.self.query.weight]
Loading weights:  95%|█████████▌| 190/199 [00:00<00:00, 2524.82it/s, Materializing param=bert.encoder.layer.11.attention.self.value.bias]  
Loading weights:  95%|█████████▌| 190/199 [00:00<00:00, 2522.99it/s, Materializing param=bert.encoder.layer.11.attention.self.value.bias]
Loading weights:  96%|█████████▌| 191/199 [00:00<00:00, 2528.69it/s, Materializing param=bert.encoder.layer.11.attention.self.value.weight]
Loading weights:  96%|█████████▌| 191/199 [00:00<00:00, 2524.65it/s, Materializing param=bert.encoder.layer.11.attention.self.value.weight]
Loading weights:  96%|█████████▋| 192/199 [00:00<00:00, 2527.47it/s, Materializing param=bert.encoder.layer.11.intermediate.dense.bias]    
Loading weights:  96%|█████████▋| 192/199 [00:00<00:00, 2524.55it/s, Materializing param=bert.encoder.layer.11.intermediate.dense.bias]
Loading weights:  97%|█████████▋| 193/199 [00:00<00:00, 2533.16it/s, Materializing param=bert.encoder.layer.11.intermediate.dense.weight]
Loading weights:  97%|█████████▋| 193/199 [00:00<00:00, 2531.11it/s, Materializing param=bert.encoder.layer.11.intermediate.dense.weight]
Loading weights:  97%|█████████▋| 194/199 [00:00<00:00, 2536.71it/s, Materializing param=bert.encoder.layer.11.output.LayerNorm.bias]    
Loading weights:  97%|█████████▋| 194/199 [00:00<00:00, 2534.24it/s, Materializing param=bert.encoder.layer.11.output.LayerNorm.bias]
Loading weights:  98%|█████████▊| 195/199 [00:00<00:00, 2541.82it/s, Materializing param=bert.encoder.layer.11.output.LayerNorm.weight]
Loading weights:  98%|█████████▊| 195/199 [00:00<00:00, 2536.87it/s, Materializing param=bert.encoder.layer.11.output.LayerNorm.weight]
Loading weights:  98%|█████████▊| 196/199 [00:00<00:00, 2541.34it/s, Materializing param=bert.encoder.layer.11.output.dense.bias]      
Loading weights:  98%|█████████▊| 196/199 [00:00<00:00, 2539.02it/s, Materializing param=bert.encoder.layer.11.output.dense.bias]
Loading weights:  99%|█████████▉| 197/199 [00:00<00:00, 2548.19it/s, Materializing param=bert.encoder.layer.11.output.dense.weight]
Loading weights:  99%|█████████▉| 197/199 [00:00<00:00, 2546.37it/s, Materializing param=bert.encoder.layer.11.output.dense.weight]
Loading weights:  99%|█████████▉| 198/199 [00:00<00:00, 2552.14it/s, Materializing param=bert.pooler.dense.bias]                   
Loading weights:  99%|█████████▉| 198/199 [00:00<00:00, 2549.58it/s, Materializing param=bert.pooler.dense.bias]
Loading weights: 100%|██████████| 199/199 [00:00<00:00, 2556.48it/s, Materializing param=bert.pooler.dense.weight]
Loading weights: 100%|██████████| 199/199 [00:00<00:00, 2552.24it/s, Materializing param=bert.pooler.dense.weight]
Loading weights: 100%|██████████| 199/199 [00:00<00:00, 2545.13it/s, Materializing param=bert.pooler.dense.weight]
BertForSequenceClassification LOAD REPORT from: neuralmind/bert-base-portuguese-cased
Key                                        | Status     | 
-------------------------------------------+------------+-
cls.predictions.transform.dense.bias       | UNEXPECTED | 
cls.seq_relationship.weight                | UNEXPECTED | 
cls.seq_relationship.bias                  | UNEXPECTED | 
cls.predictions.transform.LayerNorm.bias   | UNEXPECTED | 
cls.predictions.bias                       | UNEXPECTED | 
cls.predictions.decoder.weight             | UNEXPECTED | 
cls.predictions.transform.LayerNorm.weight | UNEXPECTED | 
cls.predictions.transform.dense.weight     | UNEXPECTED | 
classifier.weight                          | MISSING    | 
classifier.bias                            | MISSING    | 

Notes:
- UNEXPECTED	:can be ignored when loading from different task/architecture; not ok if you expect identical arch.
- MISSING	:those params were newly initialized because missing from the checkpoint. Consider training on your downstream task.
  época 1/3 passo 1/274 loss=6.4788
  época 1/3 passo 11/274 loss=6.2919
  época 1/3 passo 21/274 loss=6.0988
  época 1/3 passo 31/274 loss=5.9544
  época 1/3 passo 41/274 loss=5.7278
  época 1/3 passo 51/274 loss=5.7085
  época 1/3 passo 61/274 loss=5.3707
  época 1/3 passo 71/274 loss=5.2234
  época 1/3 passo 81/274 loss=5.1649
  época 1/3 passo 91/274 loss=5.0243
  época 1/3 passo 101/274 loss=4.8494
  época 1/3 passo 111/274 loss=4.7362
  época 1/3 passo 121/274 loss=4.5136
  época 1/3 passo 131/274 loss=4.2612
  época 1/3 passo 141/274 loss=4.3370
  época 1/3 passo 151/274 loss=3.9880
  época 1/3 passo 161/274 loss=4.0431
  época 1/3 passo 171/274 loss=3.5486
  época 1/3 passo 181/274 loss=3.8348
  época 1/3 passo 191/274 loss=3.3837
  época 1/3 passo 201/274 loss=3.5520
  época 1/3 passo 211/274 loss=3.3775
  época 1/3 passo 221/274 loss=3.4646
  época 1/3 passo 231/274 loss=2.9467
  época 1/3 passo 241/274 loss=3.0266
  época 1/3 passo 251/274 loss=2.7212
  época 1/3 passo 261/274 loss=3.0119
  época 1/3 passo 271/274 loss=2.8174
  época 1: loss médio 4.3791
  época 2/3 passo 1/274 loss=2.6407
  época 2/3 passo 11/274 loss=2.2523
  época 2/3 passo 21/274 loss=2.8208
  época 2/3 passo 31/274 loss=2.3986
  época 2/3 passo 41/274 loss=2.5152
  época 2/3 passo 51/274 loss=2.3730
  época 2/3 passo 61/274 loss=2.3885
  época 2/3 passo 71/274 loss=2.1474
  época 2/3 passo 81/274 loss=2.3066
  época 2/3 passo 91/274 loss=2.3752
  época 2/3 passo 101/274 loss=1.9290
  época 2/3 passo 111/274 loss=1.9825
  época 2/3 passo 121/274 loss=1.8818
  época 2/3 passo 131/274 loss=2.1325
  época 2/3 passo 141/274 loss=1.8977
  época 2/3 passo 151/274 loss=2.3513
  época 2/3 passo 161/274 loss=1.5259
  época 2/3 passo 171/274 loss=1.6177
  época 2/3 passo 181/274 loss=1.7733
  época 2/3 passo 191/274 loss=1.7252
  época 2/3 passo 201/274 loss=1.7970
  época 2/3 passo 211/274 loss=1.5898
  época 2/3 passo 221/274 loss=1.6429
  época 2/3 passo 231/274 loss=1.5765
  época 2/3 passo 241/274 loss=1.6776
  época 2/3 passo 251/274 loss=1.7307
  época 2/3 passo 261/274 loss=1.5546
  época 2/3 passo 271/274 loss=1.5892
  época 2: loss médio 2.0522
  época 3/3 passo 1/274 loss=1.2581
  época 3/3 passo 11/274 loss=1.3163
  época 3/3 passo 21/274 loss=1.4734
  época 3/3 passo 31/274 loss=1.5573
  época 3/3 passo 41/274 loss=1.2479
  época 3/3 passo 51/274 loss=1.4191
  época 3/3 passo 61/274 loss=1.4427
  época 3/3 passo 71/274 loss=1.1572
  época 3/3 passo 81/274 loss=1.3601
  época 3/3 passo 91/274 loss=1.2689
  época 3/3 passo 101/274 loss=1.2502
  época 3/3 passo 111/274 loss=1.4279
  época 3/3 passo 121/274 loss=1.2431
  época 3/3 passo 131/274 loss=1.2389
  época 3/3 passo 141/274 loss=1.1109
  época 3/3 passo 151/274 loss=1.2421
  época 3/3 passo 161/274 loss=1.1668
  época 3/3 passo 171/274 loss=1.0465
  época 3/3 passo 181/274 loss=1.2304
  época 3/3 passo 191/274 loss=1.2582
  época 3/3 passo 201/274 loss=1.2728
  época 3/3 passo 211/274 loss=1.2173
  época 3/3 passo 221/274 loss=1.1500
  época 3/3 passo 231/274 loss=1.1359
  época 3/3 passo 241/274 loss=1.0274
  época 3/3 passo 251/274 loss=0.9748
  época 3/3 passo 261/274 loss=1.2579
  época 3/3 passo 271/274 loss=0.9670
  época 3: loss médio 1.2687
  avaliação: 5000/177490
  avaliação: 10000/177490
  avaliação: 15000/177490
  avaliação: 20000/177490
  avaliação: 25000/177490
  avaliação: 30000/177490
  avaliação: 35000/177490
  avaliação: 40000/177490
  avaliação: 45000/177490
  avaliação: 50000/177490
  avaliação: 55000/177490
  avaliação: 60000/177490
  avaliação: 65000/177490
  avaliação: 70000/177490
  avaliação: 75000/177490
  avaliação: 80000/177490
  avaliação: 85000/177490
  avaliação: 90000/177490
  avaliação: 95000/177490
  avaliação: 100000/177490
  avaliação: 105000/177490
  avaliação: 110000/177490
  avaliação: 115000/177490
  avaliação: 120000/177490
  avaliação: 125000/177490
  avaliação: 130000/177490
  avaliação: 135000/177490
  avaliação: 140000/177490
  avaliação: 145000/177490
  avaliação: 150000/177490
  avaliação: 155000/177490
  avaliação: 160000/177490
  avaliação: 165000/177490
  avaliação: 170000/177490
  avaliação: 175000/177490
  avaliação: 177490/177490
{"arm": "E35", "fonte": "prefixo 35000 da trajetória de entropia do E6 (SGD), gold", "n_train": 35000, "n_train_classes": 648, "epochs": 3, "batch_size": 128, "max_length": 32, "seed": 7, "data_seed": 42, "eval_n": 177490, "eval_limit": 0, "accuracy": 0.8592, "accuracy_wilson95": [0.8575, 0.8608], "macro_f1": 0.344, "fit_seconds": 555.7, "predict_seconds": 306.4}
VARREDURA (n, F1, acc, braço) vs critério F1>=0.3582 / acc>=0.8244:
     E n= 15000 F1=0.2050 [--] acc=0.7005 [--] (30%)
   E20 n= 20000 F1=0.2533 [--] acc=0.7826 [--] (40%)
   E25 n= 25000 F1=0.3058 [--] acc=0.8310 [OK] (50%)
   E30 n= 30000 F1=0.3239 [--] acc=0.8443 [OK] (60%)
   E35 n= 35000 F1=0.3440 [--] acc=0.8592 [OK] (70%)
     D n= 50000 F1=0.3771 [OK] acc=0.8678 [OK] (100%)
