{
  "classifier": "pvbin",
  "config": {
    "seed": 42,
    "pool_size": 5000,
    "val_size": 1000,
    "test_size": 1000,
    "budget": 1000,
    "batch_size": 100,
    "min_per_class": 2,
    "oracle": {
      "provider": "nvidia",
      "model": "nvidia/nemotron-3-ultra-550b-a55b",
      "mode": "json-prompt",
      "items_per_call": 10
    }
  },
  "seed": 42,
  "phase_boundaries": {
    "fase1": 9,
    "fase2": 991,
    "fase3": 991
  },
  "lce_macro_f1": 0.6223,
  "final_macro_f1": 0.2832,
  "n_labeled": 991,
  "invalid_labels": 19,
  "oracle_calls": {
    "initial": 1010,
    "advanced": 0
  },
  "wall_seconds": 1379.3,
  "curve_test": [
    [
      9,
      0.008735798698043968
    ],
    [
      105,
      0.06623953230542642
    ],
    [
      204,
      0.1192374519606483
    ],
    [
      302,
      0.15291682645182553
    ],
    [
      398,
      0.16804994346308313
    ],
    [
      497,
      0.18490070669430353
    ],
    [
      596,
      0.20036680252106212
    ],
    [
      695,
      0.23039845203587067
    ],
    [
      792,
      0.23999482677468928
    ],
    [
      892,
      0.2590670425657439
    ],
    [
      991,
      0.28318553413712994
    ]
  ],
  "curve_val": [
    [
      9,
      0.009818147425616918
    ],
    [
      105,
      0.06253557943048854
    ],
    [
      204,
      0.11051933288918232
    ],
    [
      302,
      0.14691246332372693
    ],
    [
      398,
      0.18451467688946016
    ],
    [
      497,
      0.21049447174546398
    ],
    [
      596,
      0.21173301853435003
    ],
    [
      695,
      0.23752189755810005
    ],
    [
      792,
      0.24676165540195336
    ],
    [
      892,
      0.2691276869511446
    ],
    [
      991,
      0.2902409595253635
    ]
  ]
}