{
  "classifier": "sgd",
  "config": {
    "seed": 42,
    "pool_size": 5000,
    "val_size": 1000,
    "test_size": 1000,
    "budget": 1000,
    "batch_size": 100,
    "min_per_class": 2,
    "oracle": {
      "provider": "nvidia",
      "model": "nvidia/nemotron-3-ultra-550b-a55b",
      "mode": "json-prompt",
      "items_per_call": 10
    }
  },
  "seed": 42,
  "phase_boundaries": {
    "fase1": 10,
    "fase2": 982,
    "fase3": 982
  },
  "lce_macro_f1": 0.6049,
  "final_macro_f1": 0.3579,
  "n_labeled": 982,
  "invalid_labels": 28,
  "oracle_calls": {
    "initial": 1010,
    "advanced": 0
  },
  "wall_seconds": 1853.5,
  "curve_test": [
    [
      10,
      0.008797374756805677
    ],
    [
      106,
      0.06978042592066168
    ],
    [
      203,
      0.13712780006997108
    ],
    [
      302,
      0.15707235357483257
    ],
    [
      398,
      0.2045175379700733
    ],
    [
      498,
      0.2427305247466286
    ],
    [
      597,
      0.2773917019328732
    ],
    [
      694,
      0.29763566040411293
    ],
    [
      791,
      0.30561573359672106
    ],
    [
      887,
      0.3206901185148775
    ],
    [
      982,
      0.35792538568412735
    ]
  ],
  "curve_val": [
    [
      10,
      0.009686691446472568
    ],
    [
      106,
      0.08983465150354357
    ],
    [
      203,
      0.15704817308768473
    ],
    [
      302,
      0.20929422079358942
    ],
    [
      398,
      0.26260982332110483
    ],
    [
      498,
      0.2978022428126924
    ],
    [
      597,
      0.31048822140691057
    ],
    [
      694,
      0.3248666082376801
    ],
    [
      791,
      0.365486103016816
    ],
    [
      887,
      0.354322699757727
    ],
    [
      982,
      0.3926059901631832
    ]
  ]
}