{
  "classifier": "pvbin",
  "config": {
    "seed": 42,
    "pool_size": 50000,
    "val_size": 2000,
    "test_size": 2000,
    "budget": 15000,
    "batch_size": 100,
    "min_per_class": 2,
    "oracle": {
      "provider": "nvidia",
      "model": "nvidia/nemotron-3-ultra-550b-a55b",
      "mode": "json-prompt",
      "items_per_call": 50
    }
  },
  "seed": 42,
  "phase_boundaries": {
    "fase1": 148,
    "fase2": 6009,
    "fase3": 6009
  },
  "lce_macro_f1": 0.7609,
  "final_macro_f1": 0.4567,
  "n_labeled": 6009,
  "invalid_labels": 241,
  "oracle_calls": {
    "initial": 6250,
    "advanced": 0
  },
  "wall_seconds": 2823.9,
  "curve_test": [
    [
      148,
      0.102730942526873
    ],
    [
      241,
      0.13338931217460068
    ],
    [
      340,
      0.15369026244773634
    ],
    [
      440,
      0.1683749453848654
    ],
    [
      540,
      0.1770442928699361
    ],
    [
      640,
      0.18941985405772369
    ],
    [
      737,
      0.20689773347957344
    ],
    [
      835,
      0.2205743168721825
    ],
    [
      935,
      0.22413581585284684
    ],
    [
      1030,
      0.2437769431245458
    ],
    [
      1128,
      0.24394771921239305
    ],
    [
      1226,
      0.25576464592331843
    ],
    [
      1325,
      0.268710451042656
    ],
    [
      1424,
      0.2836328514113976
    ],
    [
      1517,
      0.2911121527150795
    ],
    [
      1614,
      0.2879216511227507
    ],
    [
      1713,
      0.2930146197948203
    ],
    [
      1812,
      0.3012957169634351
    ],
    [
      1911,
      0.3091783218456214
    ],
    [
      2007,
      0.31581474202291654
    ],
    [
      2105,
      0.32734847941363665
    ],
    [
      2205,
      0.33932829509804935
    ],
    [
      2302,
      0.33729175190113275
    ],
    [
      2401,
      0.34506569936593495
    ],
    [
      2497,
      0.3596215627624466
    ],
    [
      2593,
      0.3739006531460347
    ],
    [
      2692,
      0.3777270469589104
    ],
    [
      2790,
      0.38656722184321585
    ],
    [
      2888,
      0.38834609506324086
    ],
    [
      2987,
      0.39368798348499084
    ],
    [
      3087,
      0.39604213787435083
    ],
    [
      3183,
      0.3986983189679707
    ],
    [
      3280,
      0.40765884817124914
    ],
    [
      3337,
      0.4080601095301221
    ],
    [
      3434,
      0.4108455842275726
    ],
    [
      3534,
      0.40151486272998854
    ],
    [
      3628,
      0.4052665678551418
    ],
    [
      3726,
      0.40488137897257925
    ],
    [
      3820,
      0.4101389808398196
    ],
    [
      3916,
      0.41760193269551943
    ],
    [
      4014,
      0.4218855781389233
    ],
    [
      4112,
      0.4225863904566373
    ],
    [
      4201,
      0.4198200310774544
    ],
    [
      4294,
      0.427386742333414
    ],
    [
      4390,
      0.429404096628545
    ],
    [
      4439,
      0.42923828635593464
    ],
    [
      4538,
      0.436963544805753
    ],
    [
      4638,
      0.4369853587118535
    ],
    [
      4736,
      0.4444107900216644
    ],
    [
      4833,
      0.4489308789214919
    ],
    [
      4933,
      0.44437174029157367
    ],
    [
      5030,
      0.4467747642825222
    ],
    [
      5129,
      0.4453349159893169
    ],
    [
      5226,
      0.4486776900193274
    ],
    [
      5325,
      0.4510548470550046
    ],
    [
      5423,
      0.4557365856177416
    ],
    [
      5520,
      0.4570406298309036
    ],
    [
      5620,
      0.45092503187007493
    ],
    [
      5717,
      0.4500147437222534
    ],
    [
      5816,
      0.4515976984335856
    ],
    [
      5911,
      0.4541312116795075
    ],
    [
      6009,
      0.4566507250872458
    ]
  ],
  "curve_val": [
    [
      148,
      0.09451099532890833
    ],
    [
      241,
      0.11342100975580356
    ],
    [
      340,
      0.1265441877427345
    ],
    [
      440,
      0.15302365126513257
    ],
    [
      540,
      0.161256461169459
    ],
    [
      640,
      0.16859133970209997
    ],
    [
      737,
      0.18293546283704146
    ],
    [
      835,
      0.19759412661899983
    ],
    [
      935,
      0.2049315524182156
    ],
    [
      1030,
      0.20843892984341086
    ],
    [
      1128,
      0.2159065545208637
    ],
    [
      1226,
      0.2264127879388712
    ],
    [
      1325,
      0.22340414557787575
    ],
    [
      1424,
      0.22328107167623043
    ],
    [
      1517,
      0.23275763990032813
    ],
    [
      1614,
      0.24325148847930486
    ],
    [
      1713,
      0.2598077622201629
    ],
    [
      1812,
      0.273738468535218
    ],
    [
      1911,
      0.2740690374151854
    ],
    [
      2007,
      0.2892206117056998
    ],
    [
      2105,
      0.29735566288630255
    ],
    [
      2205,
      0.30568440353256854
    ],
    [
      2302,
      0.30908110944297873
    ],
    [
      2401,
      0.3119611841281317
    ],
    [
      2497,
      0.3193849511591521
    ],
    [
      2593,
      0.3239576029443448
    ],
    [
      2692,
      0.3268006030005195
    ],
    [
      2790,
      0.3335508359148195
    ],
    [
      2888,
      0.3404398585795133
    ],
    [
      2987,
      0.3412600123410384
    ],
    [
      3087,
      0.3438426875331154
    ],
    [
      3183,
      0.34828802615424426
    ],
    [
      3280,
      0.35449234390058326
    ],
    [
      3337,
      0.3546316025993162
    ],
    [
      3434,
      0.35823375274844715
    ],
    [
      3534,
      0.360204293496798
    ],
    [
      3628,
      0.3660357274109329
    ],
    [
      3726,
      0.3705625498923399
    ],
    [
      3820,
      0.3731547134262228
    ],
    [
      3916,
      0.3799756714049036
    ],
    [
      4014,
      0.3835601392263944
    ],
    [
      4112,
      0.38246902247410997
    ],
    [
      4201,
      0.3861750306442628
    ],
    [
      4294,
      0.39389909782516985
    ],
    [
      4390,
      0.39779365426233404
    ],
    [
      4439,
      0.40065698414403833
    ],
    [
      4538,
      0.40761870081004786
    ],
    [
      4638,
      0.41525164290807187
    ],
    [
      4736,
      0.4195316490086257
    ],
    [
      4833,
      0.41898459573154856
    ],
    [
      4933,
      0.4216817140998459
    ],
    [
      5030,
      0.42644211032196366
    ],
    [
      5129,
      0.42155588599047883
    ],
    [
      5226,
      0.4252592956607397
    ],
    [
      5325,
      0.4258748806606242
    ],
    [
      5423,
      0.42700799645876225
    ],
    [
      5520,
      0.4290002334151856
    ],
    [
      5620,
      0.42044047100563603
    ],
    [
      5717,
      0.41930743432114304
    ],
    [
      5816,
      0.4198130268208051
    ],
    [
      5911,
      0.42108309004425193
    ],
    [
      6009,
      0.42451450621690306
    ]
  ],
  "oracle_cache": {
    "hits": 1559,
    "calls_inner": 4691
  }
}