{
  "classifier": "sgd",
  "config": {
    "seed": 42,
    "pool_size": 50000,
    "val_size": 2000,
    "test_size": 2000,
    "budget": 15000,
    "batch_size": 100,
    "min_per_class": 2,
    "oracle": {
      "provider": "nvidia",
      "model": "nvidia/nemotron-3-ultra-550b-a55b",
      "mode": "json-prompt",
      "items_per_call": 50
    }
  },
  "seed": 42,
  "phase_boundaries": {
    "fase1": 148,
    "fase2": 4742,
    "fase3": 4742
  },
  "lce_macro_f1": 0.7306,
  "final_macro_f1": 0.6001,
  "n_labeled": 4742,
  "invalid_labels": 208,
  "oracle_calls": {
    "initial": 4950,
    "advanced": 0
  },
  "wall_seconds": 1454.4,
  "curve_test": [
    [
      148,
      0.10416243392575472
    ],
    [
      246,
      0.14735003104252786
    ],
    [
      346,
      0.16481606970086418
    ],
    [
      446,
      0.19543838798324378
    ],
    [
      544,
      0.19787788081811095
    ],
    [
      635,
      0.23183922242192387
    ],
    [
      728,
      0.24708399679512413
    ],
    [
      826,
      0.28006529480714254
    ],
    [
      924,
      0.2917606344652754
    ],
    [
      1017,
      0.3118058407088829
    ],
    [
      1111,
      0.32800110670139526
    ],
    [
      1208,
      0.3502688377703086
    ],
    [
      1298,
      0.3687947637250143
    ],
    [
      1397,
      0.373420026380262
    ],
    [
      1489,
      0.3817034471195252
    ],
    [
      1587,
      0.39380835240734186
    ],
    [
      1683,
      0.40665196983142604
    ],
    [
      1778,
      0.4116826709215539
    ],
    [
      1873,
      0.41403246769908914
    ],
    [
      1970,
      0.44798548244709613
    ],
    [
      2059,
      0.47917466771223954
    ],
    [
      2159,
      0.5024057904889094
    ],
    [
      2257,
      0.49963217792622217
    ],
    [
      2350,
      0.5067092633566099
    ],
    [
      2443,
      0.5258233394149282
    ],
    [
      2540,
      0.5264374016355572
    ],
    [
      2636,
      0.5323586496867243
    ],
    [
      2735,
      0.5449014431540221
    ],
    [
      2829,
      0.5371129176012541
    ],
    [
      2925,
      0.553944949644294
    ],
    [
      3024,
      0.5573170948442244
    ],
    [
      3122,
      0.5552899788983408
    ],
    [
      3219,
      0.5638323624174048
    ],
    [
      3315,
      0.5763226530841815
    ],
    [
      3414,
      0.5657738927863479
    ],
    [
      3513,
      0.5700327448511004
    ],
    [
      3609,
      0.5790393468811308
    ],
    [
      3704,
      0.5820325665337227
    ],
    [
      3801,
      0.5895894090814815
    ],
    [
      3898,
      0.584152068047416
    ],
    [
      3995,
      0.5866841517515456
    ],
    [
      4091,
      0.5956852530639045
    ],
    [
      4188,
      0.6001103985973073
    ],
    [
      4282,
      0.5918776208739643
    ],
    [
      4380,
      0.6033696046357204
    ],
    [
      4463,
      0.6015776554980443
    ],
    [
      4560,
      0.6080964416141067
    ],
    [
      4659,
      0.6051507347884646
    ],
    [
      4742,
      0.6001331246534621
    ]
  ],
  "curve_val": [
    [
      148,
      0.09651400635801544
    ],
    [
      246,
      0.14287486224972715
    ],
    [
      346,
      0.16086396806458303
    ],
    [
      446,
      0.1902577537656608
    ],
    [
      544,
      0.22013186295207401
    ],
    [
      635,
      0.24448907732703226
    ],
    [
      728,
      0.28304505506451433
    ],
    [
      826,
      0.2958491477668216
    ],
    [
      924,
      0.3133463303161209
    ],
    [
      1017,
      0.34489499606163554
    ],
    [
      1111,
      0.3532068230255854
    ],
    [
      1208,
      0.36358352606822547
    ],
    [
      1298,
      0.3854147663256677
    ],
    [
      1397,
      0.3886201734444609
    ],
    [
      1489,
      0.4063434295820608
    ],
    [
      1587,
      0.4175460266264994
    ],
    [
      1683,
      0.42389953769079497
    ],
    [
      1778,
      0.438478411671535
    ],
    [
      1873,
      0.442484387800859
    ],
    [
      1970,
      0.44562814903335785
    ],
    [
      2059,
      0.4657860486875078
    ],
    [
      2159,
      0.4751425620467779
    ],
    [
      2257,
      0.4807336272397365
    ],
    [
      2350,
      0.494221542761442
    ],
    [
      2443,
      0.4966856221213793
    ],
    [
      2540,
      0.5086533917434054
    ],
    [
      2636,
      0.5171004719724108
    ],
    [
      2735,
      0.5236104284762145
    ],
    [
      2829,
      0.5316832145489857
    ],
    [
      2925,
      0.5337935629214559
    ],
    [
      3024,
      0.5357261440007974
    ],
    [
      3122,
      0.5465935891060123
    ],
    [
      3219,
      0.548523018357746
    ],
    [
      3315,
      0.5537739715525621
    ],
    [
      3414,
      0.56217168431542
    ],
    [
      3513,
      0.5647907519729817
    ],
    [
      3609,
      0.5811609089656077
    ],
    [
      3704,
      0.5791176284040396
    ],
    [
      3801,
      0.5880441901455059
    ],
    [
      3898,
      0.5817538068674997
    ],
    [
      3995,
      0.589404982210575
    ],
    [
      4091,
      0.590507804982738
    ],
    [
      4188,
      0.586653410179504
    ],
    [
      4282,
      0.5937969089483123
    ],
    [
      4380,
      0.5881642787396855
    ],
    [
      4463,
      0.5867059382434031
    ],
    [
      4560,
      0.5900566031193271
    ],
    [
      4659,
      0.5926181458450684
    ],
    [
      4742,
      0.5930346779832243
    ]
  ],
  "oracle_cache": {
    "hits": 3313,
    "calls_inner": 1637
  }
}